2026-02-01 17:37:18,437 - Knowledge - INFO - Created shared MongoDB connection pool
2026-02-01 17:37:18,780 - Knowledge - INFO - Starting Knowledge Graph processing with 20 threads
2026-02-01 17:37:18,978 - Knowledge - INFO - Initial configuration: chunk_size=65536, max_cache_size=500
2026-02-01 17:37:19,218 - Knowledge - INFO - Knowledge Graph concurrency configuration: workers=20, max_batch_size=10, max_concurrent_llm_calls=50
2026-02-01 17:37:20,734 - Knowledge - INFO - 🔍 _load_persisted_knowledge called - checking for Redis optimization
2026-02-01 17:37:20,937 - Knowledge - WARNING - ❌ load_from_redis method not found - Redis support not attached
2026-02-01 17:37:21,111 - Knowledge - INFO - load persisted knowledge: begin
2026-02-01 17:37:21,286 - Knowledge - INFO - Loaded 0 files from persisted knowledge
2026-02-01 17:37:21,472 - Knowledge - INFO - load persisted knowledge: end
2026-02-01 17:37:21,652 - Knowledge - WARNING - No persisted knowledge found. Files will be queued during start()
2026-02-01 17:37:21,853 - Knowledge - INFO - Redis support added with prefix knowledge:b3143s4:
2026-02-01 17:37:24,429 - Knowledge - INFO - Starting knowledge initialization for ID: 8uWWpd-b3143s4
2026-02-01 17:37:24,621 - Knowledge - INFO - 🔍 Checking Redis for build_id: b3143s4
2026-02-01 17:37:24,844 - Knowledge - INFO - 🔍 Full session ID: 8uWWpd-b3143s4
2026-02-01 17:37:25,017 - Knowledge - INFO - 🔍 Redis prefix will be: knowledge:b3143s4:
2026-02-01 17:37:25,188 - Knowledge - INFO - 🔍 Using attached load_from_redis() method
2026-02-01 17:37:25,352 - Knowledge - INFO - 🔍 Attempting to load knowledge from Redis...
2026-02-01 17:37:25,516 - Knowledge - INFO - 🔍 Using derived instance_id for Redis lookup: b3143s4
2026-02-01 17:37:25,744 - Knowledge - WARNING - ❌ No Redis cache found
2026-02-01 17:37:25,947 - Knowledge - INFO - 📁 Loading knowledge from disk...
2026-02-01 17:37:26,187 - Knowledge - INFO - load persisted docinfo: begin
2026-02-01 17:37:26,383 - Knowledge - INFO - load persisted docinfo: end
2026-02-01 17:37:26,565 - Knowledge - INFO - 🔍 _load_persisted_knowledge called - checking for Redis optimization
2026-02-01 17:37:26,736 - Knowledge - INFO - ✅ load_from_redis method found - attempting Redis load
2026-02-01 17:37:26,948 - Knowledge - INFO - 🔍 Attempting to load knowledge from Redis...
2026-02-01 17:37:27,134 - Knowledge - INFO - 🔍 Using derived instance_id for Redis lookup: b3143s4
2026-02-01 17:37:27,314 - Knowledge - WARNING - ❌ No Redis cache found
2026-02-01 17:37:27,534 - Knowledge - INFO - ❌ Redis load returned False - falling back to file loading
2026-02-01 17:37:27,737 - Knowledge - INFO - load persisted knowledge: begin
2026-02-01 17:37:27,944 - Knowledge - INFO - Loaded 0 files from persisted knowledge
2026-02-01 17:37:28,112 - Knowledge - INFO - load persisted knowledge: end
2026-02-01 17:37:28,271 - Knowledge - INFO - 📁 Disk load complete in 2.12s
2026-02-01 17:37:28,470 - Knowledge - INFO - Populating ingest queue with source files...
2026-02-01 17:37:30,611 - Knowledge - INFO - Added 484 files from /app/data/T0015/313236/b3143s4/Android-OSS to ingest queue
2026-02-01 17:37:30,777 - Knowledge - INFO - [WEBSOCKET] Sent: Type=progress_update, Size: 160, Duration: 0ms
2026-02-01 17:37:30,932 - Knowledge - INFO - Worker kw1 created using shared MongoDB connection pool
2026-02-01 17:37:31,100 - Knowledge - INFO - knowledge worker kw1 start
2026-02-01 17:37:31,100 - Knowledge - INFO - Worker kw2 created using shared MongoDB connection pool
2026-02-01 17:37:31,272 - Knowledge - INFO - [kw1] Queue=484, InProgress=0, PendingWorkers=0/1, Completed=0/484 (0.0%)
2026-02-01 17:37:31,378 - Knowledge - INFO - knowledge worker kw2 start
2026-02-01 17:37:31,378 - Knowledge - INFO - Worker kw3 created using shared MongoDB connection pool
2026-02-01 17:37:31,463 - Knowledge - INFO - Batch sizing: calculated=6, max_allowed=10, queue=484, active_workers=0/2
2026-02-01 17:37:31,618 - Knowledge - INFO - [kw2] Queue=484, InProgress=0, PendingWorkers=0/2, Completed=0/484 (0.0%)
2026-02-01 17:37:31,755 - Knowledge - INFO - knowledge worker kw3 start
2026-02-01 17:37:31,755 - Knowledge - INFO - Worker kw4 created using shared MongoDB connection pool
2026-02-01 17:37:31,830 - Knowledge - INFO - Worker kw1 processing /app/data/T0015/313236/b3143s4/Android-OSS/feature/foryou/impl/src/test/kotlin/com/google/samples/apps/nowinandroid/feature/foryou/impl/ForYouScreenScreenshotTests.kt
2026-02-01 17:37:31,952 - Knowledge - INFO - Batch sizing: calculated=6, max_allowed=10, queue=484, active_workers=1/3
2026-02-01 17:37:32,034 - Knowledge - INFO - [kw3] Queue=478, InProgress=0, PendingWorkers=1/3, Completed=0/484 (0.0%)
2026-02-01 17:37:32,105 - Knowledge - INFO - knowledge worker kw4 start
2026-02-01 17:37:32,106 - Knowledge - INFO - Worker kw5 created using shared MongoDB connection pool
2026-02-01 17:37:32,244 - Knowledge - INFO - Fast-tracked /app/data/T0015/313236/b3143s4/Android-OSS/feature/foryou/impl/src/test/kotlin/com/google/samples/apps/nowinandroid/feature/foryou/impl/ForYouScreenScreenshotTests.kt (ext=.kt, size=8008)
2026-02-01 17:37:32,345 - Knowledge - INFO - Worker kw2 processing /app/data/T0015/313236/b3143s4/Android-OSS/feature/foryou/impl/src/main/kotlin/com/google/samples/apps/nowinandroid/feature/foryou/impl/OnboardingUiState.kt
2026-02-01 17:37:32,434 - Knowledge - INFO - Batch sizing: calculated=6, max_allowed=10, queue=478, active_workers=2/4
2026-02-01 17:37:32,530 - Knowledge - INFO - [kw4] Queue=472, InProgress=0, PendingWorkers=2/4, Completed=0/484 (0.0%)
2026-02-01 17:37:32,626 - Knowledge - INFO - Worker kw6 created using shared MongoDB connection pool
2026-02-01 17:37:32,626 - Knowledge - INFO - knowledge worker kw5 start
2026-02-01 17:37:32,702 - Knowledge - INFO - Worker kw1 processing /app/data/T0015/313236/b3143s4/Android-OSS/feature/foryou/impl/src/test/kotlin/com/google/samples/apps/nowinandroid/feature/foryou/impl/ForYouViewModelTest.kt
2026-02-01 17:37:32,774 - Knowledge - INFO - Fast-tracked /app/data/T0015/313236/b3143s4/Android-OSS/feature/foryou/impl/src/main/kotlin/com/google/samples/apps/nowinandroid/feature/foryou/impl/OnboardingUiState.kt (ext=.kt, size=1528)
2026-02-01 17:37:32,900 - Knowledge - INFO - Worker kw3 processing /app/data/T0015/313236/b3143s4/Android-OSS/feature/foryou/api/src/main/AndroidManifest.xml
2026-02-01 17:37:32,990 - Knowledge - INFO - Batch sizing: calculated=6, max_allowed=10, queue=472, active_workers=3/5
2026-02-01 17:37:33,083 - Knowledge - INFO - knowledge worker kw6 start
2026-02-01 17:37:33,084 - Knowledge - INFO - Worker kw7 created using shared MongoDB connection pool
2026-02-01 17:37:33,176 - Knowledge - INFO - [kw5] Queue=466, InProgress=0, PendingWorkers=3/6, Completed=0/484 (0.0%)
2026-02-01 17:37:33,287 - Knowledge - INFO - Fast-tracked /app/data/T0015/313236/b3143s4/Android-OSS/feature/foryou/impl/src/test/kotlin/com/google/samples/apps/nowinandroid/feature/foryou/impl/ForYouViewModelTest.kt (ext=.kt, size=21479)
2026-02-01 17:37:33,382 - Knowledge - INFO - Worker kw2 processing /app/data/T0015/313236/b3143s4/Android-OSS/feature/foryou/impl/build.gradle.kts
2026-02-01 17:37:33,467 - Knowledge - INFO - Fast-tracked /app/data/T0015/313236/b3143s4/Android-OSS/feature/foryou/api/src/main/AndroidManifest.xml (ext=.xml, size=684)
2026-02-01 17:37:33,581 - Knowledge - INFO - Worker kw4 processing /app/data/T0015/313236/b3143s4/Android-OSS/feature/search/impl/src/main/kotlin/com/google/samples/apps/nowinandroid/feature/search/impl/SearchUiStatePreviewParameterProvider.kt
2026-02-01 17:37:33,703 - Knowledge - INFO - [kw6] Queue=460, InProgress=0, PendingWorkers=4/6, Completed=0/484 (0.0%)
2026-02-01 17:37:33,802 - Knowledge - INFO - knowledge worker kw7 start
2026-02-01 17:37:33,802 - Knowledge - INFO - Worker kw8 created using shared MongoDB connection pool
2026-02-01 17:37:33,886 - Knowledge - INFO - Batch sizing: calculated=6, max_allowed=10, queue=466, active_workers=4/7
2026-02-01 17:37:33,990 - Knowledge - INFO - Worker kw1 processing /app/data/T0015/313236/b3143s4/Android-OSS/feature/foryou/impl/src/androidTest/kotlin/com/google/samples/apps/nowinandroid/feature/foryou/impl/ForYouScreenTest.kt
2026-02-01 17:37:34,069 - Knowledge - INFO - Fast-tracked /app/data/T0015/313236/b3143s4/Android-OSS/feature/foryou/impl/build.gradle.kts (ext=.kts, size=1552)
2026-02-01 17:37:34,155 - Knowledge - INFO - Worker kw3 processing /app/data/T0015/313236/b3143s4/Android-OSS/feature/foryou/api/build.gradle.kts
2026-02-01 17:37:34,231 - Knowledge - INFO - Fast-tracked /app/data/T0015/313236/b3143s4/Android-OSS/feature/search/impl/src/main/kotlin/com/google/samples/apps/nowinandroid/feature/search/impl/SearchUiStatePreviewParameterProvider.kt (ext=.kt, size=1667)
2026-02-01 17:37:34,359 - Knowledge - INFO - Batch sizing: calculated=6, max_allowed=10, queue=460, active_workers=4/7
2026-02-01 17:37:34,455 - Knowledge - INFO - [kw7] Queue=460, InProgress=0, PendingWorkers=4/7, Completed=0/484 (0.0%)
2026-02-01 17:37:34,533 - Knowledge - INFO - knowledge worker kw8 start
2026-02-01 17:37:34,534 - Knowledge - INFO - Worker kw9 created using shared MongoDB connection pool
2026-02-01 17:37:34,634 - Knowledge - INFO - Worker kw5 processing /app/data/T0015/313236/b3143s4/Android-OSS/feature/search/impl/README.md
2026-02-01 17:37:34,715 - Knowledge - INFO - Worker kw1 processing /app/data/T0015/313236/b3143s4/Android-OSS/feature/foryou/impl/src/main/kotlin/com/google/samples/apps/nowinandroid/feature/foryou/impl/navigation/ForYouEntryProvider.kt
2026-02-01 17:37:34,787 - Knowledge - INFO - Worker kw2 processing /app/data/T0015/313236/b3143s4/Android-OSS/feature/foryou/impl/README.md
2026-02-01 17:37:34,879 - Knowledge - INFO - Fast-tracked /app/data/T0015/313236/b3143s4/Android-OSS/feature/foryou/api/build.gradle.kts (ext=.kts, size=825)
2026-02-01 17:37:34,960 - Knowledge - INFO - Worker kw4 processing /app/data/T0015/313236/b3143s4/Android-OSS/feature/search/impl/src/main/kotlin/com/google/samples/apps/nowinandroid/feature/search/impl/RecentSearchQueriesUiState.kt
2026-02-01 17:37:35,039 - Knowledge - INFO - Worker kw6 processing /app/data/T0015/313236/b3143s4/Android-OSS/feature/settings/impl/src/test/kotlin/com/google/samples/apps/nowinandroid/feature/settings/impl/SettingsViewModelTest.kt
2026-02-01 17:37:35,138 - Knowledge - INFO - Batch sizing: calculated=6, max_allowed=10, queue=460, active_workers=6/8
2026-02-01 17:37:35,221 - Knowledge - INFO - [kw8] Queue=448, InProgress=0, PendingWorkers=6/8, Completed=0/484 (0.0%)
2026-02-01 17:37:35,315 - Knowledge - INFO - knowledge worker kw9 start
2026-02-01 17:37:35,315 - Knowledge - INFO - Worker kw10 created using shared MongoDB connection pool
2026-02-01 17:37:35,403 - Knowledge - INFO - Fast-tracked /app/data/T0015/313236/b3143s4/Android-OSS/feature/search/impl/README.md (ext=.md, size=3612)
2026-02-01 17:37:35,482 - Knowledge - INFO - Fast-tracked /app/data/T0015/313236/b3143s4/Android-OSS/feature/foryou/impl/src/main/kotlin/com/google/samples/apps/nowinandroid/feature/foryou/impl/navigation/ForYouEntryProvider.kt (ext=.kt, size=1304)
2026-02-01 17:37:35,597 - Knowledge - INFO - Fast-tracked /app/data/T0015/313236/b3143s4/Android-OSS/feature/foryou/impl/README.md (ext=.md, size=3412)
2026-02-01 17:37:35,692 - Knowledge - INFO - Worker kw3 processing /app/data/T0015/313236/b3143s4/Android-OSS/feature/foryou/api/README.md
2026-02-01 17:37:35,775 - Knowledge - INFO - Fast-tracked /app/data/T0015/313236/b3143s4/Android-OSS/feature/search/impl/src/main/kotlin/com/google/samples/apps/nowinandroid/feature/search/impl/RecentSearchQueriesUiState.kt (ext=.kt, size=989)
2026-02-01 17:37:35,888 - Knowledge - INFO - Fast-tracked /app/data/T0015/313236/b3143s4/Android-OSS/feature/settings/impl/src/test/kotlin/com/google/samples/apps/nowinandroid/feature/settings/impl/SettingsViewModelTest.kt (ext=.kt, size=2473)
2026-02-01 17:37:35,973 - Knowledge - INFO - Worker kw7 processing /app/data/T0015/313236/b3143s4/Android-OSS/feature/settings/impl/build.gradle.kts
2026-02-01 17:37:36,050 - Knowledge - INFO - Batch sizing: calculated=6, max_allowed=10, queue=448, active_workers=7/9
2026-02-01 17:37:36,135 - Knowledge - INFO - [kw9] Queue=442, InProgress=0, PendingWorkers=7/9, Completed=0/484 (0.0%)
2026-02-01 17:37:36,217 - Knowledge - INFO - knowledge worker kw10 start
2026-02-01 17:37:36,217 - Knowledge - INFO - Worker kw11 created using shared MongoDB connection pool
2026-02-01 17:37:36,297 - Knowledge - INFO - Worker kw5 processing /app/data/T0015/313236/b3143s4/Android-OSS/feature/search/api/src/main/res/values/strings.xml
2026-02-01 17:37:36,411 - Knowledge - INFO - Worker kw1 processing /app/data/T0015/313236/b3143s4/Android-OSS/feature/foryou/impl/src/main/kotlin/com/google/samples/apps/nowinandroid/feature/foryou/impl/ForYouScreen.kt
2026-02-01 17:37:36,488 - Knowledge - INFO - Worker kw2 processing /app/data/T0015/313236/b3143s4/Android-OSS/feature/foryou/api/src/main/res/values/strings.xml
2026-02-01 17:37:36,609 - Knowledge - INFO - Fast-tracked /app/data/T0015/313236/b3143s4/Android-OSS/feature/foryou/api/README.md (ext=.md, size=1674)
2026-02-01 17:37:36,692 - Knowledge - INFO - Worker kw4 processing /app/data/T0015/313236/b3143s4/Android-OSS/feature/search/impl/src/main/kotlin/com/google/samples/apps/nowinandroid/feature/search/impl/SearchResultUiState.kt
2026-02-01 17:37:36,792 - Knowledge - INFO - Worker kw6 processing /app/data/T0015/313236/b3143s4/Android-OSS/feature/settings/impl/src/androidTest/kotlin/com/google/samples/apps/nowinandroid/feature/settings/impl/SettingsDialogTest.kt
2026-02-01 17:37:36,875 - Knowledge - INFO - Fast-tracked /app/data/T0015/313236/b3143s4/Android-OSS/feature/settings/impl/build.gradle.kts (ext=.kts, size=1161)
2026-02-01 17:37:36,961 - Knowledge - INFO - Worker kw8 processing /app/data/T0015/313236/b3143s4/Android-OSS/feature/interests/impl/src/main/kotlin/com/google/samples/apps/nowinandroid/feature/interests/impl/InterestsDetailPlaceholder.kt
2026-02-01 17:37:37,037 - Knowledge - INFO - Batch sizing: calculated=6, max_allowed=10, queue=442, active_workers=8/10
2026-02-01 17:37:37,115 - Knowledge - INFO - [kw10] Queue=436, InProgress=0, PendingWorkers=8/10, Completed=0/484 (0.0%)
2026-02-01 17:37:37,209 - Knowledge - INFO - knowledge worker kw11 start
2026-02-01 17:37:37,210 - Knowledge - INFO - Worker kw12 created using shared MongoDB connection pool
2026-02-01 17:37:37,289 - Knowledge - INFO - Fast-tracked /app/data/T0015/313236/b3143s4/Android-OSS/feature/search/api/src/main/res/values/strings.xml (ext=.xml, size=1650)
2026-02-01 17:37:37,370 - Knowledge - INFO - Worker kw1 processing /app/data/T0015/313236/b3143s4/Android-OSS/feature/foryou/impl/src/main/kotlin/com/google/samples/apps/nowinandroid/feature/foryou/impl/ForYouViewModel.kt
2026-02-01 17:37:37,481 - Knowledge - INFO - Fast-tracked /app/data/T0015/313236/b3143s4/Android-OSS/feature/foryou/api/src/main/res/values/strings.xml (ext=.xml, size=1220)
2026-02-01 17:37:37,561 - Knowledge - INFO - Worker kw3 processing /app/data/T0015/313236/b3143s4/Android-OSS/feature/search/impl/src/test/kotlin/com/google/samples/apps/nowinandroid/feature/search/impl/SearchViewModelTest.kt
2026-02-01 17:37:37,643 - Knowledge - INFO - Fast-tracked /app/data/T0015/313236/b3143s4/Android-OSS/feature/search/impl/src/main/kotlin/com/google/samples/apps/nowinandroid/feature/search/impl/SearchResultUiState.kt (ext=.kt, size=1729)
2026-02-01 17:37:37,747 - Knowledge - INFO - Worker kw6 processing /app/data/T0015/313236/b3143s4/Android-OSS/feature/settings/impl/src/main/res/values/strings.xml
2026-02-01 17:37:37,834 - Knowledge - INFO - Worker kw7 processing /app/data/T0015/313236/b3143s4/Android-OSS/feature/settings/impl/README.md
2026-02-01 17:37:37,918 - Knowledge - INFO - Worker kw8 processing /app/data/T0015/313236/b3143s4/Android-OSS/feature/interests/impl/src/main/kotlin/com/google/samples/apps/nowinandroid/feature/interests/impl/InterestsViewModel.kt
2026-02-01 17:37:37,996 - Knowledge - INFO - Worker kw9 processing /app/data/T0015/313236/b3143s4/Android-OSS/feature/interests/api/src/main/res/values/strings.xml
2026-02-01 17:37:38,098 - Knowledge - INFO - Batch sizing: calculated=6, max_allowed=10, queue=436, active_workers=9/11
2026-02-01 17:37:38,208 - Knowledge - INFO - [kw11] Queue=430, InProgress=0, PendingWorkers=9/11, Completed=0/484 (0.0%)
2026-02-01 17:37:38,334 - Knowledge - INFO - knowledge worker kw12 start
2026-02-01 17:37:38,335 - Knowledge - INFO - Worker kw13 created using shared MongoDB connection pool
2026-02-01 17:37:38,434 - Knowledge - INFO - Worker kw5 processing /app/data/T0015/313236/b3143s4/Android-OSS/feature/search/api/src/main/kotlin/com/google/samples/apps/nowinandroid/feature/search/api/navigation/SearchNavKey.kt
2026-02-01 17:37:38,648 - Knowledge - INFO - Worker kw2 processing /app/data/T0015/313236/b3143s4/Android-OSS/feature/foryou/api/src/main/res/drawable/feature_foryou_api_ic_icon_placeholder.xml
2026-02-01 17:37:38,726 - Knowledge - INFO - Fast-tracked /app/data/T0015/313236/b3143s4/Android-OSS/feature/search/impl/src/test/kotlin/com/google/samples/apps/nowinandroid/feature/search/impl/SearchViewModelTest.kt (ext=.kt, size=7178)
2026-02-01 17:37:38,804 - Knowledge - INFO - Worker kw4 processing /app/data/T0015/313236/b3143s4/Android-OSS/feature/search/impl/src/main/kotlin/com/google/samples/apps/nowinandroid/feature/search/impl/SearchScreen.kt
2026-02-01 17:37:38,896 - Knowledge - INFO - Fast-tracked /app/data/T0015/313236/b3143s4/Android-OSS/feature/settings/impl/src/main/res/values/strings.xml (ext=.xml, size=2188)
2026-02-01 17:37:38,993 - Knowledge - INFO - Fast-tracked /app/data/T0015/313236/b3143s4/Android-OSS/feature/settings/impl/README.md (ext=.md, size=2806)
2026-02-01 17:37:39,084 - Knowledge - INFO - Worker kw8 processing /app/data/T0015/313236/b3143s4/Android-OSS/feature/interests/impl/src/main/kotlin/com/google/samples/apps/nowinandroid/feature/interests/impl/InterestsScreen.kt
2026-02-01 17:37:39,158 - Knowledge - INFO - Fast-tracked /app/data/T0015/313236/b3143s4/Android-OSS/feature/interests/api/src/main/res/values/strings.xml (ext=.xml, size=1004)
2026-02-01 17:37:39,233 - Knowledge - INFO - Worker kw10 processing /app/data/T0015/313236/b3143s4/Android-OSS/feature/bookmarks/impl/src/test/kotlin/com/google/samples/apps/nowinandroid/feature/bookmarks/impl/BookmarksViewModelTest.kt
2026-02-01 17:37:39,324 - Knowledge - INFO - Batch sizing: calculated=6, max_allowed=10, queue=430, active_workers=10/12
2026-02-01 17:37:39,445 - Knowledge - INFO - [kw12] Queue=424, InProgress=0, PendingWorkers=10/12, Completed=0/484 (0.0%)
2026-02-01 17:37:39,525 - Knowledge - INFO - knowledge worker kw13 start
2026-02-01 17:37:39,526 - Knowledge - INFO - Worker kw14 created using shared MongoDB connection pool
2026-02-01 17:37:39,649 - Knowledge - INFO - Fast-tracked /app/data/T0015/313236/b3143s4/Android-OSS/feature/search/api/src/main/kotlin/com/google/samples/apps/nowinandroid/feature/search/api/navigation/SearchNavKey.kt (ext=.kt, size=822)
2026-02-01 17:37:39,726 - Knowledge - INFO - Fast-tracked /app/data/T0015/313236/b3143s4/Android-OSS/feature/foryou/api/src/main/res/drawable/feature_foryou_api_ic_icon_placeholder.xml (ext=.xml, size=1301)
2026-02-01 17:37:39,850 - Knowledge - INFO - Worker kw3 processing /app/data/T0015/313236/b3143s4/Android-OSS/feature/search/impl/src/androidTest/kotlin/com/google/samples/apps/nowinandroid/feature/search/impl/SearchScreenTest.kt
2026-02-01 17:37:39,946 - Knowledge - INFO - Worker kw4 processing /app/data/T0015/313236/b3143s4/Android-OSS/feature/search/impl/src/main/kotlin/com/google/samples/apps/nowinandroid/feature/search/impl/SearchViewModel.kt
2026-02-01 17:37:40,031 - Knowledge - INFO - Worker kw6 processing /app/data/T0015/313236/b3143s4/Android-OSS/feature/settings/impl/src/main/kotlin/com/google/samples/apps/nowinandroid/feature/settings/impl/SettingsViewModel.kt
2026-02-01 17:37:40,106 - Knowledge - INFO - Worker kw7 processing /app/data/T0015/313236/b3143s4/Android-OSS/feature/interests/impl/src/test/kotlin/com/google/samples/apps/nowinandroid/interests/impl/InterestsViewModelTest.kt
2026-02-01 17:37:40,192 - Knowledge - INFO - Worker kw8 processing /app/data/T0015/313236/b3143s4/Android-OSS/feature/interests/impl/src/main/kotlin/com/google/samples/apps/nowinandroid/feature/interests/impl/TabContent.kt
2026-02-01 17:37:40,297 - Knowledge - INFO - Worker kw9 processing /app/data/T0015/313236/b3143s4/Android-OSS/feature/interests/api/src/main/res/drawable/feature_interests_api_ic_detail_placeholder.xml
2026-02-01 17:37:40,414 - Knowledge - INFO - Fast-tracked /app/data/T0015/313236/b3143s4/Android-OSS/feature/bookmarks/impl/src/test/kotlin/com/google/samples/apps/nowinandroid/feature/bookmarks/impl/BookmarksViewModelTest.kt (ext=.kt, size=5494)
2026-02-01 17:37:40,492 - Knowledge - INFO - Worker kw11 processing /app/data/T0015/313236/b3143s4/Android-OSS/feature/bookmarks/impl/build.gradle.kts
2026-02-01 17:37:40,576 - Knowledge - INFO - Batch sizing: calculated=6, max_allowed=10, queue=424, active_workers=11/13
2026-02-01 17:37:40,668 - Knowledge - INFO - [kw13] Queue=418, InProgress=0, PendingWorkers=11/13, Completed=0/484 (0.0%)
2026-02-01 17:37:40,744 - Knowledge - INFO - knowledge worker kw14 start
2026-02-01 17:37:40,744 - Knowledge - INFO - Worker kw15 created using shared MongoDB connection pool
2026-02-01 17:37:40,865 - Knowledge - INFO - Worker kw5 processing /app/data/T0015/313236/b3143s4/Android-OSS/feature/search/api/src/main/AndroidManifest.xml
2026-02-01 17:37:40,955 - Knowledge - INFO - Worker kw2 processing /app/data/T0015/313236/b3143s4/Android-OSS/feature/foryou/api/src/main/kotlin/com/google/samples/apps/nowinandroid/feature/foryou/api/navigation/ForYouNavKey.kt
2026-02-01 17:37:41,124 - Knowledge - INFO - Worker kw3 processing /app/data/T0015/313236/b3143s4/Android-OSS/feature/search/impl/src/main/kotlin/com/google/samples/apps/nowinandroid/feature/search/impl/navigation/SearchEntryProvider.kt
2026-02-01 17:37:41,214 - Knowledge - INFO - Worker kw4 processing /app/data/T0015/313236/b3143s4/Android-OSS/feature/search/impl/build.gradle.kts
2026-02-01 17:37:41,505 - Knowledge - INFO - Worker kw6 processing /app/data/T0015/313236/b3143s4/Android-OSS/feature/settings/impl/src/main/kotlin/com/google/samples/apps/nowinandroid/feature/settings/impl/SettingsDialog.kt
2026-02-01 17:37:41,591 - Knowledge - INFO - Fast-tracked /app/data/T0015/313236/b3143s4/Android-OSS/feature/interests/impl/src/test/kotlin/com/google/samples/apps/nowinandroid/interests/impl/InterestsViewModelTest.kt (ext=.kt, size=7936)
2026-02-01 17:37:41,671 - Knowledge - INFO - Worker kw8 processing /app/data/T0015/313236/b3143s4/Android-OSS/feature/interests/impl/build.gradle.kts
2026-02-01 17:37:41,788 - Knowledge - INFO - Fast-tracked /app/data/T0015/313236/b3143s4/Android-OSS/feature/interests/api/src/main/res/drawable/feature_interests_api_ic_detail_placeholder.xml (ext=.xml, size=2618)
2026-02-01 17:37:41,866 - Knowledge - INFO - Worker kw10 processing /app/data/T0015/313236/b3143s4/Android-OSS/feature/bookmarks/impl/src/androidTest/kotlin/com/google/samples/apps/nowinandroid/feature/bookmarks/impl/BookmarksScreenTest.kt
2026-02-01 17:37:41,989 - Knowledge - INFO - Fast-tracked /app/data/T0015/313236/b3143s4/Android-OSS/feature/bookmarks/impl/build.gradle.kts (ext=.kts, size=1164)
2026-02-01 17:37:42,075 - Knowledge - INFO - Worker kw12 processing /app/data/T0015/313236/b3143s4/Android-OSS/feature/bookmarks/api/README.md
2026-02-01 17:37:42,167 - Knowledge - INFO - Batch sizing: calculated=6, max_allowed=10, queue=418, active_workers=12/14
2026-02-01 17:37:42,485 - Knowledge - INFO - [kw14] Queue=412, InProgress=0, PendingWorkers=12/14, Completed=0/484 (0.0%)
2026-02-01 17:37:42,594 - Knowledge - INFO - knowledge worker kw15 start
2026-02-01 17:37:42,595 - Knowledge - INFO - Worker kw16 created using shared MongoDB connection pool
2026-02-01 17:37:42,674 - Knowledge - INFO - Fast-tracked /app/data/T0015/313236/b3143s4/Android-OSS/feature/search/api/src/main/AndroidManifest.xml (ext=.xml, size=684)
2026-02-01 17:37:42,789 - Knowledge - INFO - Fast-tracked /app/data/T0015/313236/b3143s4/Android-OSS/feature/foryou/api/src/main/kotlin/com/google/samples/apps/nowinandroid/feature/foryou/api/navigation/ForYouNavKey.kt (ext=.kt, size=822)
2026-02-01 17:37:42,858 - Knowledge - INFO - Fast-tracked /app/data/T0015/313236/b3143s4/Android-OSS/feature/search/impl/src/main/kotlin/com/google/samples/apps/nowinandroid/feature/search/impl/navigation/SearchEntryProvider.kt (ext=.kt, size=1521)
2026-02-01 17:37:42,965 - Knowledge - INFO - Fast-tracked /app/data/T0015/313236/b3143s4/Android-OSS/feature/search/impl/build.gradle.kts (ext=.kts, size=1271)
2026-02-01 17:37:43,094 - Knowledge - INFO - Worker kw6 processing /app/data/T0015/313236/b3143s4/Android-OSS/feature/settings/impl/src/main/AndroidManifest.xml
2026-02-01 17:37:43,188 - Knowledge - INFO - Worker kw7 processing /app/data/T0015/313236/b3143s4/Android-OSS/feature/interests/impl/src/test/kotlin/com/google/samples/apps/nowinandroid/interests/impl/InterestsListDetailScreenTest.kt
2026-02-01 17:37:43,293 - Knowledge - INFO - Worker kw8 processing /app/data/T0015/313236/b3143s4/Android-OSS/feature/interests/impl/README.md
2026-02-01 17:37:43,405 - Knowledge - INFO - Worker kw9 processing /app/data/T0015/313236/b3143s4/Android-OSS/feature/interests/api/src/main/kotlin/com/google/samples/apps/nowinandroid/feature/interests/api/navigation/InterestsNavKey.kt
2026-02-01 17:37:43,503 - Knowledge - INFO - Worker kw10 processing /app/data/T0015/313236/b3143s4/Android-OSS/feature/bookmarks/impl/src/main/kotlin/com/google/samples/apps/nowinandroid/feature/bookmarks/impl/navigation/BookmarksEntryProvider.kt
2026-02-01 17:37:43,605 - Knowledge - INFO - Worker kw11 processing /app/data/T0015/313236/b3143s4/Android-OSS/feature/bookmarks/impl/README.md
2026-02-01 17:37:43,701 - Knowledge - INFO - Fast-tracked /app/data/T0015/313236/b3143s4/Android-OSS/feature/bookmarks/api/README.md (ext=.md, size=1686)
2026-02-01 17:37:43,785 - Knowledge - INFO - Worker kw13 processing /app/data/T0015/313236/b3143s4/Android-OSS/feature/topic/impl/build.gradle.kts
2026-02-01 17:37:43,889 - Knowledge - INFO - Batch sizing: calculated=6, max_allowed=10, queue=412, active_workers=13/15
2026-02-01 17:37:43,999 - Knowledge - INFO - [kw15] Queue=406, InProgress=0, PendingWorkers=13/15, Completed=0/484 (0.0%)
2026-02-01 17:37:44,072 - Knowledge - INFO - knowledge worker kw16 start
2026-02-01 17:37:44,072 - Knowledge - INFO - Worker kw17 created using shared MongoDB connection pool
2026-02-01 17:37:44,164 - Knowledge - INFO - Worker kw5 processing /app/data/T0015/313236/b3143s4/Android-OSS/feature/search/api/build.gradle.kts
2026-02-01 17:37:44,245 - Knowledge - INFO - Processing batch of 6 files
2026-02-01 17:37:44,585 - Knowledge - INFO - Fast-tracked /app/data/T0015/313236/b3143s4/Android-OSS/feature/settings/impl/src/main/AndroidManifest.xml (ext=.xml, size=1105)
2026-02-01 17:37:44,669 - Knowledge - INFO - Fast-tracked /app/data/T0015/313236/b3143s4/Android-OSS/feature/interests/impl/src/test/kotlin/com/google/samples/apps/nowinandroid/interests/impl/InterestsListDetailScreenTest.kt (ext=.kt, size=7430)
2026-02-01 17:37:44,743 - Knowledge - INFO - Fast-tracked /app/data/T0015/313236/b3143s4/Android-OSS/feature/interests/impl/README.md (ext=.md, size=139)
2026-02-01 17:37:44,888 - Knowledge - INFO - Fast-tracked /app/data/T0015/313236/b3143s4/Android-OSS/feature/interests/api/src/main/kotlin/com/google/samples/apps/nowinandroid/feature/interests/api/navigation/InterestsNavKey.kt (ext=.kt, size=955)
2026-02-01 17:37:44,962 - Knowledge - INFO - Worker kw10 processing /app/data/T0015/313236/b3143s4/Android-OSS/feature/bookmarks/impl/src/main/kotlin/com/google/samples/apps/nowinandroid/feature/bookmarks/impl/BookmarksViewModel.kt
2026-02-01 17:37:45,095 - Knowledge - INFO - Fast-tracked /app/data/T0015/313236/b3143s4/Android-OSS/feature/bookmarks/impl/README.md (ext=.md, size=3291)
2026-02-01 17:37:45,164 - Knowledge - INFO - Worker kw12 processing /app/data/T0015/313236/b3143s4/Android-OSS/feature/topic/impl/src/test/kotlin/com/google/samples/apps/nowinandroid/feature/topic/impl/TopicViewModelTest.kt
2026-02-01 17:37:45,249 - Knowledge - INFO - Fast-tracked /app/data/T0015/313236/b3143s4/Android-OSS/feature/topic/impl/build.gradle.kts (ext=.kts, size=1284)
2026-02-01 17:37:45,389 - Knowledge - INFO - Worker kw14 processing /app/data/T0015/313236/b3143s4/Android-OSS/feature/topic/api/README.md
2026-02-01 17:37:45,477 - Knowledge - INFO - Batch sizing: calculated=6, max_allowed=10, queue=406, active_workers=14/16
2026-02-01 17:37:45,565 - Knowledge - INFO - [kw16] Queue=400, InProgress=0, PendingWorkers=14/16, Completed=6/484 (1.2%)
2026-02-01 17:37:45,630 - Knowledge - INFO - knowledge worker kw17 start
2026-02-01 17:37:45,631 - Knowledge - INFO - Worker kw18 created using shared MongoDB connection pool
2026-02-01 17:37:45,760 - Knowledge - INFO - Fast-tracked /app/data/T0015/313236/b3143s4/Android-OSS/feature/search/api/build.gradle.kts (ext=.kts, size=832)
2026-02-01 17:37:45,879 - Knowledge - INFO - process ingested knowledge for /app/data/T0015/313236/b3143s4/Android-OSS/feature/foryou/impl/src/main/kotlin/com/google/samples/apps/nowinandroid/feature/foryou/impl/OnboardingUiState.kt
2026-02-01 17:37:46,061 - Knowledge - INFO - Worker kw7 processing /app/data/T0015/313236/b3143s4/Android-OSS/feature/interests/impl/src/androidTest/kotlin/com/google/samples/apps/nowinandroid/feature/interests/impl/InterestsScreenTest.kt
2026-02-01 17:37:46,142 - Knowledge - INFO - Fast-tracked /app/data/T0015/313236/b3143s4/Android-OSS/feature/interests/impl/src/main/kotlin/com/google/samples/apps/nowinandroid/feature/interests/impl/InterestsDetailPlaceholder.kt (small file (2725 bytes))
2026-02-01 17:37:46,219 - Knowledge - INFO - Worker kw9 processing /app/data/T0015/313236/b3143s4/Android-OSS/feature/interests/api/src/main/AndroidManifest.xml
2026-02-01 17:37:46,305 - Knowledge - INFO - Worker kw10 processing /app/data/T0015/313236/b3143s4/Android-OSS/feature/bookmarks/impl/src/main/kotlin/com/google/samples/apps/nowinandroid/feature/bookmarks/impl/BookmarksScreen.kt
2026-02-01 17:37:46,425 - Knowledge - INFO - Worker kw11 processing /app/data/T0015/313236/b3143s4/Android-OSS/feature/bookmarks/api/src/main/res/values/strings.xml
2026-02-01 17:37:46,511 - Knowledge - INFO - Fast-tracked /app/data/T0015/313236/b3143s4/Android-OSS/feature/topic/impl/src/test/kotlin/com/google/samples/apps/nowinandroid/feature/topic/impl/TopicViewModelTest.kt (ext=.kt, size=9468)
2026-02-01 17:37:46,641 - Knowledge - INFO - Worker kw13 processing /app/data/T0015/313236/b3143s4/Android-OSS/feature/topic/impl/README.md
2026-02-01 17:37:46,765 - Knowledge - INFO - Fast-tracked /app/data/T0015/313236/b3143s4/Android-OSS/feature/topic/api/README.md (ext=.md, size=129)
2026-02-01 17:37:46,848 - Knowledge - INFO - Worker kw15 processing /app/data/T0015/313236/b3143s4/Android-OSS/app-nia-catalog/src/main/res/mipmap-anydpi-v26/ic_launcher_round.xml
2026-02-01 17:37:46,952 - Knowledge - INFO - Batch sizing: calculated=6, max_allowed=10, queue=400, active_workers=15/17
2026-02-01 17:37:47,089 - Knowledge - INFO - [kw17] Queue=394, InProgress=0, PendingWorkers=15/17, Completed=6/484 (1.2%)
2026-02-01 17:37:47,193 - Knowledge - INFO - knowledge worker kw18 start
2026-02-01 17:37:47,193 - Knowledge - INFO - Worker kw19 created using shared MongoDB connection pool
2026-02-01 17:37:47,267 - Knowledge - INFO - Worker kw5 processing /app/data/T0015/313236/b3143s4/Android-OSS/feature/search/api/README.md
2026-02-01 17:37:47,391 - Knowledge - INFO - process ingested knowledge for /app/data/T0015/313236/b3143s4/Android-OSS/feature/foryou/impl/build.gradle.kts
2026-02-01 17:37:47,506 - Knowledge - INFO - Worker kw7 processing /app/data/T0015/313236/b3143s4/Android-OSS/feature/interests/impl/src/main/kotlin/com/google/samples/apps/nowinandroid/feature/interests/impl/navigation/InterestsEntryProvider.kt
2026-02-01 17:37:47,712 - Knowledge - INFO - Fast-tracked /app/data/T0015/313236/b3143s4/Android-OSS/feature/interests/api/src/main/AndroidManifest.xml (ext=.xml, size=684)
2026-02-01 17:37:47,749 - Knowledge - INFO - [LLM_CALL] Completed: ForYouViewModel.kt:chunk1, Duration: 7542ms, PromptTokens: 3244, CompletionTokens: 695, Cost: $0.00060
2026-02-01 17:37:47,814 - Knowledge - INFO - Worker kw10 processing /app/data/T0015/313236/b3143s4/Android-OSS/feature/bookmarks/impl/src/main/AndroidManifest.xml
2026-02-01 17:37:47,902 - Knowledge - INFO - Fast-tracked /app/data/T0015/313236/b3143s4/Android-OSS/feature/bookmarks/api/src/main/res/values/strings.xml (ext=.xml, size=1167)
2026-02-01 17:37:48,031 - Knowledge - INFO - Worker kw12 processing /app/data/T0015/313236/b3143s4/Android-OSS/feature/topic/impl/src/androidTest/kotlin/com/google/samples/apps/nowinandroid/feature/topic/impl/TopicScreenTest.kt
2026-02-01 17:37:48,130 - Knowledge - INFO - Fast-tracked /app/data/T0015/313236/b3143s4/Android-OSS/feature/topic/impl/README.md (ext=.md, size=131)
2026-02-01 17:37:48,217 - Knowledge - INFO - Worker kw14 processing /app/data/T0015/313236/b3143s4/Android-OSS/app-nia-catalog/src/main/res/values/strings.xml
2026-02-01 17:37:48,311 - Knowledge - INFO - Fast-tracked /app/data/T0015/313236/b3143s4/Android-OSS/app-nia-catalog/src/main/res/mipmap-anydpi-v26/ic_launcher_round.xml (ext=.xml, size=974)
2026-02-01 17:37:48,465 - Knowledge - INFO - Batch sizing: calculated=6, max_allowed=10, queue=394, active_workers=16/18
2026-02-01 17:37:48,582 - Knowledge - INFO - [kw18] Queue=388, InProgress=0, PendingWorkers=16/18, Completed=6/484 (1.2%)
2026-02-01 17:37:48,720 - Knowledge - INFO - knowledge worker kw19 start
2026-02-01 17:37:48,722 - Knowledge - INFO - Worker kw20 created using shared MongoDB connection pool
2026-02-01 17:37:48,805 - Knowledge - INFO - Fast-tracked /app/data/T0015/313236/b3143s4/Android-OSS/feature/search/api/README.md (ext=.md, size=2725)
2026-02-01 17:37:48,894 - Knowledge - INFO - process ingested knowledge for /app/data/T0015/313236/b3143s4/Android-OSS/feature/foryou/impl/README.md
2026-02-01 17:37:49,114 - Knowledge - INFO - Worker kw9 processing /app/data/T0015/313236/b3143s4/Android-OSS/feature/interests/api/build.gradle.kts
2026-02-01 17:37:49,212 - Knowledge - INFO - done ingest for /app/data/T0015/313236/b3143s4/Android-OSS/feature/foryou/impl/src/main/kotlin/com/google/samples/apps/nowinandroid/feature/foryou/impl/ForYouViewModel.kt
2026-02-01 17:37:49,225 - Knowledge - INFO - Worker kw16 processing /app/data/T0015/313236/b3143s4/Android-OSS/app-nia-catalog/dependencies/releaseRuntimeClasspath.txt
2026-02-01 17:37:49,340 - Knowledge - INFO - Fast-tracked /app/data/T0015/313236/b3143s4/Android-OSS/feature/bookmarks/impl/src/main/AndroidManifest.xml (ext=.xml, size=684)
2026-02-01 17:37:49,419 - Knowledge - INFO - Worker kw11 processing /app/data/T0015/313236/b3143s4/Android-OSS/feature/bookmarks/api/src/main/res/drawable/feature_bookmarks_api_mg_empty_bookmarks.xml
2026-02-01 17:37:49,550 - Knowledge - INFO - Worker kw12 processing /app/data/T0015/313236/b3143s4/Android-OSS/feature/topic/impl/src/main/kotlin/com/google/samples/apps/nowinandroid/feature/topic/impl/navigation/TopicEntryProvider.kt
2026-02-01 17:37:49,633 - Knowledge - INFO - Worker kw13 processing /app/data/T0015/313236/b3143s4/Android-OSS/feature/topic/api/src/main/res/values/strings.xml
2026-02-01 17:37:49,726 - Knowledge - INFO - Fast-tracked /app/data/T0015/313236/b3143s4/Android-OSS/app-nia-catalog/src/main/res/values/strings.xml (ext=.xml, size=745)
2026-02-01 17:37:49,824 - Knowledge - INFO - Worker kw15 processing /app/data/T0015/313236/b3143s4/Android-OSS/app-nia-catalog/src/main/kotlin/com/google/samples/apps/niacatalog/ui/Catalog.kt
2026-02-01 17:37:49,908 - Knowledge - INFO - Worker kw17 processing /app/data/T0015/313236/b3143s4/Android-OSS/benchmarks/src/main/kotlin/com/google/samples/apps/nowinandroid/baselineprofile/InterestsBaselineProfile.kt
2026-02-01 17:37:50,012 - Knowledge - INFO - Batch sizing: calculated=6, max_allowed=10, queue=388, active_workers=17/19
2026-02-01 17:37:50,131 - Knowledge - INFO - [kw19] Queue=382, InProgress=0, PendingWorkers=17/19, Completed=6/484 (1.2%)
2026-02-01 17:37:50,223 - Knowledge - INFO - knowledge worker kw20 start
2026-02-01 17:37:50,299 - Knowledge - INFO - Processing batch of 6 files
2026-02-01 17:37:50,383 - Knowledge - INFO - process ingested knowledge for /app/data/T0015/313236/b3143s4/Android-OSS/feature/foryou/api/src/main/res/values/strings.xml
2026-02-01 17:37:50,477 - Knowledge - INFO - Fast-tracked /app/data/T0015/313236/b3143s4/Android-OSS/feature/interests/api/build.gradle.kts (ext=.kts, size=776)
2026-02-01 17:37:50,698 - Knowledge - INFO - Fast-tracked /app/data/T0015/313236/b3143s4/Android-OSS/app-nia-catalog/dependencies/releaseRuntimeClasspath.txt (ext=.txt, size=6664)
2026-02-01 17:37:50,934 - Knowledge - INFO - Fast-tracked /app/data/T0015/313236/b3143s4/Android-OSS/feature/bookmarks/api/src/main/res/drawable/feature_bookmarks_api_mg_empty_bookmarks.xml (ext=.xml, size=2328)
2026-02-01 17:37:51,012 - Knowledge - INFO - [LLM_CALL] Completed: ForYouScreenTest.kt:chunk1, Duration: 12483ms, PromptTokens: 4752, CompletionTokens: 713, Cost: $0.00076
2026-02-01 17:37:51,048 - Knowledge - INFO - Worker kw12 processing /app/data/T0015/313236/b3143s4/Android-OSS/feature/topic/impl/src/main/kotlin/com/google/samples/apps/nowinandroid/feature/topic/impl/TopicViewModel.kt
2026-02-01 17:37:51,126 - Knowledge - INFO - Fast-tracked /app/data/T0015/313236/b3143s4/Android-OSS/feature/topic/api/src/main/res/values/strings.xml (ext=.xml, size=764)
2026-02-01 17:37:51,270 - Knowledge - INFO - Worker kw14 processing /app/data/T0015/313236/b3143s4/Android-OSS/app-nia-catalog/src/main/res/values/themes.xml
2026-02-01 17:37:51,435 - Knowledge - INFO - Worker kw15 processing /app/data/T0015/313236/b3143s4/Android-OSS/app-nia-catalog/src/main/kotlin/com/google/samples/apps/niacatalog/NiaCatalogActivity.kt
2026-02-01 17:37:51,577 - Knowledge - INFO - Fast-tracked /app/data/T0015/313236/b3143s4/Android-OSS/benchmarks/src/main/kotlin/com/google/samples/apps/nowinandroid/baselineprofile/InterestsBaselineProfile.kt (ext=.kt, size=1490)
2026-02-01 17:37:51,778 - Knowledge - INFO - Batch sizing: calculated=6, max_allowed=10, queue=382, active_workers=18/20
2026-02-01 17:37:51,895 - Knowledge - INFO - [kw20] Queue=376, InProgress=0, PendingWorkers=18/20, Completed=12/484 (2.5%)
2026-02-01 17:37:51,992 - Knowledge - INFO - process ingested knowledge for /app/data/T0015/313236/b3143s4/Android-OSS/feature/search/impl/README.md
2026-02-01 17:37:52,114 - Knowledge - INFO - process ingested knowledge for /app/data/T0015/313236/b3143s4/Android-OSS/feature/foryou/api/src/main/res/drawable/feature_foryou_api_ic_icon_placeholder.xml
2026-02-01 17:37:52,241 - Knowledge - INFO - Worker kw9 processing /app/data/T0015/313236/b3143s4/Android-OSS/feature/interests/api/README.md
2026-02-01 17:37:52,294 - Knowledge - INFO - Fast-tracked /app/data/T0015/313236/b3143s4/Android-OSS/feature/interests/impl/src/main/kotlin/com/google/samples/apps/nowinandroid/feature/interests/impl/navigation/InterestsEntryProvider.kt (small file (2479 bytes))
2026-02-01 17:37:52,347 - Knowledge - INFO - Worker kw16 processing /app/data/T0015/313236/b3143s4/Android-OSS/settings.gradle.kts
2026-02-01 17:37:52,497 - Knowledge - INFO - Worker kw11 processing /app/data/T0015/313236/b3143s4/Android-OSS/feature/bookmarks/api/src/main/kotlin/com/google/samples/apps/nowinandroid/feature/bookmarks/api/navigation/BookmarksNavKey.kt
2026-02-01 17:37:52,588 - Knowledge - INFO - done ingest for /app/data/T0015/313236/b3143s4/Android-OSS/feature/foryou/impl/src/androidTest/kotlin/com/google/samples/apps/nowinandroid/feature/foryou/impl/ForYouScreenTest.kt
2026-02-01 17:37:52,593 - Knowledge - INFO - Worker kw18 processing /app/data/T0015/313236/b3143s4/Android-OSS/benchmarks/src/main/kotlin/com/google/samples/apps/nowinandroid/Utils.kt
2026-02-01 17:37:52,597 - Knowledge - INFO - [LLM_CALL] Completed: SearchScreenTest.kt:chunk1, Duration: 8242ms, PromptTokens: 4168, CompletionTokens: 834, Cost: $0.00075
2026-02-01 17:37:52,683 - Knowledge - INFO - Worker kw12 processing /app/data/T0015/313236/b3143s4/Android-OSS/feature/topic/impl/src/main/kotlin/com/google/samples/apps/nowinandroid/feature/topic/impl/TopicScreen.kt
2026-02-01 17:37:52,801 - Knowledge - INFO - Worker kw13 processing /app/data/T0015/313236/b3143s4/Android-OSS/feature/topic/api/src/main/kotlin/com/google/samples/apps/nowinandroid/feature/topic/api/navigation/TopicNavKey.kt
2026-02-01 17:37:52,888 - Knowledge - INFO - Fast-tracked /app/data/T0015/313236/b3143s4/Android-OSS/app-nia-catalog/src/main/res/values/themes.xml (ext=.xml, size=784)
2026-02-01 17:37:52,973 - Knowledge - INFO - Fast-tracked /app/data/T0015/313236/b3143s4/Android-OSS/app-nia-catalog/src/main/kotlin/com/google/samples/apps/niacatalog/NiaCatalogActivity.kt (ext=.kt, size=1126)
2026-02-01 17:37:53,061 - Knowledge - INFO - Worker kw17 processing /app/data/T0015/313236/b3143s4/Android-OSS/benchmarks/src/main/kotlin/com/google/samples/apps/nowinandroid/baselineprofile/BookmarksBaselineProfile.kt
2026-02-01 17:37:53,174 - Knowledge - INFO - Fast-tracked /app/data/T0015/313236/b3143s4/Android-OSS/feature/bookmarks/impl/src/main/kotlin/com/google/samples/apps/nowinandroid/feature/bookmarks/impl/navigation/BookmarksEntryProvider.kt (small file (2054 bytes))
2026-02-01 17:37:53,236 - Knowledge - INFO - Batch sizing: calculated=6, max_allowed=10, queue=376, active_workers=19/20
2026-02-01 17:37:53,321 - Knowledge - INFO - process ingested knowledge for /app/data/T0015/313236/b3143s4/Android-OSS/feature/search/api/src/main/res/values/strings.xml
2026-02-01 17:37:53,414 - Knowledge - INFO - process ingested knowledge for /app/data/T0015/313236/b3143s4/Android-OSS/feature/foryou/api/src/main/kotlin/com/google/samples/apps/nowinandroid/feature/foryou/api/navigation/ForYouNavKey.kt
2026-02-01 17:37:53,497 - Knowledge - INFO - Fast-tracked /app/data/T0015/313236/b3143s4/Android-OSS/feature/interests/api/README.md (ext=.md, size=1686)
2026-02-01 17:37:53,700 - Knowledge - INFO - Worker kw16 processing /app/data/T0015/313236/b3143s4/Android-OSS/AGENT.md
2026-02-01 17:37:53,818 - Knowledge - INFO - Fast-tracked /app/data/T0015/313236/b3143s4/Android-OSS/feature/bookmarks/api/src/main/kotlin/com/google/samples/apps/nowinandroid/feature/bookmarks/api/navigation/BookmarksNavKey.kt (ext=.kt, size=828)
2026-02-01 17:37:54,066 - Knowledge - INFO - Worker kw18 processing /app/data/T0015/313236/b3143s4/Android-OSS/benchmarks/src/main/kotlin/com/google/samples/apps/nowinandroid/interests/ScrollTopicListBenchmark.kt
2026-02-01 17:37:54,167 - Knowledge - INFO - done ingest for /app/data/T0015/313236/b3143s4/Android-OSS/feature/search/impl/src/androidTest/kotlin/com/google/samples/apps/nowinandroid/feature/search/impl/SearchScreenTest.kt
2026-02-01 17:37:54,192 - Knowledge - INFO - Worker kw19 processing /app/data/T0015/313236/b3143s4/Android-OSS/benchmarks/src/main/kotlin/com/google/samples/apps/nowinandroid/startup/StartupBenchmark.kt
2026-02-01 17:37:54,197 - Knowledge - INFO - [LLM_CALL] Completed: SearchViewModel.kt:chunk1, Duration: 8246ms, PromptTokens: 3328, CompletionTokens: 846, Cost: $0.00067
2026-02-01 17:37:54,425 - Knowledge - INFO - Fast-tracked /app/data/T0015/313236/b3143s4/Android-OSS/feature/topic/api/src/main/kotlin/com/google/samples/apps/nowinandroid/feature/topic/api/navigation/TopicNavKey.kt (ext=.kt, size=1004)
2026-02-01 17:37:54,514 - Knowledge - INFO - Worker kw14 processing /app/data/T0015/313236/b3143s4/Android-OSS/app-nia-catalog/src/main/res/drawable/ic_launcher_foreground.xml
2026-02-01 17:37:54,672 - Knowledge - INFO - Worker kw15 processing /app/data/T0015/313236/b3143s4/Android-OSS/app-nia-catalog/src/main/AndroidManifest.xml
2026-02-01 17:37:54,759 - Knowledge - INFO - Fast-tracked /app/data/T0015/313236/b3143s4/Android-OSS/benchmarks/src/main/kotlin/com/google/samples/apps/nowinandroid/baselineprofile/BookmarksBaselineProfile.kt (ext=.kt, size=1362)
2026-02-01 17:37:55,094 - Knowledge - INFO - process ingested knowledge for /app/data/T0015/313236/b3143s4/Android-OSS/feature/search/api/src/main/kotlin/com/google/samples/apps/nowinandroid/feature/search/api/navigation/SearchNavKey.kt
2026-02-01 17:37:55,475 - Knowledge - INFO - Fast-tracked /app/data/T0015/313236/b3143s4/Android-OSS/feature/interests/impl/build.gradle.kts (small file (2020 bytes))
2026-02-01 17:37:55,482 - Knowledge - INFO - Fast-tracked /app/data/T0015/313236/b3143s4/Android-OSS/AGENT.md (ext=.md, size=3021)
2026-02-01 17:37:55,590 - Knowledge - INFO - Worker kw11 processing /app/data/T0015/313236/b3143s4/Android-OSS/feature/bookmarks/api/build.gradle.kts
2026-02-01 17:37:55,748 - Knowledge - INFO - Worker kw18 processing /app/data/T0015/313236/b3143s4/Android-OSS/benchmarks/src/main/kotlin/com/google/samples/apps/nowinandroid/interests/ScrollTopicListPowerMetricsBenchmark.kt
2026-02-01 17:37:56,048 - Knowledge - INFO - Worker kw19 processing /app/data/T0015/313236/b3143s4/Android-OSS/benchmarks/src/main/AndroidManifest.xml
2026-02-01 17:37:56,140 - Knowledge - INFO - done ingest for /app/data/T0015/313236/b3143s4/Android-OSS/feature/search/impl/src/main/kotlin/com/google/samples/apps/nowinandroid/feature/search/impl/SearchViewModel.kt
2026-02-01 17:37:56,170 - Knowledge - INFO - Worker kw20 processing /app/data/T0015/313236/b3143s4/Android-OSS/app/src/androidTest/kotlin/com/google/samples/apps/nowinandroid/ui/NavigationTest.kt
2026-02-01 17:37:56,197 - Knowledge - INFO - Processing batch of 6 files
2026-02-01 17:37:56,223 - Knowledge - INFO - Processing batch of 6 files
2026-02-01 17:37:56,257 - Knowledge - INFO - Worker kw13 processing /app/data/T0015/313236/b3143s4/Android-OSS/feature/topic/api/src/main/AndroidManifest.xml
2026-02-01 17:37:56,419 - Knowledge - INFO - Fast-tracked /app/data/T0015/313236/b3143s4/Android-OSS/app-nia-catalog/src/main/res/drawable/ic_launcher_foreground.xml (ext=.xml, size=2676)
2026-02-01 17:37:56,534 - Knowledge - INFO - Fast-tracked /app/data/T0015/313236/b3143s4/Android-OSS/app-nia-catalog/src/main/AndroidManifest.xml (ext=.xml, size=1505)
2026-02-01 17:37:56,684 - Knowledge - INFO - Worker kw17 processing /app/data/T0015/313236/b3143s4/Android-OSS/benchmarks/src/main/kotlin/com/google/samples/apps/nowinandroid/baselineprofile/ForYouBaselineProfile.kt
2026-02-01 17:37:56,809 - Knowledge - INFO - process ingested knowledge for /app/data/T0015/313236/b3143s4/Android-OSS/feature/search/api/src/main/AndroidManifest.xml
2026-02-01 17:37:57,039 - Knowledge - INFO - Worker kw16 processing /app/data/T0015/313236/b3143s4/Android-OSS/benchmarks/src/main/kotlin/androidx/test/uiautomator/UiAutomatorHelpers.kt
2026-02-01 17:37:57,176 - Knowledge - INFO - Fast-tracked /app/data/T0015/313236/b3143s4/Android-OSS/feature/bookmarks/api/build.gradle.kts (ext=.kts, size=776)
2026-02-01 17:37:57,269 - Knowledge - INFO - Worker kw18 processing /app/data/T0015/313236/b3143s4/Android-OSS/benchmarks/src/main/kotlin/com/google/samples/apps/nowinandroid/interests/TopicsScreenRecompositionBenchmark.kt
2026-02-01 17:37:57,396 - Knowledge - INFO - Fast-tracked /app/data/T0015/313236/b3143s4/Android-OSS/benchmarks/src/main/AndroidManifest.xml (ext=.xml, size=683)
2026-02-01 17:37:57,706 - Knowledge - INFO - Worker kw20 processing /app/data/T0015/313236/b3143s4/Android-OSS/app/src/androidTest/kotlin/com/google/samples/apps/nowinandroid/ui/UiTestExtensions.kt
2026-02-01 17:37:57,750 - Knowledge - INFO - [WEBSOCKET] Sent: Type=progress_update, Size: 291, Duration: 0ms
2026-02-01 17:37:57,833 - Knowledge - INFO - process ingested knowledge for /app/data/T0015/313236/b3143s4/Android-OSS/feature/interests/api/src/main/res/values/strings.xml
2026-02-01 17:37:57,973 - Knowledge - INFO - process ingested knowledge for /app/data/T0015/313236/b3143s4/Android-OSS/feature/foryou/api/src/main/AndroidManifest.xml
2026-02-01 17:37:58,135 - Knowledge - INFO - Fast-tracked /app/data/T0015/313236/b3143s4/Android-OSS/feature/topic/api/src/main/AndroidManifest.xml (ext=.xml, size=684)
2026-02-01 17:37:58,251 - Knowledge - INFO - Worker kw14 processing /app/data/T0015/313236/b3143s4/Android-OSS/app-nia-catalog/src/main/res/drawable/ic_launcher_background.xml
2026-02-01 17:37:58,392 - Knowledge - INFO - Worker kw15 processing /app/data/T0015/313236/b3143s4/Android-OSS/app-nia-catalog/build.gradle.kts
2026-02-01 17:37:58,803 - Knowledge - INFO - Fast-tracked /app/data/T0015/313236/b3143s4/Android-OSS/feature/topic/impl/src/main/kotlin/com/google/samples/apps/nowinandroid/feature/topic/impl/navigation/TopicEntryProvider.kt (small file (2073 bytes))
2026-02-01 17:37:58,807 - Knowledge - INFO - Fast-tracked /app/data/T0015/313236/b3143s4/Android-OSS/benchmarks/src/main/kotlin/com/google/samples/apps/nowinandroid/baselineprofile/ForYouBaselineProfile.kt (ext=.kt, size=1587)
2026-02-01 17:37:58,934 - Knowledge - INFO - process ingested knowledge for /app/data/T0015/313236/b3143s4/Android-OSS/feature/search/api/build.gradle.kts
2026-02-01 17:37:59,067 - Knowledge - INFO - Fast-tracked /app/data/T0015/313236/b3143s4/Android-OSS/benchmarks/src/main/kotlin/androidx/test/uiautomator/UiAutomatorHelpers.kt (ext=.kt, size=1519)
2026-02-01 17:37:59,456 - Knowledge - INFO - Worker kw18 processing /app/data/T0015/313236/b3143s4/Android-OSS/benchmarks/src/main/kotlin/com/google/samples/apps/nowinandroid/interests/InterestsActions.kt
2026-02-01 17:37:59,471 - Knowledge - INFO - Worker kw19 processing /app/data/T0015/313236/b3143s4/Android-OSS/benchmarks/build.gradle.kts
2026-02-01 17:37:59,599 - Knowledge - INFO - Fast-tracked /app/data/T0015/313236/b3143s4/Android-OSS/app/src/androidTest/kotlin/com/google/samples/apps/nowinandroid/ui/UiTestExtensions.kt (ext=.kt, size=978)
2026-02-01 17:37:59,703 - Knowledge - INFO - [LLM_CALL] Completed: SearchScreen.kt:chunk1, Duration: 15213ms, PromptTokens: 9416, CompletionTokens: 813, Cost: $0.00127
2026-02-01 17:37:59,805 - Knowledge - INFO - process ingested knowledge for /app/data/T0015/313236/b3143s4/Android-OSS/feature/interests/api/src/main/res/drawable/feature_interests_api_ic_detail_placeholder.xml
2026-02-01 17:37:59,935 - Knowledge - INFO - process ingested knowledge for /app/data/T0015/313236/b3143s4/Android-OSS/feature/foryou/api/build.gradle.kts
2026-02-01 17:38:00,114 - Knowledge - INFO - Worker kw13 processing /app/data/T0015/313236/b3143s4/Android-OSS/feature/topic/api/build.gradle.kts
2026-02-01 17:38:00,205 - Knowledge - INFO - Fast-tracked /app/data/T0015/313236/b3143s4/Android-OSS/app-nia-catalog/src/main/res/drawable/ic_launcher_background.xml (ext=.xml, size=955)
2026-02-01 17:38:00,328 - Knowledge - INFO - Worker kw15 processing /app/data/T0015/313236/b3143s4/Android-OSS/app-nia-catalog/README.md
2026-02-01 17:38:00,602 - Knowledge - INFO - Worker kw17 processing /app/data/T0015/313236/b3143s4/Android-OSS/benchmarks/src/main/kotlin/com/google/samples/apps/nowinandroid/foryou/ForYouActions.kt
2026-02-01 17:38:00,756 - Knowledge - INFO - process ingested knowledge for /app/data/T0015/313236/b3143s4/Android-OSS/feature/search/api/README.md
2026-02-01 17:38:00,941 - Knowledge - INFO - Worker kw16 processing /app/data/T0015/313236/b3143s4/Android-OSS/benchmarks/src/main/kotlin/com/google/samples/apps/nowinandroid/BaselineProfileMetrics.kt
2026-02-01 17:38:01,128 - Knowledge - INFO - Fast-tracked /app/data/T0015/313236/b3143s4/Android-OSS/benchmarks/src/main/kotlin/com/google/samples/apps/nowinandroid/interests/InterestsActions.kt (ext=.kt, size=1881)
2026-02-01 17:38:01,234 - Knowledge - INFO - Worker kw19 processing /app/data/T0015/313236/b3143s4/Android-OSS/benchmarks/README.md
2026-02-01 17:38:01,492 - Knowledge - INFO - Worker kw20 processing /app/data/T0015/313236/b3143s4/Android-OSS/app/src/testDemo/kotlin/com/google/samples/apps/nowinandroid/ui/SnackbarInsetsScreenshotTests.kt
2026-02-01 17:38:01,650 - Knowledge - INFO - done ingest for /app/data/T0015/313236/b3143s4/Android-OSS/feature/search/impl/src/main/kotlin/com/google/samples/apps/nowinandroid/feature/search/impl/SearchScreen.kt
2026-02-01 17:38:01,657 - Knowledge - INFO - [LLM_CALL] Completed: InterestsScreenTest.kt:chunk1, Duration: 12431ms, PromptTokens: 2604, CompletionTokens: 536, Cost: $0.00047
2026-02-01 17:38:01,772 - Knowledge - INFO - process ingested knowledge for /app/data/T0015/313236/b3143s4/Android-OSS/feature/interests/api/src/main/kotlin/com/google/samples/apps/nowinandroid/feature/interests/api/navigation/InterestsNavKey.kt
2026-02-01 17:38:01,950 - Knowledge - INFO - process ingested knowledge for /app/data/T0015/313236/b3143s4/Android-OSS/feature/foryou/api/README.md
2026-02-01 17:38:02,117 - Knowledge - INFO - Fast-tracked /app/data/T0015/313236/b3143s4/Android-OSS/feature/topic/api/build.gradle.kts (ext=.kts, size=891)
2026-02-01 17:38:02,275 - Knowledge - INFO - Worker kw14 processing /app/data/T0015/313236/b3143s4/Android-OSS/app-nia-catalog/src/main/res/mipmap-anydpi-v26/ic_launcher.xml
2026-02-01 17:38:02,593 - Knowledge - INFO - Fast-tracked /app/data/T0015/313236/b3143s4/Android-OSS/app-nia-catalog/README.md (ext=.md, size=1831)
2026-02-01 17:38:02,700 - Knowledge - INFO - Worker kw17 processing /app/data/T0015/313236/b3143s4/Android-OSS/benchmarks/src/main/kotlin/com/google/samples/apps/nowinandroid/foryou/ScrollForYouFeedBenchmark.kt
2026-02-01 17:38:02,996 - Knowledge - INFO - Fast-tracked /app/data/T0015/313236/b3143s4/Android-OSS/benchmarks/src/main/kotlin/com/google/samples/apps/nowinandroid/BaselineProfileMetrics.kt (ext=.kt, size=1876)
2026-02-01 17:38:03,104 - Knowledge - INFO - Worker kw18 processing /app/data/T0015/313236/b3143s4/Android-OSS/benchmarks/src/main/kotlin/com/google/samples/apps/nowinandroid/bookmarks/BookmarksActions.kt
2026-02-01 17:38:03,253 - Knowledge - INFO - Fast-tracked /app/data/T0015/313236/b3143s4/Android-OSS/benchmarks/README.md (ext=.md, size=6142)
2026-02-01 17:38:03,359 - Knowledge - INFO - Worker kw20 processing /app/data/T0015/313236/b3143s4/Android-OSS/app/src/testDemo/kotlin/com/google/samples/apps/nowinandroid/ui/NiaAppScreenSizesScreenshotTests.kt
2026-02-01 17:38:03,517 - Knowledge - INFO - done ingest for /app/data/T0015/313236/b3143s4/Android-OSS/feature/interests/impl/src/androidTest/kotlin/com/google/samples/apps/nowinandroid/feature/interests/impl/InterestsScreenTest.kt
2026-02-01 17:38:03,518 - Knowledge - INFO - Processing batch of 6 files
2026-02-01 17:38:03,518 - Knowledge - INFO - [WEBSOCKET] Sent: Type=unknown, Size: ?, Duration: 5768ms
2026-02-01 17:38:03,603 - Knowledge - INFO - process ingested knowledge for /app/data/T0015/313236/b3143s4/Android-OSS/feature/interests/api/src/main/AndroidManifest.xml
2026-02-01 17:38:03,694 - Knowledge - INFO - process ingested knowledge for /app/data/T0015/313236/b3143s4/Android-OSS/feature/search/impl/src/test/kotlin/com/google/samples/apps/nowinandroid/feature/search/impl/SearchViewModelTest.kt
2026-02-01 17:38:03,914 - Knowledge - INFO - Fast-tracked /app/data/T0015/313236/b3143s4/Android-OSS/app-nia-catalog/src/main/res/mipmap-anydpi-v26/ic_launcher.xml (ext=.xml, size=974)
2026-02-01 17:38:04,107 - Knowledge - INFO - Worker kw17 processing /app/data/T0015/313236/b3143s4/Android-OSS/benchmarks/src/main/kotlin/com/google/samples/apps/nowinandroid/GeneralActions.kt
2026-02-01 17:38:04,182 - Knowledge - INFO - Worker kw16 processing /app/data/T0015/313236/b3143s4/Android-OSS/benchmarks/src/main/kotlin/com/google/samples/apps/nowinandroid/baselineprofile/StartupBaselineProfile.kt
2026-02-01 17:38:04,280 - Knowledge - INFO - Fast-tracked /app/data/T0015/313236/b3143s4/Android-OSS/benchmarks/src/main/kotlin/com/google/samples/apps/nowinandroid/bookmarks/BookmarksActions.kt (ext=.kt, size=1120)
2026-02-01 17:38:04,398 - Knowledge - INFO - Worker kw19 processing /app/data/T0015/313236/b3143s4/Android-OSS/tools/nowinandroid-codestyle.xml
2026-02-01 17:38:04,467 - Knowledge - INFO - Worker kw20 processing /app/data/T0015/313236/b3143s4/Android-OSS/app/src/testDemo/kotlin/com/google/samples/apps/nowinandroid/ui/DeviceConfigurationOverrideWindowInsets.kt
2026-02-01 17:38:04,661 - Knowledge - INFO - process ingested knowledge for /app/data/T0015/313236/b3143s4/Android-OSS/feature/bookmarks/impl/build.gradle.kts
2026-02-01 17:38:04,739 - Knowledge - INFO - Progress: 5.0% | Files: 48/484 | Rate: 1.22 files/sec | Queue: 364
2026-02-01 17:38:04,740 - Knowledge - INFO - [LLM_CALL] Completed: ForYouScreen.kt:chunk1, Duration: 25316ms, PromptTokens: 10318, CompletionTokens: 2194, Cost: $0.00191
2026-02-01 17:38:04,821 - Knowledge - INFO - process ingested knowledge for /app/data/T0015/313236/b3143s4/Android-OSS/feature/interests/api/build.gradle.kts
2026-02-01 17:38:04,905 - Knowledge - INFO - process ingested knowledge for /app/data/T0015/313236/b3143s4/Android-OSS/feature/search/impl/src/androidTest/kotlin/com/google/samples/apps/nowinandroid/feature/search/impl/SearchScreenTest.kt
2026-02-01 17:38:05,340 - Knowledge - INFO - Fast-tracked /app/data/T0015/313236/b3143s4/Android-OSS/benchmarks/src/main/kotlin/com/google/samples/apps/nowinandroid/baselineprofile/StartupBaselineProfile.kt (ext=.kt, size=1518)
2026-02-01 17:38:05,432 - Knowledge - INFO - Fast-tracked /app/data/T0015/313236/b3143s4/Android-OSS/benchmarks/src/main/kotlin/com/google/samples/apps/nowinandroid/Utils.kt (small file (2127 bytes))
2026-02-01 17:38:05,516 - Knowledge - INFO - Fast-tracked /app/data/T0015/313236/b3143s4/Android-OSS/tools/nowinandroid-codestyle.xml (ext=.xml, size=14326)
2026-02-01 17:38:05,604 - Knowledge - INFO - Worker kw20 processing /app/data/T0015/313236/b3143s4/Android-OSS/app/src/testDemo/kotlin/com/google/samples/apps/nowinandroid/ui/SnackbarScreenshotTests.kt
2026-02-01 17:38:05,680 - Knowledge - INFO - process ingested knowledge for /app/data/T0015/313236/b3143s4/Android-OSS/feature/bookmarks/impl/README.md
2026-02-01 17:38:05,764 - Knowledge - INFO - [kw2] Queue=364, InProgress=0, PendingWorkers=20/20, Completed=54/484 (11.2%)
2026-02-01 17:38:05,847 - Knowledge - INFO - done ingest for /app/data/T0015/313236/b3143s4/Android-OSS/feature/foryou/impl/src/main/kotlin/com/google/samples/apps/nowinandroid/feature/foryou/impl/ForYouScreen.kt
2026-02-01 17:38:05,848 - Knowledge - INFO - [LLM_CALL] Completed: SettingsViewModel.kt:chunk1, Duration: 16628ms, PromptTokens: 2062, CompletionTokens: 484, Cost: $0.00040
2026-02-01 17:38:05,936 - Knowledge - INFO - process ingested knowledge for /app/data/T0015/313236/b3143s4/Android-OSS/feature/interests/api/README.md
2026-02-01 17:38:06,018 - Knowledge - INFO - process ingested knowledge for /app/data/T0015/313236/b3143s4/Android-OSS/feature/search/impl/src/main/kotlin/com/google/samples/apps/nowinandroid/feature/search/impl/navigation/SearchEntryProvider.kt
2026-02-01 17:38:06,104 - Knowledge - INFO - Fast-tracked /app/data/T0015/313236/b3143s4/Android-OSS/settings.gradle.kts (small file (2724 bytes))
2026-02-01 17:38:06,192 - Knowledge - INFO - Fast-tracked /app/data/T0015/313236/b3143s4/Android-OSS/benchmarks/src/main/kotlin/com/google/samples/apps/nowinandroid/interests/ScrollTopicListBenchmark.kt (small file (2198 bytes))
2026-02-01 17:38:06,281 - Knowledge - INFO - Worker kw19 processing /app/data/T0015/313236/b3143s4/Android-OSS/tools/setup.sh
2026-02-01 17:38:06,451 - Knowledge - INFO - process ingested knowledge for /app/data/T0015/313236/b3143s4/Android-OSS/feature/bookmarks/api/src/main/res/values/strings.xml
2026-02-01 17:38:06,571 - Knowledge - INFO - Batch sizing: calculated=6, max_allowed=10, queue=364, active_workers=20/20
2026-02-01 17:38:06,754 - Knowledge - INFO - done ingest for /app/data/T0015/313236/b3143s4/Android-OSS/feature/settings/impl/src/main/kotlin/com/google/samples/apps/nowinandroid/feature/settings/impl/SettingsViewModel.kt
2026-02-01 17:38:06,759 - Knowledge - INFO - [LLM_CALL] Completed: TabContent.kt:chunk1, Duration: 12574ms, PromptTokens: 2502, CompletionTokens: 453, Cost: $0.00043
2026-02-01 17:38:07,283 - Knowledge - INFO - Fast-tracked /app/data/T0015/313236/b3143s4/Android-OSS/tools/setup.sh (ext=.sh, size=1470)
2026-02-01 17:38:07,421 - Knowledge - INFO - process ingested knowledge for /app/data/T0015/313236/b3143s4/Android-OSS/feature/bookmarks/api/src/main/res/drawable/feature_bookmarks_api_mg_empty_bookmarks.xml
2026-02-01 17:38:07,766 - Knowledge - INFO - done ingest for /app/data/T0015/313236/b3143s4/Android-OSS/feature/interests/impl/src/main/kotlin/com/google/samples/apps/nowinandroid/feature/interests/impl/TabContent.kt
2026-02-01 17:38:07,773 - Knowledge - INFO - Processing batch of 6 files
2026-02-01 17:38:07,784 - Knowledge - INFO - Processing batch of 6 files
2026-02-01 17:38:07,785 - Knowledge - INFO - Processing batch of 6 files
2026-02-01 17:38:07,785 - Knowledge - INFO - Processing batch of 6 files
2026-02-01 17:38:07,813 - Knowledge - INFO - Processing batch of 6 files
2026-02-01 17:38:07,825 - Knowledge - INFO - Processing batch of 6 files
2026-02-01 17:38:07,831 - Knowledge - INFO - Async storing batch of 6 embeddings
2026-02-01 17:38:08,031 - Knowledge - INFO - Fast-tracked /app/data/T0015/313236/b3143s4/Android-OSS/benchmarks/src/main/kotlin/com/google/samples/apps/nowinandroid/startup/StartupBenchmark.kt (small file (2886 bytes))
2026-02-01 17:38:08,188 - Knowledge - INFO - [WEBSOCKET] Sent: Type=progress_update, Size: 289, Duration: 0ms
2026-02-01 17:38:08,319 - Knowledge - INFO - process ingested knowledge for /app/data/T0015/313236/b3143s4/Android-OSS/feature/search/impl/src/main/kotlin/com/google/samples/apps/nowinandroid/feature/search/impl/SearchUiStatePreviewParameterProvider.kt
2026-02-01 17:38:08,448 - Knowledge - INFO - process ingested knowledge for /app/data/T0015/313236/b3143s4/Android-OSS/feature/topic/impl/build.gradle.kts
2026-02-01 17:38:08,448 - Knowledge - INFO - process ingested knowledge for /app/data/T0015/313236/b3143s4/Android-OSS/feature/bookmarks/api/src/main/kotlin/com/google/samples/apps/nowinandroid/feature/bookmarks/api/navigation/BookmarksNavKey.kt
2026-02-01 17:38:08,580 - Knowledge - INFO - process ingested knowledge for /app/data/T0015/313236/b3143s4/Android-OSS/feature/settings/impl/build.gradle.kts
2026-02-01 17:38:08,704 - Knowledge - INFO - process ingested knowledge for /app/data/T0015/313236/b3143s4/Android-OSS/feature/topic/api/README.md
2026-02-01 17:38:08,845 - Knowledge - INFO - process ingested knowledge for /app/data/T0015/313236/b3143s4/Android-OSS/feature/foryou/impl/src/test/kotlin/com/google/samples/apps/nowinandroid/feature/foryou/impl/ForYouScreenScreenshotTests.kt
2026-02-01 17:38:08,963 - Knowledge - INFO - process ingested knowledge for /app/data/T0015/313236/b3143s4/Android-OSS/app-nia-catalog/dependencies/releaseRuntimeClasspath.txt
2026-02-01 17:38:09,123 - Knowledge - INFO - Worker kw2 processing /app/data/T0015/313236/b3143s4/Android-OSS/app/src/testDemo/kotlin/com/google/samples/apps/nowinandroid/ui/NiaAppStateTest.kt
2026-02-01 17:38:09,287 - Knowledge - INFO - Fast-tracked /app/data/T0015/313236/b3143s4/Android-OSS/benchmarks/build.gradle.kts (small file (2508 bytes))
2026-02-01 17:38:09,417 - Knowledge - INFO - [kw3] Queue=358, InProgress=0, PendingWorkers=20/20, Completed=66/484 (13.6%)
2026-02-01 17:38:09,427 - Knowledge - INFO - process ingested knowledge for /app/data/T0015/313236/b3143s4/Android-OSS/feature/search/impl/src/main/kotlin/com/google/samples/apps/nowinandroid/feature/search/impl/RecentSearchQueriesUiState.kt
2026-02-01 17:38:09,441 - Knowledge - INFO - [WEBSOCKET] Sent: Type=unknown, Size: ?, Duration: 1253ms
2026-02-01 17:38:09,602 - Knowledge - INFO - process ingested knowledge for /app/data/T0015/313236/b3143s4/Android-OSS/feature/topic/impl/README.md
2026-02-01 17:38:09,713 - Knowledge - INFO - process ingested knowledge for /app/data/T0015/313236/b3143s4/Android-OSS/feature/bookmarks/api/build.gradle.kts
2026-02-01 17:38:09,830 - Knowledge - INFO - process ingested knowledge for /app/data/T0015/313236/b3143s4/Android-OSS/feature/settings/impl/README.md
2026-02-01 17:38:09,927 - Knowledge - INFO - process ingested knowledge for /app/data/T0015/313236/b3143s4/Android-OSS/app-nia-catalog/src/main/res/values/strings.xml
2026-02-01 17:38:10,034 - Knowledge - INFO - process ingested knowledge for /app/data/T0015/313236/b3143s4/Android-OSS/feature/foryou/impl/src/test/kotlin/com/google/samples/apps/nowinandroid/feature/foryou/impl/ForYouViewModelTest.kt
2026-02-01 17:38:10,132 - Knowledge - INFO - process ingested knowledge for /app/data/T0015/313236/b3143s4/Android-OSS/settings.gradle.kts
2026-02-01 17:38:10,221 - Knowledge - INFO - Worker kw2 processing /app/data/T0015/313236/b3143s4/Android-OSS/app/src/main/res/values/colors.xml
2026-02-01 17:38:10,421 - Knowledge - INFO - Batch sizing: calculated=6, max_allowed=10, queue=358, active_workers=20/20
2026-02-01 17:38:10,513 - Knowledge - INFO - process ingested knowledge for /app/data/T0015/313236/b3143s4/Android-OSS/feature/search/impl/src/main/kotlin/com/google/samples/apps/nowinandroid/feature/search/impl/SearchResultUiState.kt
2026-02-01 17:38:10,619 - Knowledge - INFO - Progress: 13.6% | Files: 72/484 | Rate: 1.46 files/sec | Queue: 358
2026-02-01 17:38:10,620 - Knowledge - INFO - [kw9] Queue=358, InProgress=0, PendingWorkers=20/20, Completed=72/484 (14.9%)
2026-02-01 17:38:10,620 - Knowledge - INFO - [LLM_CALL] Completed: InterestsScreen.kt:chunk1, Duration: 21395ms, PromptTokens: 2704, CompletionTokens: 592, Cost: $0.00051
2026-02-01 17:38:10,693 - Knowledge - INFO - process ingested knowledge for /app/data/T0015/313236/b3143s4/Android-OSS/feature/topic/api/src/main/res/values/strings.xml
2026-02-01 17:38:10,856 - Knowledge - INFO - process ingested knowledge for /app/data/T0015/313236/b3143s4/Android-OSS/feature/interests/impl/src/test/kotlin/com/google/samples/apps/nowinandroid/interests/impl/InterestsViewModelTest.kt
2026-02-01 17:38:11,021 - Knowledge - INFO - process ingested knowledge for /app/data/T0015/313236/b3143s4/Android-OSS/app-nia-catalog/src/main/res/values/themes.xml
2026-02-01 17:38:11,096 - Knowledge - INFO - process ingested knowledge for /app/data/T0015/313236/b3143s4/Android-OSS/feature/foryou/impl/src/androidTest/kotlin/com/google/samples/apps/nowinandroid/feature/foryou/impl/ForYouScreenTest.kt
2026-02-01 17:38:11,180 - Knowledge - INFO - process ingested knowledge for /app/data/T0015/313236/b3143s4/Android-OSS/AGENT.md
2026-02-01 17:38:11,264 - Knowledge - INFO - Fast-tracked /app/data/T0015/313236/b3143s4/Android-OSS/app/src/main/res/values/colors.xml (ext=.xml, size=820)
2026-02-01 17:38:11,431 - Knowledge - INFO - process ingested knowledge for /app/data/T0015/313236/b3143s4/Android-OSS/feature/search/impl/src/main/kotlin/com/google/samples/apps/nowinandroid/feature/search/impl/SearchScreen.kt
2026-02-01 17:38:11,515 - Knowledge - INFO - [kw5] Queue=352, InProgress=0, PendingWorkers=20/20, Completed=72/484 (14.9%)
2026-02-01 17:38:11,606 - Knowledge - INFO - Batch sizing: calculated=6, max_allowed=10, queue=358, active_workers=20/20
2026-02-01 17:38:11,685 - Knowledge - INFO - done ingest for /app/data/T0015/313236/b3143s4/Android-OSS/feature/interests/impl/src/main/kotlin/com/google/samples/apps/nowinandroid/feature/interests/impl/InterestsScreen.kt
2026-02-01 17:38:11,686 - Knowledge - INFO - [LLM_CALL] Completed: SettingsDialog.kt:chunk1, Duration: 19089ms, PromptTokens: 5726, CompletionTokens: 1127, Cost: $0.00102
2026-02-01 17:38:11,793 - Knowledge - INFO - process ingested knowledge for /app/data/T0015/313236/b3143s4/Android-OSS/feature/topic/api/src/main/kotlin/com/google/samples/apps/nowinandroid/feature/topic/api/navigation/TopicNavKey.kt
2026-02-01 17:38:11,889 - Knowledge - INFO - process ingested knowledge for /app/data/T0015/313236/b3143s4/Android-OSS/feature/interests/impl/src/test/kotlin/com/google/samples/apps/nowinandroid/interests/impl/InterestsListDetailScreenTest.kt
2026-02-01 17:38:12,008 - Knowledge - INFO - process ingested knowledge for /app/data/T0015/313236/b3143s4/Android-OSS/app-nia-catalog/src/main/res/drawable/ic_launcher_foreground.xml
2026-02-01 17:38:12,131 - Knowledge - INFO - process ingested knowledge for /app/data/T0015/313236/b3143s4/Android-OSS/feature/foryou/impl/src/main/kotlin/com/google/samples/apps/nowinandroid/feature/foryou/impl/navigation/ForYouEntryProvider.kt
2026-02-01 17:38:12,252 - Knowledge - INFO - process ingested knowledge for /app/data/T0015/313236/b3143s4/Android-OSS/benchmarks/src/main/kotlin/androidx/test/uiautomator/UiAutomatorHelpers.kt
2026-02-01 17:38:12,310 - Knowledge - INFO - Fast-tracked /app/data/T0015/313236/b3143s4/Android-OSS/app-nia-catalog/build.gradle.kts (small file (2752 bytes))
2026-02-01 17:38:12,333 - Knowledge - INFO - Worker kw2 processing /app/data/T0015/313236/b3143s4/Android-OSS/app/src/main/res/values/strings.xml
2026-02-01 17:38:12,404 - Knowledge - INFO - Fast-tracked /app/data/T0015/313236/b3143s4/Android-OSS/benchmarks/src/main/kotlin/com/google/samples/apps/nowinandroid/foryou/ScrollForYouFeedBenchmark.kt (small file (2084 bytes))
2026-02-01 17:38:12,414 - Knowledge - INFO - process ingested knowledge for /app/data/T0015/313236/b3143s4/Android-OSS/feature/search/impl/src/main/kotlin/com/google/samples/apps/nowinandroid/feature/search/impl/SearchViewModel.kt
2026-02-01 17:38:12,469 - Knowledge - INFO - Fast-tracked /app/data/T0015/313236/b3143s4/Android-OSS/benchmarks/src/main/kotlin/com/google/samples/apps/nowinandroid/interests/TopicsScreenRecompositionBenchmark.kt (small file (2206 bytes))
2026-02-01 17:38:12,510 - Knowledge - INFO - Batch sizing: calculated=6, max_allowed=10, queue=352, active_workers=20/20
2026-02-01 17:38:12,812 - Knowledge - INFO - done ingest for /app/data/T0015/313236/b3143s4/Android-OSS/feature/settings/impl/src/main/kotlin/com/google/samples/apps/nowinandroid/feature/settings/impl/SettingsDialog.kt
2026-02-01 17:38:12,818 - Knowledge - INFO - [LLM_CALL] Completed: BookmarksViewModel.kt:chunk1, Duration: 16659ms, PromptTokens: 2104, CompletionTokens: 477, Cost: $0.00040
2026-02-01 17:38:12,923 - Knowledge - INFO - process ingested knowledge for /app/data/T0015/313236/b3143s4/Android-OSS/feature/topic/api/src/main/AndroidManifest.xml
2026-02-01 17:38:13,126 - Knowledge - INFO - process ingested knowledge for /app/data/T0015/313236/b3143s4/Android-OSS/feature/interests/impl/src/androidTest/kotlin/com/google/samples/apps/nowinandroid/feature/interests/impl/InterestsScreenTest.kt
2026-02-01 17:38:13,296 - Knowledge - INFO - process ingested knowledge for /app/data/T0015/313236/b3143s4/Android-OSS/app-nia-catalog/src/main/res/drawable/ic_launcher_background.xml
2026-02-01 17:38:13,489 - Knowledge - INFO - process ingested knowledge for /app/data/T0015/313236/b3143s4/Android-OSS/feature/foryou/impl/src/main/kotlin/com/google/samples/apps/nowinandroid/feature/foryou/impl/ForYouScreen.kt
2026-02-01 17:38:13,796 - Knowledge - INFO - process ingested knowledge for /app/data/T0015/313236/b3143s4/Android-OSS/benchmarks/src/main/kotlin/com/google/samples/apps/nowinandroid/BaselineProfileMetrics.kt
2026-02-01 17:38:14,347 - Knowledge - INFO - Fast-tracked /app/data/T0015/313236/b3143s4/Android-OSS/app/src/main/res/values/strings.xml (ext=.xml, size=836)
2026-02-01 17:38:14,660 - Knowledge - INFO - process ingested knowledge for /app/data/T0015/313236/b3143s4/Android-OSS/feature/search/impl/build.gradle.kts
2026-02-01 17:38:14,667 - Knowledge - INFO - Fast-tracked /app/data/T0015/313236/b3143s4/Android-OSS/benchmarks/src/main/kotlin/com/google/samples/apps/nowinandroid/GeneralActions.kt (small file (2392 bytes))
2026-02-01 17:38:15,261 - Knowledge - INFO - done ingest for /app/data/T0015/313236/b3143s4/Android-OSS/feature/bookmarks/impl/src/main/kotlin/com/google/samples/apps/nowinandroid/feature/bookmarks/impl/BookmarksViewModel.kt
2026-02-01 17:38:15,272 - Knowledge - INFO - Processing batch of 6 files
2026-02-01 17:38:15,289 - Knowledge - INFO - [kw11] Queue=340, InProgress=0, PendingWorkers=20/20, Completed=72/484 (14.9%)
2026-02-01 17:38:15,344 - Knowledge - INFO - Async storing batch of 6 embeddings
2026-02-01 17:38:15,350 - Knowledge - INFO - [LLM_CALL] Completed: InterestsViewModel.kt:chunk1, Duration: 27700ms, PromptTokens: 2318, CompletionTokens: 525, Cost: $0.00044
2026-02-01 17:38:15,432 - Knowledge - INFO - process ingested knowledge for /app/data/T0015/313236/b3143s4/Android-OSS/feature/topic/api/build.gradle.kts
2026-02-01 17:38:15,557 - Knowledge - INFO - process ingested knowledge for /app/data/T0015/313236/b3143s4/Android-OSS/feature/interests/impl/src/main/kotlin/com/google/samples/apps/nowinandroid/feature/interests/impl/navigation/InterestsEntryProvider.kt
2026-02-01 17:38:15,637 - Knowledge - INFO - process ingested knowledge for /app/data/T0015/313236/b3143s4/Android-OSS/app-nia-catalog/src/main/res/mipmap-anydpi-v26/ic_launcher.xml
2026-02-01 17:38:15,733 - Knowledge - INFO - process ingested knowledge for /app/data/T0015/313236/b3143s4/Android-OSS/feature/foryou/impl/src/main/kotlin/com/google/samples/apps/nowinandroid/feature/foryou/impl/ForYouViewModel.kt
2026-02-01 17:38:15,866 - Knowledge - INFO - process ingested knowledge for /app/data/T0015/313236/b3143s4/Android-OSS/benchmarks/src/main/kotlin/com/google/samples/apps/nowinandroid/baselineprofile/StartupBaselineProfile.kt
2026-02-01 17:38:16,048 - Knowledge - INFO - Worker kw2 processing /app/data/T0015/313236/b3143s4/Android-OSS/app/src/main/res/values/themes.xml
2026-02-01 17:38:16,667 - Knowledge - INFO - process ingested knowledge for /app/data/T0015/313236/b3143s4/Android-OSS/benchmarks/src/main/kotlin/com/google/samples/apps/nowinandroid/startup/StartupBenchmark.kt
2026-02-01 17:38:16,742 - Knowledge - INFO - Batch sizing: calculated=6, max_allowed=10, queue=340, active_workers=20/20
2026-02-01 17:38:16,896 - Knowledge - INFO - Worker kw9 processing /app/data/T0015/313236/b3143s4/Android-OSS/app/src/main/kotlin/com/google/samples/apps/nowinandroid/ui/NiaApp.kt
2026-02-01 17:38:17,005 - Knowledge - INFO - done ingest for /app/data/T0015/313236/b3143s4/Android-OSS/feature/interests/impl/src/main/kotlin/com/google/samples/apps/nowinandroid/feature/interests/impl/InterestsViewModel.kt
2026-02-01 17:38:17,012 - Knowledge - INFO - Async storing batch of 6 embeddings
2026-02-01 17:38:17,048 - Knowledge - INFO - Async storing batch of 6 embeddings
2026-02-01 17:38:17,058 - Knowledge - INFO - [LLM_CALL] Completed: SettingsDialogTest.kt:chunk1, Duration: 31083ms, PromptTokens: 3718, CompletionTokens: 660, Cost: $0.00064
2026-02-01 17:38:17,972 - Knowledge - INFO - Fast-tracked /app/data/T0015/313236/b3143s4/Android-OSS/app/src/main/res/values/themes.xml (ext=.xml, size=1620)
2026-02-01 17:38:18,230 - Knowledge - INFO - process ingested knowledge for /app/data/T0015/313236/b3143s4/Android-OSS/benchmarks/src/main/AndroidManifest.xml
2026-02-01 17:38:18,504 - Knowledge - INFO - Worker kw9 processing /app/data/T0015/313236/b3143s4/Android-OSS/app/src/main/kotlin/com/google/samples/apps/nowinandroid/ui/NiaAppState.kt
2026-02-01 17:38:18,766 - Knowledge - INFO - Worker kw5 processing /app/data/T0015/313236/b3143s4/Android-OSS/app/src/main/kotlin/com/google/samples/apps/nowinandroid/MainActivityViewModel.kt
2026-02-01 17:38:18,907 - Knowledge - INFO - Worker kw3 processing /app/data/T0015/313236/b3143s4/Android-OSS/app/src/main/res/drawable/ic_launcher_background.xml
2026-02-01 17:38:19,030 - Knowledge - INFO - done ingest for /app/data/T0015/313236/b3143s4/Android-OSS/feature/settings/impl/src/androidTest/kotlin/com/google/samples/apps/nowinandroid/feature/settings/impl/SettingsDialogTest.kt
2026-02-01 17:38:19,178 - Knowledge - INFO - Worker kw2 processing /app/data/T0015/313236/b3143s4/Android-OSS/app/src/main/res/drawable/ic_launcher_foreground.xml
2026-02-01 17:38:19,517 - Knowledge - INFO - Worker kw9 processing /app/data/T0015/313236/b3143s4/Android-OSS/app/src/main/kotlin/com/google/samples/apps/nowinandroid/util/ProfileVerifierLogger.kt
2026-02-01 17:38:19,627 - Knowledge - INFO - Worker kw5 processing /app/data/T0015/313236/b3143s4/Android-OSS/app/src/main/kotlin/com/google/samples/apps/nowinandroid/MainActivity.kt
2026-02-01 17:38:19,747 - Knowledge - INFO - Async storing batch of 6 embeddings
2026-02-01 17:38:19,785 - Knowledge - INFO - Fast-tracked /app/data/T0015/313236/b3143s4/Android-OSS/app/src/main/res/drawable/ic_launcher_background.xml (ext=.xml, size=982)
2026-02-01 17:38:20,047 - Knowledge - INFO - Fast-tracked /app/data/T0015/313236/b3143s4/Android-OSS/app/src/main/res/drawable/ic_launcher_foreground.xml (ext=.xml, size=2183)
2026-02-01 17:38:20,172 - Knowledge - INFO - Worker kw9 processing /app/data/T0015/313236/b3143s4/Android-OSS/app/src/main/kotlin/com/google/samples/apps/nowinandroid/util/UiExtensions.kt
2026-02-01 17:38:20,316 - Knowledge - INFO - Fast-tracked /app/data/T0015/313236/b3143s4/Android-OSS/app/src/testDemo/kotlin/com/google/samples/apps/nowinandroid/ui/DeviceConfigurationOverrideWindowInsets.kt (small file (2685 bytes))
2026-02-01 17:38:20,386 - Knowledge - INFO - Worker kw5 processing /app/data/T0015/313236/b3143s4/Android-OSS/app/src/main/AndroidManifest.xml
2026-02-01 17:38:20,497 - Knowledge - INFO - Worker kw11 processing /app/data/T0015/313236/b3143s4/Android-OSS/app/src/debug/res/values/colors.xml
2026-02-01 17:38:20,563 - Knowledge - INFO - Worker kw3 processing /app/data/T0015/313236/b3143s4/Android-OSS/app/src/main/res/mipmap-anydpi-v26/ic_launcher.xml
2026-02-01 17:38:20,718 - Knowledge - INFO - Worker kw2 processing /app/data/T0015/313236/b3143s4/Android-OSS/app/src/main/res/drawable/ic_splash.xml
2026-02-01 17:38:20,864 - Knowledge - INFO - Fast-tracked /app/data/T0015/313236/b3143s4/Android-OSS/app/src/main/kotlin/com/google/samples/apps/nowinandroid/util/UiExtensions.kt (ext=.kt, size=1753)
2026-02-01 17:38:21,125 - Knowledge - INFO - [LLM_CALL] Completed: BookmarksScreenTest.kt:chunk1, Duration: 30239ms, PromptTokens: 3408, CompletionTokens: 755, Cost: $0.00064
2026-02-01 17:38:21,161 - Knowledge - INFO - Fast-tracked /app/data/T0015/313236/b3143s4/Android-OSS/app/src/main/AndroidManifest.xml (ext=.xml, size=3322)
2026-02-01 17:38:21,292 - Knowledge - INFO - Fast-tracked /app/data/T0015/313236/b3143s4/Android-OSS/app/src/debug/res/values/colors.xml (ext=.xml, size=1005)
2026-02-01 17:38:21,431 - Knowledge - INFO - process ingested knowledge for /app/data/T0015/313236/b3143s4/Android-OSS/benchmarks/build.gradle.kts
2026-02-01 17:38:21,538 - Knowledge - INFO - Fast-tracked /app/data/T0015/313236/b3143s4/Android-OSS/app/src/main/res/mipmap-anydpi-v26/ic_launcher.xml (ext=.xml, size=974)
2026-02-01 17:38:21,671 - Knowledge - INFO - Fast-tracked /app/data/T0015/313236/b3143s4/Android-OSS/app/src/main/res/drawable/ic_splash.xml (ext=.xml, size=2320)
2026-02-01 17:38:21,830 - Knowledge - INFO - Worker kw9 processing /app/data/T0015/313236/b3143s4/Android-OSS/app/src/main/kotlin/com/google/samples/apps/nowinandroid/NiaApplication.kt
2026-02-01 17:38:22,157 - Knowledge - INFO - done ingest for /app/data/T0015/313236/b3143s4/Android-OSS/feature/bookmarks/impl/src/androidTest/kotlin/com/google/samples/apps/nowinandroid/feature/bookmarks/impl/BookmarksScreenTest.kt
2026-02-01 17:38:22,158 - Knowledge - INFO - [LLM_CALL] Completed: ScrollTopicListPowerMetricsBenchmark.kt:chunk1, Duration: 14339ms, PromptTokens: 2128, CompletionTokens: 619, Cost: $0.00046
2026-02-01 17:38:22,286 - Knowledge - INFO - Worker kw5 processing /app/data/T0015/313236/b3143s4/Android-OSS/app/src/prod/AndroidManifest.xml
2026-02-01 17:38:22,458 - Knowledge - INFO - Worker kw11 processing /app/data/T0015/313236/b3143s4/Android-OSS/app/src/debug/res/values-night/colors.xml
2026-02-01 17:38:22,678 - Knowledge - INFO - Worker kw3 processing /app/data/T0015/313236/b3143s4/Android-OSS/app/src/main/res/mipmap-anydpi-v26/ic_launcher_round.xml
2026-02-01 17:38:22,763 - Knowledge - INFO - Async storage completed for 6 embeddings
2026-02-01 17:38:22,848 - Knowledge - INFO - Worker kw9 processing /app/data/T0015/313236/b3143s4/Android-OSS/app/src/main/kotlin/com/google/samples/apps/nowinandroid/di/JankStatsModule.kt
2026-02-01 17:38:23,048 - Knowledge - INFO - done ingest for /app/data/T0015/313236/b3143s4/Android-OSS/benchmarks/src/main/kotlin/com/google/samples/apps/nowinandroid/interests/ScrollTopicListPowerMetricsBenchmark.kt
2026-02-01 17:38:23,049 - Knowledge - INFO - [LLM_CALL] Completed: Catalog.kt:chunk1, Duration: 15264ms, PromptTokens: 6048, CompletionTokens: 764, Cost: $0.00091
2026-02-01 17:38:23,136 - Knowledge - INFO - process ingested knowledge for /app/data/T0015/313236/b3143s4/Android-OSS/benchmarks/README.md
2026-02-01 17:38:23,170 - Knowledge - INFO - Fast-tracked /app/data/T0015/313236/b3143s4/Android-OSS/app/src/prod/AndroidManifest.xml (ext=.xml, size=1069)
2026-02-01 17:38:23,239 - Knowledge - INFO - Fast-tracked /app/data/T0015/313236/b3143s4/Android-OSS/app/src/debug/res/values-night/colors.xml (ext=.xml, size=1005)
2026-02-01 17:38:23,367 - Knowledge - INFO - Fast-tracked /app/data/T0015/313236/b3143s4/Android-OSS/app/src/main/res/mipmap-anydpi-v26/ic_launcher_round.xml (ext=.xml, size=974)
2026-02-01 17:38:23,627 - Knowledge - INFO - Fast-tracked /app/data/T0015/313236/b3143s4/Android-OSS/app/src/main/kotlin/com/google/samples/apps/nowinandroid/di/JankStatsModule.kt (ext=.kt, size=1642)
2026-02-01 17:38:23,800 - Knowledge - INFO - done ingest for /app/data/T0015/313236/b3143s4/Android-OSS/app-nia-catalog/src/main/kotlin/com/google/samples/apps/niacatalog/ui/Catalog.kt
2026-02-01 17:38:23,817 - Knowledge - INFO - [LLM_CALL] Completed: ForYouActions.kt:chunk1, Duration: 16031ms, PromptTokens: 2594, CompletionTokens: 523, Cost: $0.00047
2026-02-01 17:38:24,032 - Knowledge - INFO - Worker kw5 processing /app/data/T0015/313236/b3143s4/Android-OSS/app/src/benchmark/res/values/colors.xml
2026-02-01 17:38:24,160 - Knowledge - INFO - Worker kw11 processing /app/data/T0015/313236/b3143s4/Android-OSS/app/benchmark-rules.pro
2026-02-01 17:38:24,309 - Knowledge - INFO - Worker kw3 processing /app/data/T0015/313236/b3143s4/Android-OSS/app/src/main/res/values-night/colors.xml
2026-02-01 17:38:24,405 - Knowledge - INFO - Async storage completed for 6 embeddings
2026-02-01 17:38:24,856 - Knowledge - INFO - done ingest for /app/data/T0015/313236/b3143s4/Android-OSS/benchmarks/src/main/kotlin/com/google/samples/apps/nowinandroid/foryou/ForYouActions.kt
2026-02-01 17:38:24,857 - Knowledge - INFO - [LLM_CALL] Completed: TopicScreenTest.kt:chunk1, Duration: 28704ms, PromptTokens: 2756, CompletionTokens: 544, Cost: $0.00049
2026-02-01 17:38:25,311 - Knowledge - INFO - Fast-tracked /app/data/T0015/313236/b3143s4/Android-OSS/app/src/benchmark/res/values/colors.xml (ext=.xml, size=1009)
2026-02-01 17:38:25,534 - Knowledge - INFO - Fast-tracked /app/data/T0015/313236/b3143s4/Android-OSS/app/benchmark-rules.pro (ext=.pro, size=896)
2026-02-01 17:38:25,586 - Knowledge - INFO - Fast-tracked /app/data/T0015/313236/b3143s4/Android-OSS/app/src/main/res/values-night/colors.xml (ext=.xml, size=820)
2026-02-01 17:38:26,065 - Knowledge - INFO - done ingest for /app/data/T0015/313236/b3143s4/Android-OSS/feature/topic/impl/src/androidTest/kotlin/com/google/samples/apps/nowinandroid/feature/topic/impl/TopicScreenTest.kt
2026-02-01 17:38:26,085 - Knowledge - INFO - [LLM_CALL] Completed: BookmarksScreen.kt:chunk1, Duration: 22567ms, PromptTokens: 5182, CompletionTokens: 1229, Cost: $0.00101
2026-02-01 17:38:26,212 - Knowledge - INFO - Worker kw5 processing /app/data/T0015/313236/b3143s4/Android-OSS/app/src/benchmark/res/values-night/colors.xml
2026-02-01 17:38:26,327 - Knowledge - INFO - Worker kw11 processing /app/data/T0015/313236/b3143s4/Android-OSS/app/google-services.json
2026-02-01 17:38:26,406 - Knowledge - INFO - Worker kw3 processing /app/data/T0015/313236/b3143s4/Android-OSS/app/src/main/res/values-night/themes.xml
2026-02-01 17:38:26,540 - Knowledge - INFO - process ingested knowledge for /app/data/T0015/313236/b3143s4/Android-OSS/tools/nowinandroid-codestyle.xml
2026-02-01 17:38:26,628 - Knowledge - INFO - done ingest for /app/data/T0015/313236/b3143s4/Android-OSS/feature/bookmarks/impl/src/main/kotlin/com/google/samples/apps/nowinandroid/feature/bookmarks/impl/BookmarksScreen.kt
2026-02-01 17:38:26,633 - Knowledge - INFO - Processing batch of 6 files
2026-02-01 17:38:26,658 - Knowledge - INFO - Processing batch of 6 files
2026-02-01 17:38:26,669 - Knowledge - INFO - [WEBSOCKET] Sent: Type=progress_update, Size: 289, Duration: 0ms
2026-02-01 17:38:26,779 - Knowledge - INFO - Fast-tracked /app/data/T0015/313236/b3143s4/Android-OSS/app/src/benchmark/res/values-night/colors.xml (ext=.xml, size=1009)
2026-02-01 17:38:26,920 - Knowledge - INFO - Fast-tracked /app/data/T0015/313236/b3143s4/Android-OSS/app/google-services.json (ext=.json, size=2917)
2026-02-01 17:38:27,059 - Knowledge - INFO - Fast-tracked /app/data/T0015/313236/b3143s4/Android-OSS/app/src/main/res/values-night/themes.xml (ext=.xml, size=1094)
2026-02-01 17:38:27,395 - Knowledge - INFO - process ingested knowledge for /app/data/T0015/313236/b3143s4/Android-OSS/feature/settings/impl/src/test/kotlin/com/google/samples/apps/nowinandroid/feature/settings/impl/SettingsViewModelTest.kt
2026-02-01 17:38:27,507 - Knowledge - INFO - process ingested knowledge for /app/data/T0015/313236/b3143s4/Android-OSS/feature/interests/impl/src/main/kotlin/com/google/samples/apps/nowinandroid/feature/interests/impl/InterestsDetailPlaceholder.kt
2026-02-01 17:38:27,646 - Knowledge - INFO - [LLM_CALL] Completed: TopicViewModel.kt:chunk1, Duration: 22906ms, PromptTokens: 3350, CompletionTokens: 698, Cost: $0.00061
2026-02-01 17:38:27,797 - Knowledge - INFO - Async storage completed for 6 embeddings
2026-02-01 17:38:27,885 - Knowledge - INFO - Worker kw11 processing /app/data/T0015/313236/b3143s4/Android-OSS/app/build.gradle.kts
2026-02-01 17:38:28,074 - Knowledge - INFO - Worker kw3 processing /app/data/T0015/313236/b3143s4/Android-OSS/app/src/main/kotlin/com/google/samples/apps/nowinandroid/navigation/TopLevelNavItem.kt
2026-02-01 17:38:28,445 - Knowledge - INFO - done ingest for /app/data/T0015/313236/b3143s4/Android-OSS/feature/topic/impl/src/main/kotlin/com/google/samples/apps/nowinandroid/feature/topic/impl/TopicViewModel.kt
2026-02-01 17:38:28,459 - Knowledge - INFO - [WEBSOCKET] Sent: Type=unknown, Size: ?, Duration: 1790ms
2026-02-01 17:38:28,677 - Knowledge - INFO - Worker kw11 processing /app/data/T0015/313236/b3143s4/Android-OSS/app/prodRelease-badging.txt
2026-02-01 17:38:28,875 - Knowledge - INFO - Fast-tracked /app/data/T0015/313236/b3143s4/Android-OSS/app/src/main/kotlin/com/google/samples/apps/nowinandroid/navigation/TopLevelNavItem.kt (small file (2948 bytes))
2026-02-01 17:38:28,882 - Knowledge - INFO - process ingested knowledge for /app/data/T0015/313236/b3143s4/Android-OSS/tools/setup.sh
2026-02-01 17:38:28,980 - Knowledge - INFO - Progress: 18.6% | Files: 97/484 | Rate: 1.43 files/sec | Queue: 334
2026-02-01 17:38:29,141 - Knowledge - INFO - process ingested knowledge for /app/data/T0015/313236/b3143s4/Android-OSS/feature/settings/impl/src/androidTest/kotlin/com/google/samples/apps/nowinandroid/feature/settings/impl/SettingsDialogTest.kt
2026-02-01 17:38:29,147 - Knowledge - INFO - Fast-tracked /app/data/T0015/313236/b3143s4/Android-OSS/app/prodRelease-badging.txt (ext=.txt, size=5833)
2026-02-01 17:38:29,147 - Knowledge - INFO - process ingested knowledge for /app/data/T0015/313236/b3143s4/Android-OSS/feature/interests/impl/src/main/kotlin/com/google/samples/apps/nowinandroid/feature/interests/impl/InterestsViewModel.kt
2026-02-01 17:38:29,179 - Knowledge - INFO - Async storage completed for 6 embeddings
2026-02-01 17:38:29,559 - Knowledge - INFO - Processing batch of 6 files
2026-02-01 17:38:29,581 - Knowledge - INFO - [kw13] Queue=334, InProgress=0, PendingWorkers=20/20, Completed=100/484 (20.7%)
2026-02-01 17:38:29,592 - Knowledge - INFO - Processing batch of 6 files
2026-02-01 17:38:29,609 - Knowledge - INFO - Processing batch of 6 files
2026-02-01 17:38:29,622 - Knowledge - INFO - [WEBSOCKET] Sent: Type=progress_update, Size: 291, Duration: 0ms
2026-02-01 17:38:29,640 - Knowledge - INFO - [kw4] Queue=334, InProgress=0, PendingWorkers=20/20, Completed=103/484 (21.3%)
2026-02-01 17:38:29,647 - Knowledge - INFO - process ingested knowledge for /app/data/T0015/313236/b3143s4/Android-OSS/feature/settings/impl/src/main/res/values/strings.xml
2026-02-01 17:38:29,659 - Knowledge - INFO - Async storage completed for 6 embeddings
2026-02-01 17:38:29,920 - Knowledge - INFO - [kw7] Queue=334, InProgress=0, PendingWorkers=20/20, Completed=103/484 (21.3%)
2026-02-01 17:38:30,074 - Knowledge - INFO - process ingested knowledge for /app/data/T0015/313236/b3143s4/Android-OSS/benchmarks/src/main/kotlin/com/google/samples/apps/nowinandroid/baselineprofile/InterestsBaselineProfile.kt
2026-02-01 17:38:30,128 - Knowledge - INFO - process ingested knowledge for /app/data/T0015/313236/b3143s4/Android-OSS/feature/interests/impl/src/main/kotlin/com/google/samples/apps/nowinandroid/feature/interests/impl/InterestsScreen.kt
2026-02-01 17:38:30,193 - Knowledge - INFO - Batch sizing: calculated=6, max_allowed=10, queue=334, active_workers=20/20
2026-02-01 17:38:30,340 - Knowledge - INFO - process ingested knowledge for /app/data/T0015/313236/b3143s4/Android-OSS/benchmarks/src/main/kotlin/com/google/samples/apps/nowinandroid/Utils.kt
2026-02-01 17:38:30,519 - Knowledge - INFO - process ingested knowledge for /app/data/T0015/313236/b3143s4/Android-OSS/app-nia-catalog/src/main/res/mipmap-anydpi-v26/ic_launcher_round.xml
2026-02-01 17:38:30,717 - Knowledge - INFO - Processing batch of 6 files
2026-02-01 17:38:30,723 - Knowledge - INFO - Processing batch of 6 files
2026-02-01 17:38:30,731 - Knowledge - INFO - [WEBSOCKET] Sent: Type=unknown, Size: ?, Duration: 1109ms
2026-02-01 17:38:30,808 - Knowledge - INFO - Batch sizing: calculated=6, max_allowed=10, queue=334, active_workers=20/20
2026-02-01 17:38:31,180 - Knowledge - INFO - Batch sizing: calculated=6, max_allowed=10, queue=334, active_workers=20/20
2026-02-01 17:38:31,188 - Knowledge - INFO - Fast-tracked /app/data/T0015/313236/b3143s4/Android-OSS/app/src/main/kotlin/com/google/samples/apps/nowinandroid/util/ProfileVerifierLogger.kt (small file (2685 bytes))
2026-02-01 17:38:31,196 - Knowledge - INFO - process ingested knowledge for /app/data/T0015/313236/b3143s4/Android-OSS/feature/settings/impl/src/main/kotlin/com/google/samples/apps/nowinandroid/feature/settings/impl/SettingsViewModel.kt
2026-02-01 17:38:31,281 - Knowledge - INFO - process ingested knowledge for /app/data/T0015/313236/b3143s4/Android-OSS/benchmarks/src/main/kotlin/com/google/samples/apps/nowinandroid/baselineprofile/BookmarksBaselineProfile.kt
2026-02-01 17:38:31,670 - Knowledge - INFO - process ingested knowledge for /app/data/T0015/313236/b3143s4/Android-OSS/feature/interests/impl/src/main/kotlin/com/google/samples/apps/nowinandroid/feature/interests/impl/TabContent.kt
2026-02-01 17:38:31,686 - Knowledge - INFO - process ingested knowledge for /app/data/T0015/313236/b3143s4/Android-OSS/benchmarks/src/main/kotlin/com/google/samples/apps/nowinandroid/interests/ScrollTopicListBenchmark.kt
2026-02-01 17:38:31,874 - Knowledge - INFO - process ingested knowledge for /app/data/T0015/313236/b3143s4/Android-OSS/app/src/main/res/drawable/ic_launcher_background.xml
2026-02-01 17:38:32,015 - Knowledge - INFO - process ingested knowledge for /app/data/T0015/313236/b3143s4/Android-OSS/feature/bookmarks/impl/src/test/kotlin/com/google/samples/apps/nowinandroid/feature/bookmarks/impl/BookmarksViewModelTest.kt
2026-02-01 17:38:32,162 - Knowledge - INFO - Progress: 21.3% | Files: 114/484 | Rate: 1.61 files/sec | Queue: 328
2026-02-01 17:38:32,179 - Knowledge - INFO - process ingested knowledge for /app/data/T0015/313236/b3143s4/Android-OSS/app-nia-catalog/src/main/kotlin/com/google/samples/apps/niacatalog/ui/Catalog.kt
2026-02-01 17:38:32,180 - Knowledge - INFO - [kw14] Queue=328, InProgress=0, PendingWorkers=20/20, Completed=114/484 (23.6%)
2026-02-01 17:38:32,188 - Knowledge - INFO - Async storing batch of 6 embeddings
2026-02-01 17:38:32,188 - Knowledge - INFO - [kw1] Queue=328, InProgress=0, PendingWorkers=20/20, Completed=114/484 (23.6%)
2026-02-01 17:38:32,214 - Knowledge - INFO - [LLM_CALL] Completed: TopicScreen.kt:chunk1, Duration: 24426ms, PromptTokens: 6096, CompletionTokens: 1199, Cost: $0.00109
2026-02-01 17:38:32,746 - Knowledge - INFO - Fast-tracked /app/data/T0015/313236/b3143s4/Android-OSS/app/src/main/kotlin/com/google/samples/apps/nowinandroid/NiaApplication.kt (small file (2304 bytes))
2026-02-01 17:38:32,747 - Knowledge - INFO - process ingested knowledge for /app/data/T0015/313236/b3143s4/Android-OSS/feature/settings/impl/src/main/kotlin/com/google/samples/apps/nowinandroid/feature/settings/impl/SettingsDialog.kt
2026-02-01 17:38:32,867 - Knowledge - INFO - process ingested knowledge for /app/data/T0015/313236/b3143s4/Android-OSS/benchmarks/src/main/kotlin/com/google/samples/apps/nowinandroid/baselineprofile/ForYouBaselineProfile.kt
2026-02-01 17:38:32,989 - Knowledge - INFO - process ingested knowledge for /app/data/T0015/313236/b3143s4/Android-OSS/feature/interests/impl/build.gradle.kts
2026-02-01 17:38:33,110 - Knowledge - INFO - process ingested knowledge for /app/data/T0015/313236/b3143s4/Android-OSS/benchmarks/src/main/kotlin/com/google/samples/apps/nowinandroid/interests/ScrollTopicListPowerMetricsBenchmark.kt
2026-02-01 17:38:33,222 - Knowledge - INFO - process ingested knowledge for /app/data/T0015/313236/b3143s4/Android-OSS/app/src/main/res/mipmap-anydpi-v26/ic_launcher.xml
2026-02-01 17:38:33,333 - Knowledge - INFO - process ingested knowledge for /app/data/T0015/313236/b3143s4/Android-OSS/feature/bookmarks/impl/src/androidTest/kotlin/com/google/samples/apps/nowinandroid/feature/bookmarks/impl/BookmarksScreenTest.kt
2026-02-01 17:38:33,466 - Knowledge - INFO - [kw16] Queue=316, InProgress=0, PendingWorkers=20/20, Completed=114/484 (23.6%)
2026-02-01 17:38:33,556 - Knowledge - INFO - process ingested knowledge for /app/data/T0015/313236/b3143s4/Android-OSS/app-nia-catalog/src/main/kotlin/com/google/samples/apps/niacatalog/NiaCatalogActivity.kt
2026-02-01 17:38:33,634 - Knowledge - INFO - Batch sizing: calculated=6, max_allowed=10, queue=328, active_workers=20/20
2026-02-01 17:38:33,738 - Knowledge - INFO - Worker kw13 processing /app/data/T0015/313236/b3143s4/Android-OSS/app/README.md
2026-02-01 17:38:33,821 - Knowledge - INFO - Batch sizing: calculated=6, max_allowed=10, queue=328, active_workers=20/20
2026-02-01 17:38:33,901 - Knowledge - INFO - done ingest for /app/data/T0015/313236/b3143s4/Android-OSS/feature/topic/impl/src/main/kotlin/com/google/samples/apps/nowinandroid/feature/topic/impl/TopicScreen.kt
2026-02-01 17:38:33,903 - Knowledge - INFO - Async storing batch of 6 embeddings
2026-02-01 17:38:33,903 - Knowledge - INFO - [LLM_CALL] Completed: NiaAppStateTest.kt:chunk1, Duration: 7825ms, PromptTokens: 3236, CompletionTokens: 781, Cost: $0.00064
2026-02-01 17:38:34,051 - Knowledge - INFO - process ingested knowledge for /app/data/T0015/313236/b3143s4/Android-OSS/feature/settings/impl/src/main/AndroidManifest.xml
2026-02-01 17:38:34,174 - Knowledge - INFO - process ingested knowledge for /app/data/T0015/313236/b3143s4/Android-OSS/benchmarks/src/main/kotlin/com/google/samples/apps/nowinandroid/foryou/ForYouActions.kt
2026-02-01 17:38:34,244 - Knowledge - INFO - process ingested knowledge for /app/data/T0015/313236/b3143s4/Android-OSS/feature/interests/impl/README.md
2026-02-01 17:38:34,325 - Knowledge - INFO - process ingested knowledge for /app/data/T0015/313236/b3143s4/Android-OSS/benchmarks/src/main/kotlin/com/google/samples/apps/nowinandroid/interests/TopicsScreenRecompositionBenchmark.kt
2026-02-01 17:38:34,432 - Knowledge - INFO - process ingested knowledge for /app/data/T0015/313236/b3143s4/Android-OSS/app/src/main/res/mipmap-anydpi-v26/ic_launcher_round.xml
2026-02-01 17:38:34,531 - Knowledge - INFO - process ingested knowledge for /app/data/T0015/313236/b3143s4/Android-OSS/feature/bookmarks/impl/src/main/kotlin/com/google/samples/apps/nowinandroid/feature/bookmarks/impl/navigation/BookmarksEntryProvider.kt
2026-02-01 17:38:34,639 - Knowledge - INFO - Batch sizing: calculated=6, max_allowed=10, queue=316, active_workers=20/20
2026-02-01 17:38:34,732 - Knowledge - INFO - process ingested knowledge for /app/data/T0015/313236/b3143s4/Android-OSS/app-nia-catalog/src/main/AndroidManifest.xml
2026-02-01 17:38:34,986 - Knowledge - INFO - Fast-tracked /app/data/T0015/313236/b3143s4/Android-OSS/app/README.md (ext=.md, size=6135)
2026-02-01 17:38:35,306 - Knowledge - INFO - Worker kw4 processing /app/data/T0015/313236/b3143s4/Android-OSS/core/navigation/src/main/kotlin/com/google/samples/apps/nowinandroid/core/navigation/Navigator.kt
2026-02-01 17:38:35,453 - Knowledge - INFO - done ingest for /app/data/T0015/313236/b3143s4/Android-OSS/app/src/testDemo/kotlin/com/google/samples/apps/nowinandroid/ui/NiaAppStateTest.kt
2026-02-01 17:38:35,461 - Knowledge - INFO - Async storing batch of 6 embeddings
2026-02-01 17:38:35,462 - Knowledge - INFO - [LLM_CALL] Completed: SnackbarScreenshotTests.kt:chunk1, Duration: 14351ms, PromptTokens: 3972, CompletionTokens: 772, Cost: $0.00071
2026-02-01 17:38:35,827 - Knowledge - INFO - process ingested knowledge for /app/data/T0015/313236/b3143s4/Android-OSS/benchmarks/src/main/kotlin/com/google/samples/apps/nowinandroid/foryou/ScrollForYouFeedBenchmark.kt
2026-02-01 17:38:36,348 - Knowledge - INFO - process ingested knowledge for /app/data/T0015/313236/b3143s4/Android-OSS/benchmarks/src/main/kotlin/com/google/samples/apps/nowinandroid/interests/InterestsActions.kt
2026-02-01 17:38:36,363 - Knowledge - INFO - process ingested knowledge for /app/data/T0015/313236/b3143s4/Android-OSS/app/src/main/res/values-night/colors.xml
2026-02-01 17:38:36,629 - Knowledge - INFO - process ingested knowledge for /app/data/T0015/313236/b3143s4/Android-OSS/feature/bookmarks/impl/src/main/kotlin/com/google/samples/apps/nowinandroid/feature/bookmarks/impl/BookmarksViewModel.kt
2026-02-01 17:38:36,660 - Knowledge - INFO - Worker kw13 processing /app/data/T0015/313236/b3143s4/Android-OSS/app/proguard-rules.pro
2026-02-01 17:38:36,766 - Knowledge - INFO - Worker kw4 processing /app/data/T0015/313236/b3143s4/Android-OSS/core/navigation/src/main/kotlin/com/google/samples/apps/nowinandroid/core/navigation/NavigationState.kt
2026-02-01 17:38:36,895 - Knowledge - INFO - process ingested knowledge for /app/data/T0015/313236/b3143s4/Android-OSS/app-nia-catalog/build.gradle.kts
2026-02-01 17:38:37,024 - Knowledge - INFO - Worker kw7 processing /app/data/T0015/313236/b3143s4/Android-OSS/core/domain/src/test/kotlin/com/google/samples/apps/nowinandroid/core/domain/GetFollowableTopicsUseCaseTest.kt
2026-02-01 17:38:37,150 - Knowledge - INFO - done ingest for /app/data/T0015/313236/b3143s4/Android-OSS/app/src/testDemo/kotlin/com/google/samples/apps/nowinandroid/ui/SnackbarScreenshotTests.kt
2026-02-01 17:38:37,150 - Knowledge - INFO - [WEBSOCKET] Sent: Type=progress_update, Size: 291, Duration: 3247ms
2026-02-01 17:38:37,954 - Knowledge - INFO - process ingested knowledge for /app/data/T0015/313236/b3143s4/Android-OSS/benchmarks/src/main/kotlin/com/google/samples/apps/nowinandroid/GeneralActions.kt
2026-02-01 17:38:37,960 - Knowledge - INFO - process ingested knowledge for /app/data/T0015/313236/b3143s4/Android-OSS/benchmarks/src/main/kotlin/com/google/samples/apps/nowinandroid/bookmarks/BookmarksActions.kt
2026-02-01 17:38:37,961 - Knowledge - INFO - Fast-tracked /app/data/T0015/313236/b3143s4/Android-OSS/app/proguard-rules.pro (ext=.pro, size=98)
2026-02-01 17:38:38,073 - Knowledge - INFO - Worker kw4 processing /app/data/T0015/313236/b3143s4/Android-OSS/core/navigation/build.gradle.kts
2026-02-01 17:38:38,204 - Knowledge - INFO - process ingested knowledge for /app/data/T0015/313236/b3143s4/Android-OSS/feature/bookmarks/impl/src/main/kotlin/com/google/samples/apps/nowinandroid/feature/bookmarks/impl/BookmarksScreen.kt
2026-02-01 17:38:38,219 - Knowledge - INFO - process ingested knowledge for /app/data/T0015/313236/b3143s4/Android-OSS/app/src/main/res/values-night/themes.xml
2026-02-01 17:38:38,236 - Knowledge - INFO - process ingested knowledge for /app/data/T0015/313236/b3143s4/Android-OSS/app-nia-catalog/README.md
2026-02-01 17:38:38,297 - Knowledge - INFO - Fast-tracked /app/data/T0015/313236/b3143s4/Android-OSS/core/domain/src/test/kotlin/com/google/samples/apps/nowinandroid/core/domain/GetFollowableTopicsUseCaseTest.kt (ext=.kt, size=3256)
2026-02-01 17:38:38,563 - Knowledge - INFO - Async storing batch of 6 embeddings
2026-02-01 17:38:38,570 - Knowledge - INFO - Async storing batch of 6 embeddings
2026-02-01 17:38:38,571 - Knowledge - INFO - Processing batch of 6 files
2026-02-01 17:38:38,587 - Knowledge - INFO - Async storing batch of 6 embeddings
2026-02-01 17:38:38,594 - Knowledge - INFO - Processing batch of 6 files
2026-02-01 17:38:38,609 - Knowledge - INFO - [WEBSOCKET] Sent: Type=unknown, Size: ?, Duration: 4706ms
2026-02-01 17:38:38,991 - Knowledge - INFO - Worker kw13 processing /app/data/T0015/313236/b3143s4/Android-OSS/app/dependencies/prodReleaseRuntimeClasspath.txt
2026-02-01 17:38:39,139 - Knowledge - INFO - Fast-tracked /app/data/T0015/313236/b3143s4/Android-OSS/core/navigation/build.gradle.kts (ext=.kts, size=1437)
2026-02-01 17:38:39,625 - Knowledge - INFO - Worker kw7 processing /app/data/T0015/313236/b3143s4/Android-OSS/core/domain/src/main/kotlin/com/google/samples/apps/nowinandroid/core/domain/GetSearchContentsUseCase.kt
2026-02-01 17:38:39,847 - Knowledge - INFO - Worker kw14 processing /app/data/T0015/313236/b3143s4/Android-OSS/core/domain/README.md
2026-02-01 17:38:39,959 - Knowledge - INFO - Worker kw1 processing /app/data/T0015/313236/b3143s4/Android-OSS/core/analytics/src/main/AndroidManifest.xml
2026-02-01 17:38:39,983 - Knowledge - INFO - process ingested knowledge for /app/data/T0015/313236/b3143s4/Android-OSS/feature/bookmarks/impl/src/main/AndroidManifest.xml
2026-02-01 17:38:40,002 - Knowledge - INFO - process ingested knowledge for /app/data/T0015/313236/b3143s4/Android-OSS/app/src/main/kotlin/com/google/samples/apps/nowinandroid/navigation/TopLevelNavItem.kt
2026-02-01 17:38:40,094 - Knowledge - INFO - process ingested knowledge for /app/data/T0015/313236/b3143s4/Android-OSS/feature/bookmarks/api/README.md
2026-02-01 17:38:40,293 - Knowledge - INFO - Worker kw16 processing /app/data/T0015/313236/b3143s4/Android-OSS/core/datastore-test/src/main/kotlin/com/google/samples/apps/nowinandroid/core/datastore/test/InMemoryDataStore.kt
2026-02-01 17:38:40,438 - Knowledge - INFO - process ingested knowledge for /app/data/T0015/313236/b3143s4/Android-OSS/app/src/testDemo/kotlin/com/google/samples/apps/nowinandroid/ui/NiaAppStateTest.kt
2026-02-01 17:38:40,585 - Knowledge - INFO - Progress: 23.6% | Files: 126/484 | Rate: 1.67 files/sec | Queue: 298
2026-02-01 17:38:40,796 - Knowledge - INFO - Fast-tracked /app/data/T0015/313236/b3143s4/Android-OSS/app/dependencies/prodReleaseRuntimeClasspath.txt (ext=.txt, size=12365)
2026-02-01 17:38:40,847 - Knowledge - INFO - Worker kw4 processing /app/data/T0015/313236/b3143s4/Android-OSS/core/navigation/README.md
2026-02-01 17:38:41,038 - Knowledge - INFO - Worker kw7 processing /app/data/T0015/313236/b3143s4/Android-OSS/core/domain/src/main/kotlin/com/google/samples/apps/nowinandroid/core/domain/GetRecentSearchQueriesUseCase.kt
2026-02-01 17:38:41,083 - Knowledge - INFO - [LLM_CALL] Completed: build.gradle.kts:chunk1, Duration: 8903ms, PromptTokens: 3252, CompletionTokens: 747, Cost: $0.00062
2026-02-01 17:38:41,151 - Knowledge - INFO - Fast-tracked /app/data/T0015/313236/b3143s4/Android-OSS/core/domain/README.md (ext=.md, size=2436)
2026-02-01 17:38:41,246 - Knowledge - INFO - Fast-tracked /app/data/T0015/313236/b3143s4/Android-OSS/core/analytics/src/main/AndroidManifest.xml (ext=.xml, size=684)
2026-02-01 17:38:41,370 - Knowledge - INFO - [kw8] Queue=298, InProgress=0, PendingWorkers=20/20, Completed=126/484 (26.0%)
2026-02-01 17:38:41,777 - Knowledge - INFO - Fast-tracked /app/data/T0015/313236/b3143s4/Android-OSS/core/datastore-test/src/main/kotlin/com/google/samples/apps/nowinandroid/core/datastore/test/InMemoryDataStore.kt (ext=.kt, size=1057)
2026-02-01 17:38:42,020 - Knowledge - INFO - Worker kw13 processing /app/data/T0015/313236/b3143s4/Android-OSS/AGENTS.md
2026-02-01 17:38:42,126 - Knowledge - INFO - Fast-tracked /app/data/T0015/313236/b3143s4/Android-OSS/core/navigation/README.md (ext=.md, size=122)
2026-02-01 17:38:42,225 - Knowledge - INFO - Fast-tracked /app/data/T0015/313236/b3143s4/Android-OSS/core/domain/src/main/kotlin/com/google/samples/apps/nowinandroid/core/domain/GetRecentSearchQueriesUseCase.kt (ext=.kt, size=1230)
2026-02-01 17:38:42,310 - Knowledge - INFO - done ingest for /app/data/T0015/313236/b3143s4/Android-OSS/app/build.gradle.kts
2026-02-01 17:38:42,311 - Knowledge - INFO - [WEBSOCKET] Sent: Type=progress_update, Size: 292, Duration: 0ms
2026-02-01 17:38:42,449 - Knowledge - INFO - Worker kw14 processing /app/data/T0015/313236/b3143s4/Android-OSS/core/analytics/src/main/kotlin/com/google/samples/apps/nowinandroid/core/analytics/UiHelpers.kt
2026-02-01 17:38:42,559 - Knowledge - INFO - Worker kw1 processing /app/data/T0015/313236/b3143s4/Android-OSS/core/analytics/src/prod/kotlin/com/google/samples/apps/nowinandroid/core/analytics/FirebaseAnalyticsHelper.kt
2026-02-01 17:38:42,601 - Knowledge - INFO - process ingested knowledge for /app/data/T0015/313236/b3143s4/Android-OSS/feature/topic/impl/src/test/kotlin/com/google/samples/apps/nowinandroid/feature/topic/impl/TopicViewModelTest.kt
2026-02-01 17:38:42,619 - Knowledge - INFO - process ingested knowledge for /app/data/T0015/313236/b3143s4/Android-OSS/app/src/main/res/values/colors.xml
2026-02-01 17:38:42,697 - Knowledge - INFO - Batch sizing: calculated=6, max_allowed=10, queue=298, active_workers=20/20
2026-02-01 17:38:42,867 - Knowledge - INFO - Worker kw16 processing /app/data/T0015/313236/b3143s4/Android-OSS/core/datastore-test/src/main/kotlin/com/google/samples/apps/nowinandroid/core/datastore/test/TestDataStoreModule.kt
2026-02-01 17:38:42,962 - Knowledge - INFO - Fast-tracked /app/data/T0015/313236/b3143s4/Android-OSS/AGENTS.md (ext=.md, size=3021)
2026-02-01 17:38:43,103 - Knowledge - INFO - Worker kw4 processing /app/data/T0015/313236/b3143s4/Android-OSS/core/datastore-proto/build.gradle.kts
2026-02-01 17:38:43,218 - Knowledge - INFO - [kw19] Queue=298, InProgress=0, PendingWorkers=20/20, Completed=126/484 (26.0%)
2026-02-01 17:38:43,232 - Knowledge - INFO - Worker kw7 processing /app/data/T0015/313236/b3143s4/Android-OSS/core/domain/src/main/kotlin/com/google/samples/apps/nowinandroid/core/domain/GetFollowableTopicsUseCase.kt
2026-02-01 17:38:43,403 - Knowledge - INFO - [LLM_CALL] Completed: MainActivityViewModel.kt:chunk1, Duration: 14396ms, PromptTokens: 2118, CompletionTokens: 415, Cost: $0.00038
2026-02-01 17:38:43,539 - Knowledge - INFO - Fast-tracked /app/data/T0015/313236/b3143s4/Android-OSS/core/analytics/src/main/kotlin/com/google/samples/apps/nowinandroid/core/analytics/UiHelpers.kt (ext=.kt, size=1117)
2026-02-01 17:38:43,621 - Knowledge - INFO - Fast-tracked /app/data/T0015/313236/b3143s4/Android-OSS/core/analytics/src/prod/kotlin/com/google/samples/apps/nowinandroid/core/analytics/FirebaseAnalyticsHelper.kt (ext=.kt, size=1443)
2026-02-01 17:38:43,969 - Knowledge - INFO - process ingested knowledge for /app/data/T0015/313236/b3143s4/Android-OSS/feature/topic/impl/src/androidTest/kotlin/com/google/samples/apps/nowinandroid/feature/topic/impl/TopicScreenTest.kt
2026-02-01 17:38:44,026 - Knowledge - INFO - Fast-tracked /app/data/T0015/313236/b3143s4/Android-OSS/core/datastore-test/src/main/kotlin/com/google/samples/apps/nowinandroid/core/datastore/test/TestDataStoreModule.kt (ext=.kt, size=1477)
2026-02-01 17:38:44,100 - Knowledge - INFO - process ingested knowledge for /app/data/T0015/313236/b3143s4/Android-OSS/app/src/main/res/values/strings.xml
2026-02-01 17:38:44,125 - Knowledge - INFO - Worker kw13 processing /app/data/T0015/313236/b3143s4/Android-OSS/build_android_release.sh
2026-02-01 17:38:44,213 - Knowledge - INFO - Fast-tracked /app/data/T0015/313236/b3143s4/Android-OSS/core/datastore-proto/build.gradle.kts (ext=.kts, size=1210)
2026-02-01 17:38:44,329 - Knowledge - INFO - Batch sizing: calculated=6, max_allowed=10, queue=298, active_workers=20/20
2026-02-01 17:38:44,424 - Knowledge - INFO - Worker kw7 processing /app/data/T0015/313236/b3143s4/Android-OSS/core/domain/src/main/AndroidManifest.xml
2026-02-01 17:38:44,513 - Knowledge - INFO - done ingest for /app/data/T0015/313236/b3143s4/Android-OSS/app/src/main/kotlin/com/google/samples/apps/nowinandroid/MainActivityViewModel.kt
2026-02-01 17:38:44,513 - Knowledge - INFO - [LLM_CALL] Completed: SnackbarInsetsScreenshotTests.kt:chunk1, Duration: 29192ms, PromptTokens: 5338, CompletionTokens: 1082, Cost: $0.00097
2026-02-01 17:38:44,590 - Knowledge - INFO - Worker kw14 processing /app/data/T0015/313236/b3143s4/Android-OSS/core/analytics/src/main/kotlin/com/google/samples/apps/nowinandroid/core/analytics/NoOpAnalyticsHelper.kt
2026-02-01 17:38:44,682 - Knowledge - INFO - Worker kw1 processing /app/data/T0015/313236/b3143s4/Android-OSS/core/analytics/src/prod/kotlin/com/google/samples/apps/nowinandroid/core/analytics/AnalyticsModule.kt
2026-02-01 17:38:44,764 - Knowledge - INFO - process ingested knowledge for /app/data/T0015/313236/b3143s4/Android-OSS/feature/topic/impl/src/main/kotlin/com/google/samples/apps/nowinandroid/feature/topic/impl/navigation/TopicEntryProvider.kt
2026-02-01 17:38:44,861 - Knowledge - INFO - Worker kw16 processing /app/data/T0015/313236/b3143s4/Android-OSS/core/datastore-test/src/main/AndroidManifest.xml
2026-02-01 17:38:44,948 - Knowledge - INFO - process ingested knowledge for /app/data/T0015/313236/b3143s4/Android-OSS/app/src/main/res/values/themes.xml
2026-02-01 17:38:45,044 - Knowledge - INFO - Fast-tracked /app/data/T0015/313236/b3143s4/Android-OSS/build_android_release.sh (ext=.sh, size=1746)
2026-02-01 17:38:45,146 - Knowledge - INFO - Worker kw4 processing /app/data/T0015/313236/b3143s4/Android-OSS/core/datastore-proto/README.md
2026-02-01 17:38:45,352 - Knowledge - INFO - Fast-tracked /app/data/T0015/313236/b3143s4/Android-OSS/core/domain/src/main/AndroidManifest.xml (ext=.xml, size=684)
2026-02-01 17:38:45,524 - Knowledge - INFO - done ingest for /app/data/T0015/313236/b3143s4/Android-OSS/app/src/testDemo/kotlin/com/google/samples/apps/nowinandroid/ui/SnackbarInsetsScreenshotTests.kt
2026-02-01 17:38:45,527 - Knowledge - INFO - [LLM_CALL] Completed: NiaAppState.kt:chunk1, Duration: 16533ms, PromptTokens: 2606, CompletionTokens: 630, Cost: $0.00051
2026-02-01 17:38:45,680 - Knowledge - INFO - Fast-tracked /app/data/T0015/313236/b3143s4/Android-OSS/core/analytics/src/main/kotlin/com/google/samples/apps/nowinandroid/core/analytics/NoOpAnalyticsHelper.kt (ext=.kt, size=878)
2026-02-01 17:38:45,862 - Knowledge - INFO - Fast-tracked /app/data/T0015/313236/b3143s4/Android-OSS/core/analytics/src/prod/kotlin/com/google/samples/apps/nowinandroid/core/analytics/AnalyticsModule.kt (ext=.kt, size=1337)
2026-02-01 17:38:45,928 - Knowledge - INFO - process ingested knowledge for /app/data/T0015/313236/b3143s4/Android-OSS/feature/topic/impl/src/main/kotlin/com/google/samples/apps/nowinandroid/feature/topic/impl/TopicViewModel.kt
2026-02-01 17:38:46,014 - Knowledge - INFO - Fast-tracked /app/data/T0015/313236/b3143s4/Android-OSS/core/datastore-test/src/main/AndroidManifest.xml (ext=.xml, size=684)
2026-02-01 17:38:46,128 - Knowledge - INFO - process ingested knowledge for /app/data/T0015/313236/b3143s4/Android-OSS/app/src/main/res/drawable/ic_launcher_foreground.xml
2026-02-01 17:38:46,251 - Knowledge - INFO - Worker kw13 processing /app/data/T0015/313236/b3143s4/Android-OSS/core/navigation/src/test/kotlin/com/google/samples/apps/nowinandroid/core/navigation/NavigatorTest.kt
2026-02-01 17:38:46,334 - Knowledge - INFO - Fast-tracked /app/data/T0015/313236/b3143s4/Android-OSS/core/datastore-proto/README.md (ext=.md, size=1490)
2026-02-01 17:38:46,404 - Knowledge - INFO - Worker kw7 processing /app/data/T0015/313236/b3143s4/Android-OSS/core/domain/build.gradle.kts
2026-02-01 17:38:46,677 - Knowledge - INFO - done ingest for /app/data/T0015/313236/b3143s4/Android-OSS/app/src/main/kotlin/com/google/samples/apps/nowinandroid/ui/NiaAppState.kt
2026-02-01 17:38:46,684 - Knowledge - INFO - [WEBSOCKET] Sent: Type=unknown, Size: ?, Duration: 4374ms
2026-02-01 17:38:46,788 - Knowledge - INFO - Worker kw14 processing /app/data/T0015/313236/b3143s4/Android-OSS/core/analytics/src/main/kotlin/com/google/samples/apps/nowinandroid/core/analytics/AnalyticsHelper.kt
2026-02-01 17:38:46,856 - Knowledge - INFO - Worker kw1 processing /app/data/T0015/313236/b3143s4/Android-OSS/core/analytics/src/demo/kotlin/com/google/samples/apps/nowinandroid/core/analytics/AnalyticsModule.kt
2026-02-01 17:38:46,937 - Knowledge - INFO - process ingested knowledge for /app/data/T0015/313236/b3143s4/Android-OSS/feature/topic/impl/src/main/kotlin/com/google/samples/apps/nowinandroid/feature/topic/impl/TopicScreen.kt
2026-02-01 17:38:47,034 - Knowledge - INFO - Worker kw16 processing /app/data/T0015/313236/b3143s4/Android-OSS/core/datastore-test/build.gradle.kts
2026-02-01 17:38:47,152 - Knowledge - INFO - process ingested knowledge for /app/data/T0015/313236/b3143s4/Android-OSS/app/src/main/res/drawable/ic_splash.xml
2026-02-01 17:38:47,271 - Knowledge - INFO - Fast-tracked /app/data/T0015/313236/b3143s4/Android-OSS/core/navigation/src/test/kotlin/com/google/samples/apps/nowinandroid/core/navigation/NavigatorTest.kt (ext=.kt, size=8023)
2026-02-01 17:38:47,366 - Knowledge - INFO - Fast-tracked /app/data/T0015/313236/b3143s4/Android-OSS/core/navigation/src/main/kotlin/com/google/samples/apps/nowinandroid/core/navigation/Navigator.kt (small file (2746 bytes))
2026-02-01 17:38:47,446 - Knowledge - INFO - Fast-tracked /app/data/T0015/313236/b3143s4/Android-OSS/core/domain/build.gradle.kts (ext=.kts, size=1016)
2026-02-01 17:38:47,865 - Knowledge - INFO - Progress: 26.0% | Files: 132/484 | Rate: 1.60 files/sec | Queue: 286
2026-02-01 17:38:48,032 - Knowledge - INFO - Processing batch of 6 files
2026-02-01 17:38:48,095 - Knowledge - INFO - Async storing batch of 6 embeddings
2026-02-01 17:38:48,095 - Knowledge - INFO - [kw3] Queue=286, InProgress=0, PendingWorkers=20/20, Completed=132/484 (27.3%)
2026-02-01 17:38:48,095 - Knowledge - INFO - [LLM_CALL] Completed: MainActivity.kt:chunk1, Duration: 15916ms, PromptTokens: 3936, CompletionTokens: 732, Cost: $0.00069
2026-02-01 17:38:48,289 - Knowledge - INFO - Fast-tracked /app/data/T0015/313236/b3143s4/Android-OSS/core/analytics/src/main/kotlin/com/google/samples/apps/nowinandroid/core/analytics/AnalyticsHelper.kt (ext=.kt, size=879)
2026-02-01 17:38:48,681 - Knowledge - INFO - Fast-tracked /app/data/T0015/313236/b3143s4/Android-OSS/core/analytics/src/demo/kotlin/com/google/samples/apps/nowinandroid/core/analytics/AnalyticsModule.kt (ext=.kt, size=996)
2026-02-01 17:38:48,937 - Knowledge - INFO - Fast-tracked /app/data/T0015/313236/b3143s4/Android-OSS/core/datastore-test/build.gradle.kts (ext=.kts, size=960)
2026-02-01 17:38:49,168 - Knowledge - INFO - Async storage completed for 6 embeddings
2026-02-01 17:38:49,347 - Knowledge - INFO - Fast-tracked /app/data/T0015/313236/b3143s4/Android-OSS/core/domain/src/main/kotlin/com/google/samples/apps/nowinandroid/core/domain/GetSearchContentsUseCase.kt (small file (2462 bytes))
2026-02-01 17:38:49,501 - Knowledge - INFO - [kw6] Queue=286, InProgress=0, PendingWorkers=20/20, Completed=132/484 (27.3%)
2026-02-01 17:38:49,549 - Knowledge - INFO - process ingested knowledge for /app/data/T0015/313236/b3143s4/Android-OSS/app/src/debug/res/values/colors.xml
2026-02-01 17:38:49,624 - Knowledge - INFO - Worker kw8 processing /app/data/T0015/313236/b3143s4/Android-OSS/core/network/src/main/kotlin/JvmUnitTestDemoAssetManager.kt
2026-02-01 17:38:49,744 - Knowledge - INFO - Batch sizing: calculated=6, max_allowed=10, queue=286, active_workers=20/20
2026-02-01 17:38:49,861 - Knowledge - INFO - done ingest for /app/data/T0015/313236/b3143s4/Android-OSS/app/src/main/kotlin/com/google/samples/apps/nowinandroid/MainActivity.kt
2026-02-01 17:38:49,862 - Knowledge - INFO - [LLM_CALL] Completed: NavigationTest.kt:chunk1, Duration: 42070ms, PromptTokens: 6366, CompletionTokens: 1209, Cost: $0.00112
2026-02-01 17:38:49,989 - Knowledge - INFO - Worker kw14 processing /app/data/T0015/313236/b3143s4/Android-OSS/core/analytics/src/main/kotlin/com/google/samples/apps/nowinandroid/core/analytics/StubAnalyticsHelper.kt
2026-02-01 17:38:50,089 - Knowledge - INFO - Worker kw1 processing /app/data/T0015/313236/b3143s4/Android-OSS/core/analytics/build.gradle.kts
2026-02-01 17:38:50,178 - Knowledge - INFO - Worker kw16 processing /app/data/T0015/313236/b3143s4/Android-OSS/core/datastore-test/README.md
2026-02-01 17:38:50,381 - Knowledge - INFO - Fast-tracked /app/data/T0015/313236/b3143s4/Android-OSS/core/domain/src/main/kotlin/com/google/samples/apps/nowinandroid/core/domain/GetFollowableTopicsUseCase.kt (small file (2218 bytes))
2026-02-01 17:38:50,458 - Knowledge - INFO - Batch sizing: calculated=6, max_allowed=10, queue=286, active_workers=20/20
2026-02-01 17:38:50,541 - Knowledge - INFO - process ingested knowledge for /app/data/T0015/313236/b3143s4/Android-OSS/app/src/debug/res/values-night/colors.xml
2026-02-01 17:38:50,638 - Knowledge - INFO - Fast-tracked /app/data/T0015/313236/b3143s4/Android-OSS/core/network/src/main/kotlin/JvmUnitTestDemoAssetManager.kt (ext=.kt, size=1812)
2026-02-01 17:38:50,887 - Knowledge - INFO - done ingest for /app/data/T0015/313236/b3143s4/Android-OSS/app/src/androidTest/kotlin/com/google/samples/apps/nowinandroid/ui/NavigationTest.kt
2026-02-01 17:38:50,889 - Knowledge - INFO - [kw18] Queue=280, InProgress=0, PendingWorkers=20/20, Completed=144/484 (29.8%)
2026-02-01 17:38:50,890 - Knowledge - INFO - [kw10] Queue=280, InProgress=0, PendingWorkers=20/20, Completed=144/484 (29.8%)
2026-02-01 17:38:50,890 - Knowledge - INFO - Async storing batch of 6 embeddings
2026-02-01 17:38:50,890 - Knowledge - INFO - [LLM_CALL] Completed: NiaApp.kt:chunk1, Duration: 24247ms, PromptTokens: 5442, CompletionTokens: 1440, Cost: $0.00112
2026-02-01 17:38:50,984 - Knowledge - INFO - Fast-tracked /app/data/T0015/313236/b3143s4/Android-OSS/core/analytics/src/main/kotlin/com/google/samples/apps/nowinandroid/core/analytics/StubAnalyticsHelper.kt (ext=.kt, size=1164)
2026-02-01 17:38:51,082 - Knowledge - INFO - Fast-tracked /app/data/T0015/313236/b3143s4/Android-OSS/core/analytics/build.gradle.kts (ext=.kts, size=1036)
2026-02-01 17:38:51,186 - Knowledge - INFO - Fast-tracked /app/data/T0015/313236/b3143s4/Android-OSS/core/datastore-test/README.md (ext=.md, size=1873)
2026-02-01 17:38:51,268 - Knowledge - INFO - Async storage completed for 6 embeddings
2026-02-01 17:38:51,425 - Knowledge - INFO - process ingested knowledge for /app/data/T0015/313236/b3143s4/Android-OSS/app/benchmark-rules.pro
2026-02-01 17:38:51,508 - Knowledge - INFO - Worker kw8 processing /app/data/T0015/313236/b3143s4/Android-OSS/core/network/src/main/kotlin/com/google/samples/apps/nowinandroid/core/network/NiaNetworkDataSource.kt
2026-02-01 17:38:51,833 - Knowledge - INFO - Batch sizing: calculated=6, max_allowed=10, queue=280, active_workers=20/20
2026-02-01 17:38:52,025 - Knowledge - INFO - Batch sizing: calculated=6, max_allowed=10, queue=280, active_workers=20/20
2026-02-01 17:38:52,448 - Knowledge - INFO - Worker kw19 processing /app/data/T0015/313236/b3143s4/Android-OSS/core/network/src/main/kotlin/com/google/samples/apps/nowinandroid/core/network/demo/DemoNiaNetworkDataSource.kt
2026-02-01 17:38:52,526 - Knowledge - INFO - done ingest for /app/data/T0015/313236/b3143s4/Android-OSS/app/src/main/kotlin/com/google/samples/apps/nowinandroid/ui/NiaApp.kt
2026-02-01 17:38:52,643 - Knowledge - INFO - Processing batch of 6 files
2026-02-01 17:38:52,649 - Knowledge - INFO - Async storing batch of 6 embeddings
2026-02-01 17:38:52,656 - Knowledge - INFO - Processing batch of 6 files
2026-02-01 17:38:52,663 - Knowledge - INFO - [kw15] Queue=274, InProgress=0, PendingWorkers=20/20, Completed=144/484 (29.8%)
2026-02-01 17:38:52,666 - Knowledge - INFO - [kw12] Queue=274, InProgress=0, PendingWorkers=20/20, Completed=144/484 (29.8%)
2026-02-01 17:38:52,666 - Knowledge - INFO - Async storing batch of 6 embeddings
2026-02-01 17:38:52,686 - Knowledge - INFO - [kw2] Queue=274, InProgress=0, PendingWorkers=20/20, Completed=144/484 (29.8%)
2026-02-01 17:38:52,692 - Knowledge - INFO - Worker kw14 processing /app/data/T0015/313236/b3143s4/Android-OSS/core/analytics/src/main/kotlin/com/google/samples/apps/nowinandroid/core/analytics/AnalyticsEvent.kt
2026-02-01 17:38:52,743 - Knowledge - INFO - [WEBSOCKET] Sent: Type=progress_update, Size: 292, Duration: 77ms
2026-02-01 17:38:52,813 - Knowledge - INFO - Worker kw1 processing /app/data/T0015/313236/b3143s4/Android-OSS/core/analytics/README.md
2026-02-01 17:38:52,934 - Knowledge - INFO - Worker kw16 processing /app/data/T0015/313236/b3143s4/Android-OSS/core/network/src/test/kotlin/com/google/samples/apps/nowinandroid/core/network/demo/DemoNiaNetworkDataSourceTest.kt
2026-02-01 17:38:53,156 - Knowledge - INFO - process ingested knowledge for /app/data/T0015/313236/b3143s4/Android-OSS/app/google-services.json
2026-02-01 17:38:53,270 - Knowledge - INFO - Fast-tracked /app/data/T0015/313236/b3143s4/Android-OSS/core/network/src/main/kotlin/com/google/samples/apps/nowinandroid/core/network/NiaNetworkDataSource.kt (ext=.kt, size=1349)
2026-02-01 17:38:53,538 - Knowledge - INFO - Worker kw19 processing /app/data/T0015/313236/b3143s4/Android-OSS/core/network/src/main/kotlin/com/google/samples/apps/nowinandroid/core/network/di/NetworkModule.kt
2026-02-01 17:38:53,583 - Knowledge - INFO - Async storage completed for 6 embeddings
2026-02-01 17:38:53,739 - Knowledge - INFO - process ingested knowledge for /app/data/T0015/313236/b3143s4/Android-OSS/app/README.md
2026-02-01 17:38:53,849 - Knowledge - INFO - Worker kw3 processing /app/data/T0015/313236/b3143s4/Android-OSS/core/network/src/prod/kotlin/com/google/samples/apps/nowinandroid/core/network/di/FlavoredNetworkModule.kt
2026-02-01 17:38:53,956 - Knowledge - INFO - process ingested knowledge for /app/data/T0015/313236/b3143s4/Android-OSS/app/src/main/kotlin/com/google/samples/apps/nowinandroid/MainActivityViewModel.kt
2026-02-01 17:38:54,032 - Knowledge - INFO - Batch sizing: calculated=6, max_allowed=10, queue=274, active_workers=20/20
2026-02-01 17:38:54,124 - Knowledge - INFO - Batch sizing: calculated=6, max_allowed=10, queue=274, active_workers=20/20
2026-02-01 17:38:54,248 - Knowledge - INFO - Worker kw6 processing /app/data/T0015/313236/b3143s4/Android-OSS/core/notifications/src/main/res/drawable-anydpi-v24/core_notifications_ic_nia_notification.xml
2026-02-01 17:38:54,316 - Knowledge - INFO - Batch sizing: calculated=6, max_allowed=10, queue=274, active_workers=20/20
2026-02-01 17:38:54,404 - Knowledge - INFO - Async storage completed for 6 embeddings
2026-02-01 17:38:54,488 - Knowledge - INFO - [LLM_CALL] Completed: NiaAppScreenSizesScreenshotTests.kt:chunk1, Duration: 35439ms, PromptTokens: 3970, CompletionTokens: 1285, Cost: $0.00091
2026-02-01 17:38:54,582 - Knowledge - INFO - Fast-tracked /app/data/T0015/313236/b3143s4/Android-OSS/core/analytics/README.md (ext=.md, size=1476)
2026-02-01 17:38:54,671 - Knowledge - INFO - Fast-tracked /app/data/T0015/313236/b3143s4/Android-OSS/core/network/src/test/kotlin/com/google/samples/apps/nowinandroid/core/network/demo/DemoNiaNetworkDataSourceTest.kt (ext=.kt, size=3589)
2026-02-01 17:38:54,734 - Knowledge - INFO - process ingested knowledge for /app/data/T0015/313236/b3143s4/Android-OSS/app/build.gradle.kts
2026-02-01 17:38:54,833 - Knowledge - INFO - Worker kw8 processing /app/data/T0015/313236/b3143s4/Android-OSS/core/network/src/main/kotlin/com/google/samples/apps/nowinandroid/core/network/model/NetworkNewsResource.kt
2026-02-01 17:38:54,912 - Knowledge - INFO - Worker kw19 processing /app/data/T0015/313236/b3143s4/Android-OSS/core/network/src/main/kotlin/com/google/samples/apps/nowinandroid/core/network/retrofit/RetrofitNiaNetwork.kt
2026-02-01 17:38:55,065 - Knowledge - INFO - process ingested knowledge for /app/data/T0015/313236/b3143s4/Android-OSS/app/proguard-rules.pro
2026-02-01 17:38:55,158 - Knowledge - INFO - Fast-tracked /app/data/T0015/313236/b3143s4/Android-OSS/core/network/src/prod/kotlin/com/google/samples/apps/nowinandroid/core/network/di/FlavoredNetworkModule.kt (ext=.kt, size=1127)
2026-02-01 17:38:55,234 - Knowledge - INFO - process ingested knowledge for /app/data/T0015/313236/b3143s4/Android-OSS/app/src/main/kotlin/com/google/samples/apps/nowinandroid/MainActivity.kt
2026-02-01 17:38:55,479 - Knowledge - INFO - Fast-tracked /app/data/T0015/313236/b3143s4/Android-OSS/core/notifications/src/main/res/drawable-anydpi-v24/core_notifications_ic_nia_notification.xml (ext=.xml, size=1419)
2026-02-01 17:38:55,678 - Knowledge - INFO - Fast-tracked /app/data/T0015/313236/b3143s4/Android-OSS/core/analytics/src/main/kotlin/com/google/samples/apps/nowinandroid/core/analytics/AnalyticsEvent.kt (small file (2065 bytes))
2026-02-01 17:38:55,751 - Knowledge - INFO - done ingest for /app/data/T0015/313236/b3143s4/Android-OSS/app/src/testDemo/kotlin/com/google/samples/apps/nowinandroid/ui/NiaAppScreenSizesScreenshotTests.kt
2026-02-01 17:38:55,752 - Knowledge - INFO - Processing batch of 6 files
2026-02-01 17:38:55,753 - Knowledge - INFO - Async storing batch of 6 embeddings
2026-02-01 17:38:55,753 - Knowledge - INFO - Async storing batch of 6 embeddings
2026-02-01 17:38:55,753 - Knowledge - INFO - Processing batch of 6 files
2026-02-01 17:38:55,753 - Knowledge - INFO - [WEBSOCKET] Sent: Type=unknown, Size: ?, Duration: 4864ms
2026-02-01 17:38:55,835 - Knowledge - INFO - Async storage completed for 6 embeddings
2026-02-01 17:38:55,905 - Knowledge - INFO - Async storage completed for 6 embeddings
2026-02-01 17:38:55,985 - Knowledge - INFO - process ingested knowledge for /app/data/T0015/313236/b3143s4/Android-OSS/app/prodRelease-badging.txt
2026-02-01 17:38:56,085 - Knowledge - INFO - Fast-tracked /app/data/T0015/313236/b3143s4/Android-OSS/core/network/src/main/kotlin/com/google/samples/apps/nowinandroid/core/network/model/NetworkNewsResource.kt (ext=.kt, size=1258)
2026-02-01 17:38:56,171 - Knowledge - INFO - Worker kw19 processing /app/data/T0015/313236/b3143s4/Android-OSS/core/network/src/main/assets/topics.json
2026-02-01 17:38:56,259 - Knowledge - INFO - process ingested knowledge for /app/data/T0015/313236/b3143s4/Android-OSS/app/dependencies/prodReleaseRuntimeClasspath.txt
2026-02-01 17:38:56,347 - Knowledge - INFO - Worker kw3 processing /app/data/T0015/313236/b3143s4/Android-OSS/core/network/src/demo/kotlin/com/google/samples/apps/nowinandroid/core/network/di/FlavoredNetworkModule.kt
2026-02-01 17:38:56,439 - Knowledge - INFO - process ingested knowledge for /app/data/T0015/313236/b3143s4/Android-OSS/app/src/main/AndroidManifest.xml
2026-02-01 17:38:56,541 - Knowledge - INFO - Worker kw6 processing /app/data/T0015/313236/b3143s4/Android-OSS/core/notifications/src/main/kotlin/com/google/samples/apps/nowinandroid/core/notifications/SystemTrayNotifier.kt
2026-02-01 17:38:56,822 - Knowledge - INFO - process ingested knowledge for /app/data/T0015/313236/b3143s4/Android-OSS/core/domain/src/test/kotlin/com/google/samples/apps/nowinandroid/core/domain/GetFollowableTopicsUseCaseTest.kt
2026-02-01 17:38:56,905 - Knowledge - INFO - Worker kw10 processing /app/data/T0015/313236/b3143s4/Android-OSS/core/data/src/test/kotlin/com/google/samples/apps/nowinandroid/core/data/repository/TestSynchronizer.kt
2026-02-01 17:38:56,999 - Knowledge - INFO - Worker kw18 processing /app/data/T0015/313236/b3143s4/Android-OSS/core/notifications/src/demo/kotlin/com/google/samples/apps/nowinandroid/core/notifications/NotificationsModule.kt
2026-02-01 17:38:57,078 - Knowledge - INFO - process ingested knowledge for /app/data/T0015/313236/b3143s4/Android-OSS/app/src/main/kotlin/com/google/samples/apps/nowinandroid/ui/NiaApp.kt
2026-02-01 17:38:57,156 - Knowledge - INFO - Progress: 29.8% | Files: 168/484 | Rate: 1.82 files/sec | Queue: 244
2026-02-01 17:38:57,156 - Knowledge - INFO - Async storing batch of 6 embeddings
2026-02-01 17:38:57,157 - Knowledge - INFO - Async storing batch of 6 embeddings
2026-02-01 17:38:57,157 - Knowledge - INFO - Processing batch of 6 files
2026-02-01 17:38:57,157 - Knowledge - INFO - Async storing batch of 6 embeddings
2026-02-01 17:38:57,158 - Knowledge - INFO - Processing batch of 6 files
2026-02-01 17:38:57,285 - Knowledge - INFO - Processing batch of 6 files
2026-02-01 17:38:57,366 - Knowledge - INFO - Processing batch of 6 files
2026-02-01 17:38:57,550 - Knowledge - INFO - Worker kw8 processing /app/data/T0015/313236/b3143s4/Android-OSS/core/network/src/main/kotlin/com/google/samples/apps/nowinandroid/core/network/model/NetworkTopic.kt
2026-02-01 17:38:57,657 - Knowledge - INFO - Fast-tracked /app/data/T0015/313236/b3143s4/Android-OSS/core/network/src/main/assets/topics.json (ext=.json, size=7483)
2026-02-01 17:38:57,758 - Knowledge - INFO - process ingested knowledge for /app/data/T0015/313236/b3143s4/Android-OSS/AGENTS.md
2026-02-01 17:38:57,853 - Knowledge - INFO - Fast-tracked /app/data/T0015/313236/b3143s4/Android-OSS/core/network/src/demo/kotlin/com/google/samples/apps/nowinandroid/core/network/di/FlavoredNetworkModule.kt (ext=.kt, size=1135)
2026-02-01 17:38:57,949 - Knowledge - INFO - process ingested knowledge for /app/data/T0015/313236/b3143s4/Android-OSS/app/src/prod/AndroidManifest.xml
2026-02-01 17:38:58,049 - Knowledge - INFO - Worker kw6 processing /app/data/T0015/313236/b3143s4/Android-OSS/core/notifications/src/main/kotlin/com/google/samples/apps/nowinandroid/core/notifications/NoOpNotifier.kt
2026-02-01 17:38:58,051 - Knowledge - INFO - [WEBSOCKET] Sent: Type=progress_update, Size: 293, Duration: 0ms
2026-02-01 17:38:58,130 - Knowledge - INFO - process ingested knowledge for /app/data/T0015/313236/b3143s4/Android-OSS/core/domain/src/main/kotlin/com/google/samples/apps/nowinandroid/core/domain/GetSearchContentsUseCase.kt
2026-02-01 17:38:58,253 - Knowledge - INFO - Fast-tracked /app/data/T0015/313236/b3143s4/Android-OSS/core/data/src/test/kotlin/com/google/samples/apps/nowinandroid/core/data/repository/TestSynchronizer.kt (ext=.kt, size=1377)
2026-02-01 17:38:58,338 - Knowledge - INFO - Fast-tracked /app/data/T0015/313236/b3143s4/Android-OSS/core/notifications/src/demo/kotlin/com/google/samples/apps/nowinandroid/core/notifications/NotificationsModule.kt (ext=.kt, size=986)
2026-02-01 17:38:58,414 - Knowledge - INFO - process ingested knowledge for /app/data/T0015/313236/b3143s4/Android-OSS/app/src/main/kotlin/com/google/samples/apps/nowinandroid/ui/NiaAppState.kt
2026-02-01 17:38:58,485 - Knowledge - INFO - [kw17] Queue=244, InProgress=0, PendingWorkers=20/20, Completed=180/484 (37.2%)
2026-02-01 17:38:58,581 - Knowledge - INFO - Worker kw15 processing /app/data/T0015/313236/b3143s4/Android-OSS/core/data/src/test/kotlin/com/google/samples/apps/nowinandroid/core/data/model/NetworkEntityTest.kt
2026-02-01 17:38:58,681 - Knowledge - INFO - Worker kw12 processing /app/data/T0015/313236/b3143s4/Android-OSS/core/data/src/main/kotlin/com/google/samples/apps/nowinandroid/core/data/repository/UserDataRepository.kt
2026-02-01 17:38:58,757 - Knowledge - INFO - process ingested knowledge for /app/data/T0015/313236/b3143s4/Android-OSS/core/domain/README.md
2026-02-01 17:38:58,839 - Knowledge - INFO - Worker kw2 processing /app/data/T0015/313236/b3143s4/Android-OSS/core/data/src/main/kotlin/com/google/samples/apps/nowinandroid/core/data/repository/AnalyticsExtensions.kt
2026-02-01 17:38:58,932 - Knowledge - INFO - process ingested knowledge for /app/data/T0015/313236/b3143s4/Android-OSS/app/src/androidTest/kotlin/com/google/samples/apps/nowinandroid/ui/NavigationTest.kt
2026-02-01 17:38:59,012 - Knowledge - INFO - process ingested knowledge for /app/data/T0015/313236/b3143s4/Android-OSS/core/analytics/src/main/AndroidManifest.xml
2026-02-01 17:38:59,128 - Knowledge - INFO - process ingested knowledge for /app/data/T0015/313236/b3143s4/Android-OSS/core/datastore-test/src/main/kotlin/com/google/samples/apps/nowinandroid/core/datastore/test/InMemoryDataStore.kt
2026-02-01 17:38:59,234 - Knowledge - INFO - Fast-tracked /app/data/T0015/313236/b3143s4/Android-OSS/core/network/src/main/kotlin/com/google/samples/apps/nowinandroid/core/network/model/NetworkTopic.kt (ext=.kt, size=1329)
2026-02-01 17:38:59,309 - Knowledge - INFO - Worker kw19 processing /app/data/T0015/313236/b3143s4/Android-OSS/core/network/src/main/assets/news.json
2026-02-01 17:38:59,431 - Knowledge - INFO - process ingested knowledge for /app/data/T0015/313236/b3143s4/Android-OSS/build_android_release.sh
2026-02-01 17:38:59,529 - Knowledge - INFO - Worker kw3 processing /app/data/T0015/313236/b3143s4/Android-OSS/core/network/lint.xml
2026-02-01 17:38:59,619 - Knowledge - INFO - process ingested knowledge for /app/data/T0015/313236/b3143s4/Android-OSS/app/src/benchmark/res/values/colors.xml
2026-02-01 17:38:59,772 - Knowledge - INFO - Fast-tracked /app/data/T0015/313236/b3143s4/Android-OSS/core/notifications/src/main/kotlin/com/google/samples/apps/nowinandroid/core/notifications/NoOpNotifier.kt (ext=.kt, size=1020)
2026-02-01 17:38:59,892 - Knowledge - INFO - [WEBSOCKET] Sent: Type=unknown, Size: ?, Duration: 1841ms
2026-02-01 17:38:59,973 - Knowledge - INFO - process ingested knowledge for /app/data/T0015/313236/b3143s4/Android-OSS/core/domain/src/main/kotlin/com/google/samples/apps/nowinandroid/core/domain/GetRecentSearchQueriesUseCase.kt
2026-02-01 17:39:00,054 - Knowledge - INFO - Worker kw10 processing /app/data/T0015/313236/b3143s4/Android-OSS/core/data/src/test/kotlin/com/google/samples/apps/nowinandroid/core/data/CompositeUserNewsResourceRepositoryTest.kt
2026-02-01 17:39:00,145 - Knowledge - INFO - Worker kw18 processing /app/data/T0015/313236/b3143s4/Android-OSS/core/notifications/build.gradle.kts
2026-02-01 17:39:00,234 - Knowledge - INFO - process ingested knowledge for /app/data/T0015/313236/b3143s4/Android-OSS/app/src/main/kotlin/com/google/samples/apps/nowinandroid/util/ProfileVerifierLogger.kt
2026-02-01 17:39:00,318 - Knowledge - INFO - Batch sizing: calculated=6, max_allowed=10, queue=244, active_workers=20/20
2026-02-01 17:39:00,400 - Knowledge - INFO - Fast-tracked /app/data/T0015/313236/b3143s4/Android-OSS/core/data/src/test/kotlin/com/google/samples/apps/nowinandroid/core/data/model/NetworkEntityTest.kt (ext=.kt, size=4800)
2026-02-01 17:39:00,489 - Knowledge - INFO - Worker kw12 processing /app/data/T0015/313236/b3143s4/Android-OSS/core/data/src/main/kotlin/com/google/samples/apps/nowinandroid/core/data/repository/DefaultSearchContentsRepository.kt
2026-02-01 17:39:00,570 - Knowledge - INFO - process ingested knowledge for /app/data/T0015/313236/b3143s4/Android-OSS/core/analytics/src/main/kotlin/com/google/samples/apps/nowinandroid/core/analytics/UiHelpers.kt
2026-02-01 17:39:00,675 - Knowledge - INFO - Worker kw2 processing /app/data/T0015/313236/b3143s4/Android-OSS/core/data/src/main/kotlin/com/google/samples/apps/nowinandroid/core/data/repository/OfflineFirstNewsRepository.kt
2026-02-01 17:39:00,754 - Knowledge - INFO - process ingested knowledge for /app/data/T0015/313236/b3143s4/Android-OSS/app/src/androidTest/kotlin/com/google/samples/apps/nowinandroid/ui/UiTestExtensions.kt
2026-02-01 17:39:00,828 - Knowledge - INFO - process ingested knowledge for /app/data/T0015/313236/b3143s4/Android-OSS/core/analytics/src/prod/kotlin/com/google/samples/apps/nowinandroid/core/analytics/FirebaseAnalyticsHelper.kt
2026-02-01 17:39:00,908 - Knowledge - INFO - process ingested knowledge for /app/data/T0015/313236/b3143s4/Android-OSS/core/datastore-test/src/main/kotlin/com/google/samples/apps/nowinandroid/core/datastore/test/TestDataStoreModule.kt
2026-02-01 17:39:00,984 - Knowledge - INFO - Worker kw8 processing /app/data/T0015/313236/b3143s4/Android-OSS/core/network/src/main/kotlin/com/google/samples/apps/nowinandroid/core/network/model/NetworkChangeList.kt
2026-02-01 17:39:01,063 - Knowledge - INFO - Fast-tracked /app/data/T0015/313236/b3143s4/Android-OSS/core/network/src/main/assets/news.json (ext=.json, size=231321)
2026-02-01 17:39:01,140 - Knowledge - INFO - process ingested knowledge for /app/data/T0015/313236/b3143s4/Android-OSS/core/navigation/src/test/kotlin/com/google/samples/apps/nowinandroid/core/navigation/NavigatorTest.kt
2026-02-01 17:39:01,243 - Knowledge - INFO - Fast-tracked /app/data/T0015/313236/b3143s4/Android-OSS/core/network/lint.xml (ext=.xml, size=1031)
2026-02-01 17:39:01,310 - Knowledge - INFO - process ingested knowledge for /app/data/T0015/313236/b3143s4/Android-OSS/app/src/benchmark/res/values-night/colors.xml
2026-02-01 17:39:01,395 - Knowledge - INFO - Worker kw6 processing /app/data/T0015/313236/b3143s4/Android-OSS/core/notifications/src/main/kotlin/com/google/samples/apps/nowinandroid/core/notifications/Notifier.kt
2026-02-01 17:39:01,480 - Knowledge - INFO - Progress: 37.2% | Files: 180/484 | Rate: 1.81 files/sec | Queue: 244
2026-02-01 17:39:01,480 - Knowledge - INFO - [LLM_CALL] Completed: NavigationState.kt:chunk1, Duration: 8944ms, PromptTokens: 2352, CompletionTokens: 488, Cost: $0.00043
2026-02-01 17:39:01,567 - Knowledge - INFO - process ingested knowledge for /app/data/T0015/313236/b3143s4/Android-OSS/core/domain/src/main/kotlin/com/google/samples/apps/nowinandroid/core/domain/GetFollowableTopicsUseCase.kt
2026-02-01 17:39:01,643 - Knowledge - INFO - Fast-tracked /app/data/T0015/313236/b3143s4/Android-OSS/core/data/src/test/kotlin/com/google/samples/apps/nowinandroid/core/data/CompositeUserNewsResourceRepositoryTest.kt (ext=.kt, size=7657)
2026-02-01 17:39:01,735 - Knowledge - INFO - Fast-tracked /app/data/T0015/313236/b3143s4/Android-OSS/core/notifications/build.gradle.kts (ext=.kts, size=953)
2026-02-01 17:39:01,852 - Knowledge - INFO - process ingested knowledge for /app/data/T0015/313236/b3143s4/Android-OSS/app/src/main/kotlin/com/google/samples/apps/nowinandroid/util/UiExtensions.kt
2026-02-01 17:39:02,038 - Knowledge - INFO - Worker kw15 processing /app/data/T0015/313236/b3143s4/Android-OSS/core/data/src/test/kotlin/com/google/samples/apps/nowinandroid/core/database/model/PopulatedNewsResourceKtTest.kt
2026-02-01 17:39:02,128 - Knowledge - INFO - Worker kw12 processing /app/data/T0015/313236/b3143s4/Android-OSS/core/data/src/main/kotlin/com/google/samples/apps/nowinandroid/core/data/repository/SearchContentsRepository.kt
2026-02-01 17:39:02,247 - Knowledge - INFO - process ingested knowledge for /app/data/T0015/313236/b3143s4/Android-OSS/core/analytics/src/main/kotlin/com/google/samples/apps/nowinandroid/core/analytics/NoOpAnalyticsHelper.kt
2026-02-01 17:39:02,375 - Knowledge - INFO - Worker kw2 processing /app/data/T0015/313236/b3143s4/Android-OSS/core/data/src/main/kotlin/com/google/samples/apps/nowinandroid/core/data/repository/TopicsRepository.kt
2026-02-01 17:39:02,461 - Knowledge - INFO - process ingested knowledge for /app/data/T0015/313236/b3143s4/Android-OSS/app/src/testDemo/kotlin/com/google/samples/apps/nowinandroid/ui/SnackbarInsetsScreenshotTests.kt
2026-02-01 17:39:02,533 - Knowledge - INFO - process ingested knowledge for /app/data/T0015/313236/b3143s4/Android-OSS/core/analytics/src/prod/kotlin/com/google/samples/apps/nowinandroid/core/analytics/AnalyticsModule.kt
2026-02-01 17:39:02,607 - Knowledge - INFO - process ingested knowledge for /app/data/T0015/313236/b3143s4/Android-OSS/core/datastore-test/src/main/AndroidManifest.xml
2026-02-01 17:39:02,689 - Knowledge - INFO - Fast-tracked /app/data/T0015/313236/b3143s4/Android-OSS/core/network/src/main/kotlin/com/google/samples/apps/nowinandroid/core/network/model/NetworkChangeList.kt (ext=.kt, size=1475)
2026-02-01 17:39:02,804 - Knowledge - INFO - Worker kw19 processing /app/data/T0015/313236/b3143s4/Android-OSS/core/network/src/main/AndroidManifest.xml
2026-02-01 17:39:03,021 - Knowledge - INFO - Worker kw3 processing /app/data/T0015/313236/b3143s4/Android-OSS/core/network/build.gradle.kts
2026-02-01 17:39:03,190 - Knowledge - INFO - Fast-tracked /app/data/T0015/313236/b3143s4/Android-OSS/core/notifications/src/main/kotlin/com/google/samples/apps/nowinandroid/core/notifications/Notifier.kt (ext=.kt, size=903)
2026-02-01 17:39:03,335 - Knowledge - INFO - [kw11] Queue=238, InProgress=0, PendingWorkers=20/20, Completed=180/484 (37.2%)
2026-02-01 17:39:03,381 - Knowledge - INFO - done ingest for /app/data/T0015/313236/b3143s4/Android-OSS/core/navigation/src/main/kotlin/com/google/samples/apps/nowinandroid/core/navigation/NavigationState.kt
2026-02-01 17:39:03,381 - Knowledge - INFO - Async storing batch of 6 embeddings
2026-02-01 17:39:03,542 - Knowledge - INFO - process ingested knowledge for /app/data/T0015/313236/b3143s4/Android-OSS/core/domain/src/main/AndroidManifest.xml
2026-02-01 17:39:03,576 - Knowledge - INFO - Worker kw10 processing /app/data/T0015/313236/b3143s4/Android-OSS/core/data/src/test/kotlin/com/google/samples/apps/nowinandroid/core/data/testdoubles/TestTopicDao.kt
2026-02-01 17:39:03,677 - Knowledge - INFO - [kw13] Queue=238, InProgress=0, PendingWorkers=20/20, Completed=180/484 (37.2%)
2026-02-01 17:39:03,686 - Knowledge - INFO - Worker kw18 processing /app/data/T0015/313236/b3143s4/Android-OSS/core/notifications/README.md
2026-02-01 17:39:03,801 - Knowledge - INFO - [kw5] Queue=238, InProgress=0, PendingWorkers=20/20, Completed=180/484 (37.2%)
2026-02-01 17:39:03,805 - Knowledge - INFO - process ingested knowledge for /app/data/T0015/313236/b3143s4/Android-OSS/app/src/main/kotlin/com/google/samples/apps/nowinandroid/NiaApplication.kt
2026-02-01 17:39:03,888 - Knowledge - INFO - Fast-tracked /app/data/T0015/313236/b3143s4/Android-OSS/core/data/src/test/kotlin/com/google/samples/apps/nowinandroid/core/database/model/PopulatedNewsResourceKtTest.kt (ext=.kt, size=2606)
2026-02-01 17:39:03,976 - Knowledge - INFO - Fast-tracked /app/data/T0015/313236/b3143s4/Android-OSS/core/data/src/main/kotlin/com/google/samples/apps/nowinandroid/core/data/repository/SearchContentsRepository.kt (ext=.kt, size=1224)
2026-02-01 17:39:04,093 - Knowledge - INFO - process ingested knowledge for /app/data/T0015/313236/b3143s4/Android-OSS/core/analytics/src/main/kotlin/com/google/samples/apps/nowinandroid/core/analytics/AnalyticsHelper.kt
2026-02-01 17:39:04,206 - Knowledge - INFO - Fast-tracked /app/data/T0015/313236/b3143s4/Android-OSS/core/data/src/main/kotlin/com/google/samples/apps/nowinandroid/core/data/repository/TopicsRepository.kt (ext=.kt, size=1089)
2026-02-01 17:39:04,297 - Knowledge - INFO - process ingested knowledge for /app/data/T0015/313236/b3143s4/Android-OSS/app/src/testDemo/kotlin/com/google/samples/apps/nowinandroid/ui/NiaAppScreenSizesScreenshotTests.kt
2026-02-01 17:39:04,379 - Knowledge - INFO - process ingested knowledge for /app/data/T0015/313236/b3143s4/Android-OSS/core/analytics/src/demo/kotlin/com/google/samples/apps/nowinandroid/core/analytics/AnalyticsModule.kt
2026-02-01 17:39:04,478 - Knowledge - INFO - process ingested knowledge for /app/data/T0015/313236/b3143s4/Android-OSS/core/datastore-test/build.gradle.kts
2026-02-01 17:39:04,566 - Knowledge - INFO - Worker kw8 processing /app/data/T0015/313236/b3143s4/Android-OSS/core/network/src/main/kotlin/com/google/samples/apps/nowinandroid/core/network/demo/DemoAssetManager.kt
2026-02-01 17:39:04,657 - Knowledge - INFO - Fast-tracked /app/data/T0015/313236/b3143s4/Android-OSS/core/network/src/main/AndroidManifest.xml (ext=.xml, size=821)
2026-02-01 17:39:04,779 - Knowledge - INFO - Worker kw3 processing /app/data/T0015/313236/b3143s4/Android-OSS/core/network/README.md
2026-02-01 17:39:04,846 - Knowledge - INFO - Worker kw6 processing /app/data/T0015/313236/b3143s4/Android-OSS/core/notifications/src/main/AndroidManifest.xml
2026-02-01 17:39:04,921 - Knowledge - INFO - Batch sizing: calculated=6, max_allowed=10, queue=238, active_workers=20/20
2026-02-01 17:39:05,003 - Knowledge - INFO - Processing batch of 6 files
2026-02-01 17:39:05,124 - Knowledge - INFO - Worker kw17 processing /app/data/T0015/313236/b3143s4/Android-OSS/core/data/src/main/kotlin/com/google/samples/apps/nowinandroid/core/data/util/SyncManager.kt
2026-02-01 17:39:05,210 - Knowledge - INFO - process ingested knowledge for /app/data/T0015/313236/b3143s4/Android-OSS/core/domain/build.gradle.kts
2026-02-01 17:39:05,285 - Knowledge - INFO - Fast-tracked /app/data/T0015/313236/b3143s4/Android-OSS/core/data/src/test/kotlin/com/google/samples/apps/nowinandroid/core/data/testdoubles/TestTopicDao.kt (ext=.kt, size=2320)
2026-02-01 17:39:05,380 - Knowledge - INFO - Batch sizing: calculated=6, max_allowed=10, queue=238, active_workers=20/20
2026-02-01 17:39:05,505 - Knowledge - INFO - Fast-tracked /app/data/T0015/313236/b3143s4/Android-OSS/core/notifications/README.md (ext=.md, size=1643)
2026-02-01 17:39:05,593 - Knowledge - INFO - Batch sizing: calculated=6, max_allowed=10, queue=238, active_workers=20/20
2026-02-01 17:39:05,670 - Knowledge - INFO - process ingested knowledge for /app/data/T0015/313236/b3143s4/Android-OSS/app/src/main/kotlin/com/google/samples/apps/nowinandroid/di/JankStatsModule.kt
2026-02-01 17:39:05,740 - Knowledge - INFO - Worker kw15 processing /app/data/T0015/313236/b3143s4/Android-OSS/core/data/src/main/kotlin/com/google/samples/apps/nowinandroid/core/data/repository/CompositeUserNewsResourceRepository.kt
2026-02-01 17:39:05,810 - Knowledge - INFO - Worker kw12 processing /app/data/T0015/313236/b3143s4/Android-OSS/core/data/src/main/kotlin/com/google/samples/apps/nowinandroid/core/data/repository/OfflineFirstUserDataRepository.kt
2026-02-01 17:39:05,891 - Knowledge - INFO - process ingested knowledge for /app/data/T0015/313236/b3143s4/Android-OSS/core/analytics/src/main/kotlin/com/google/samples/apps/nowinandroid/core/analytics/StubAnalyticsHelper.kt
2026-02-01 17:39:05,971 - Knowledge - INFO - Worker kw2 processing /app/data/T0015/313236/b3143s4/Android-OSS/core/data/src/main/kotlin/com/google/samples/apps/nowinandroid/core/data/SyncUtilities.kt
2026-02-01 17:39:06,043 - Knowledge - INFO - process ingested knowledge for /app/data/T0015/313236/b3143s4/Android-OSS/app/src/testDemo/kotlin/com/google/samples/apps/nowinandroid/ui/DeviceConfigurationOverrideWindowInsets.kt
2026-02-01 17:39:06,122 - Knowledge - INFO - process ingested knowledge for /app/data/T0015/313236/b3143s4/Android-OSS/core/analytics/build.gradle.kts
2026-02-01 17:39:06,204 - Knowledge - INFO - process ingested knowledge for /app/data/T0015/313236/b3143s4/Android-OSS/core/datastore-test/README.md
2026-02-01 17:39:06,290 - Knowledge - INFO - Fast-tracked /app/data/T0015/313236/b3143s4/Android-OSS/core/network/src/main/kotlin/com/google/samples/apps/nowinandroid/core/network/demo/DemoAssetManager.kt (ext=.kt, size=788)
2026-02-01 17:39:06,368 - Knowledge - INFO - Async storage completed for 6 embeddings
2026-02-01 17:39:06,442 - Knowledge - INFO - Fast-tracked /app/data/T0015/313236/b3143s4/Android-OSS/core/network/README.md (ext=.md, size=1612)
2026-02-01 17:39:06,555 - Knowledge - INFO - Fast-tracked /app/data/T0015/313236/b3143s4/Android-OSS/core/notifications/src/main/AndroidManifest.xml (ext=.xml, size=829)
2026-02-01 17:39:06,631 - Knowledge - INFO - Async storing batch of 6 embeddings
2026-02-01 17:39:06,721 - Knowledge - INFO - process ingested knowledge for /app/data/T0015/313236/b3143s4/Android-OSS/core/navigation/src/main/kotlin/com/google/samples/apps/nowinandroid/core/navigation/Navigator.kt
2026-02-01 17:39:06,804 - Knowledge - INFO - Fast-tracked /app/data/T0015/313236/b3143s4/Android-OSS/core/data/src/main/kotlin/com/google/samples/apps/nowinandroid/core/data/util/SyncManager.kt (ext=.kt, size=852)
2026-02-01 17:39:06,952 - Knowledge - INFO - Worker kw10 processing /app/data/T0015/313236/b3143s4/Android-OSS/core/data/src/test/kotlin/com/google/samples/apps/nowinandroid/core/data/testdoubles/TestNiaNetworkDataSource.kt
2026-02-01 17:39:07,051 - Knowledge - INFO - Async storing batch of 6 embeddings
2026-02-01 17:39:07,099 - Knowledge - INFO - Worker kw18 processing /app/data/T0015/313236/b3143s4/Android-OSS/core/data/src/test/kotlin/com/google/samples/apps/nowinandroid/core/data/repository/OfflineFirstTopicsRepositoryTest.kt
2026-02-01 17:39:07,232 - Knowledge - INFO - Async storing batch of 6 embeddings
2026-02-01 17:39:07,390 - Knowledge - INFO - Worker kw15 processing /app/data/T0015/313236/b3143s4/Android-OSS/core/data/src/main/kotlin/com/google/samples/apps/nowinandroid/core/data/repository/RecentSearchRepository.kt
2026-02-01 17:39:07,485 - Knowledge - INFO - [kw7] Queue=220, InProgress=0, PendingWorkers=20/20, Completed=186/484 (38.4%)
2026-02-01 17:39:07,487 - Knowledge - INFO - Worker kw12 processing /app/data/T0015/313236/b3143s4/Android-OSS/core/data/src/main/kotlin/com/google/samples/apps/nowinandroid/core/data/repository/UserNewsResourceRepository.kt
2026-02-01 17:39:07,565 - Knowledge - INFO - process ingested knowledge for /app/data/T0015/313236/b3143s4/Android-OSS/core/analytics/src/main/kotlin/com/google/samples/apps/nowinandroid/core/analytics/AnalyticsEvent.kt
2026-02-01 17:39:07,643 - Knowledge - INFO - Worker kw2 processing /app/data/T0015/313236/b3143s4/Android-OSS/core/data/src/main/kotlin/com/google/samples/apps/nowinandroid/core/data/util/TimeZoneMonitor.kt
2026-02-01 17:39:07,718 - Knowledge - INFO - process ingested knowledge for /app/data/T0015/313236/b3143s4/Android-OSS/app/src/testDemo/kotlin/com/google/samples/apps/nowinandroid/ui/SnackbarScreenshotTests.kt
2026-02-01 17:39:07,801 - Knowledge - INFO - process ingested knowledge for /app/data/T0015/313236/b3143s4/Android-OSS/core/analytics/README.md
2026-02-01 17:39:07,834 - Knowledge - INFO - [kw9] Queue=220, InProgress=0, PendingWorkers=20/20, Completed=186/484 (38.4%)
2026-02-01 17:39:07,896 - Knowledge - INFO - process ingested knowledge for /app/data/T0015/313236/b3143s4/Android-OSS/core/network/src/test/kotlin/com/google/samples/apps/nowinandroid/core/network/demo/DemoNiaNetworkDataSourceTest.kt
2026-02-01 17:39:07,997 - Knowledge - INFO - Async storage completed for 6 embeddings
2026-02-01 17:39:08,232 - Knowledge - INFO - Worker kw3 processing /app/data/T0015/313236/b3143s4/Android-OSS/core/notifications/src/main/res/values/strings.xml
2026-02-01 17:39:08,357 - Knowledge - INFO - Worker kw6 processing /app/data/T0015/313236/b3143s4/Android-OSS/core/notifications/src/prod/kotlin/com/google/samples/apps/nowinandroid/core/notifications/NotificationsModule.kt
2026-02-01 17:39:08,434 - Knowledge - INFO - Worker kw11 processing /app/data/T0015/313236/b3143s4/Android-OSS/core/data/src/main/kotlin/com/google/samples/apps/nowinandroid/core/data/di/UserNewsResourceRepositoryModule.kt
2026-02-01 17:39:08,509 - Knowledge - INFO - process ingested knowledge for /app/data/T0015/313236/b3143s4/Android-OSS/core/navigation/src/main/kotlin/com/google/samples/apps/nowinandroid/core/navigation/NavigationState.kt
2026-02-01 17:39:08,616 - Knowledge - INFO - Worker kw17 processing /app/data/T0015/313236/b3143s4/Android-OSS/core/data/src/main/kotlin/com/google/samples/apps/nowinandroid/core/data/util/NetworkMonitor.kt
2026-02-01 17:39:08,731 - Knowledge - INFO - Fast-tracked /app/data/T0015/313236/b3143s4/Android-OSS/core/data/src/test/kotlin/com/google/samples/apps/nowinandroid/core/data/testdoubles/TestNiaNetworkDataSource.kt (ext=.kt, size=4471)
2026-02-01 17:39:08,817 - Knowledge - INFO - Worker kw13 processing /app/data/T0015/313236/b3143s4/Android-OSS/core/testing/src/main/kotlin/com/google/samples/apps/nowinandroid/core/testing/repository/TestUserDataRepository.kt
2026-02-01 17:39:08,893 - Knowledge - INFO - Fast-tracked /app/data/T0015/313236/b3143s4/Android-OSS/core/data/src/test/kotlin/com/google/samples/apps/nowinandroid/core/data/repository/OfflineFirstTopicsRepositoryTest.kt (ext=.kt, size=6211)
2026-02-01 17:39:09,001 - Knowledge - INFO - Worker kw5 processing /app/data/T0015/313236/b3143s4/Android-OSS/core/testing/src/main/kotlin/com/google/samples/apps/nowinandroid/core/testing/data/FollowableTopicTestData.kt
2026-02-01 17:39:09,086 - Knowledge - INFO - Fast-tracked /app/data/T0015/313236/b3143s4/Android-OSS/core/data/src/main/kotlin/com/google/samples/apps/nowinandroid/core/data/repository/RecentSearchRepository.kt (ext=.kt, size=1317)
2026-02-01 17:39:09,183 - Knowledge - INFO - Batch sizing: calculated=6, max_allowed=10, queue=220, active_workers=20/20
2026-02-01 17:39:09,263 - Knowledge - INFO - Fast-tracked /app/data/T0015/313236/b3143s4/Android-OSS/core/data/src/main/kotlin/com/google/samples/apps/nowinandroid/core/data/repository/UserNewsResourceRepository.kt (ext=.kt, size=1470)
2026-02-01 17:39:09,433 - Knowledge - INFO - Worker kw2 processing /app/data/T0015/313236/b3143s4/Android-OSS/core/data/src/main/kotlin/com/google/samples/apps/nowinandroid/core/data/util/ConnectivityManagerNetworkMonitor.kt
2026-02-01 17:39:09,690 - Knowledge - INFO - Batch sizing: calculated=6, max_allowed=10, queue=220, active_workers=20/20
2026-02-01 17:39:09,935 - Knowledge - INFO - Fast-tracked /app/data/T0015/313236/b3143s4/Android-OSS/core/notifications/src/main/res/values/strings.xml (ext=.xml, size=1014)
2026-02-01 17:39:10,029 - Knowledge - INFO - Fast-tracked /app/data/T0015/313236/b3143s4/Android-OSS/core/notifications/src/prod/kotlin/com/google/samples/apps/nowinandroid/core/notifications/NotificationsModule.kt (ext=.kt, size=992)
2026-02-01 17:39:10,112 - Knowledge - INFO - Fast-tracked /app/data/T0015/313236/b3143s4/Android-OSS/core/data/src/main/kotlin/com/google/samples/apps/nowinandroid/core/data/di/UserNewsResourceRepositoryModule.kt (ext=.kt, size=1242)
2026-02-01 17:39:10,268 - Knowledge - INFO - Fast-tracked /app/data/T0015/313236/b3143s4/Android-OSS/core/data/src/main/kotlin/com/google/samples/apps/nowinandroid/core/data/util/NetworkMonitor.kt (ext=.kt, size=833)
2026-02-01 17:39:10,354 - Knowledge - INFO - Worker kw10 processing /app/data/T0015/313236/b3143s4/Android-OSS/core/data/src/test/kotlin/com/google/samples/apps/nowinandroid/core/data/testdoubles/TestNewsResourceDao.kt
2026-02-01 17:39:10,440 - Knowledge - INFO - Worker kw13 processing /app/data/T0015/313236/b3143s4/Android-OSS/core/testing/src/main/kotlin/com/google/samples/apps/nowinandroid/core/testing/repository/TestSearchContentsRepository.kt
2026-02-01 17:39:10,449 - Knowledge - INFO - process ingested knowledge for /app/data/T0015/313236/b3143s4/Android-OSS/core/navigation/build.gradle.kts
2026-02-01 17:39:10,533 - Knowledge - INFO - Worker kw18 processing /app/data/T0015/313236/b3143s4/Android-OSS/core/data/src/test/kotlin/com/google/samples/apps/nowinandroid/core/data/repository/OfflineFirstUserDataRepositoryTest.kt
2026-02-01 17:39:10,634 - Knowledge - INFO - Worker kw5 processing /app/data/T0015/313236/b3143s4/Android-OSS/core/testing/src/main/kotlin/com/google/samples/apps/nowinandroid/core/testing/data/NewsResourcesTestData.kt
2026-02-01 17:39:10,733 - Knowledge - INFO - Worker kw15 processing /app/data/T0015/313236/b3143s4/Android-OSS/core/data/src/main/kotlin/com/google/samples/apps/nowinandroid/core/data/repository/NewsRepository.kt
2026-02-01 17:39:10,891 - Knowledge - INFO - [WEBSOCKET] Sent: Type=progress_update, Size: 293, Duration: 0ms
2026-02-01 17:39:10,902 - Knowledge - INFO - Worker kw12 processing /app/data/T0015/313236/b3143s4/Android-OSS/core/data/src/main/kotlin/com/google/samples/apps/nowinandroid/core/data/repository/DefaultRecentSearchRepository.kt
2026-02-01 17:39:11,052 - Knowledge - INFO - Fast-tracked /app/data/T0015/313236/b3143s4/Android-OSS/core/data/src/main/kotlin/com/google/samples/apps/nowinandroid/core/data/repository/AnalyticsExtensions.kt (small file (3014 bytes))
2026-02-01 17:39:11,222 - Knowledge - INFO - Fast-tracked /app/data/T0015/313236/b3143s4/Android-OSS/core/network/build.gradle.kts (small file (2025 bytes))
2026-02-01 17:39:11,434 - Knowledge - INFO - Worker kw11 processing /app/data/T0015/313236/b3143s4/Android-OSS/core/data/src/main/AndroidManifest.xml
2026-02-01 17:39:11,527 - Knowledge - INFO - Worker kw17 processing /app/data/T0015/313236/b3143s4/Android-OSS/core/data/src/main/kotlin/com/google/samples/apps/nowinandroid/core/data/model/Topic.kt
2026-02-01 17:39:11,618 - Knowledge - INFO - Fast-tracked /app/data/T0015/313236/b3143s4/Android-OSS/core/data/src/test/kotlin/com/google/samples/apps/nowinandroid/core/data/testdoubles/TestNewsResourceDao.kt (ext=.kt, size=5142)
2026-02-01 17:39:11,700 - Knowledge - INFO - Worker kw13 processing /app/data/T0015/313236/b3143s4/Android-OSS/core/testing/src/main/kotlin/com/google/samples/apps/nowinandroid/core/testing/repository/TestTopicsRepository.kt
2026-02-01 17:39:11,812 - Knowledge - INFO - process ingested knowledge for /app/data/T0015/313236/b3143s4/Android-OSS/core/navigation/README.md
2026-02-01 17:39:11,948 - Knowledge - INFO - Fast-tracked /app/data/T0015/313236/b3143s4/Android-OSS/core/data/src/test/kotlin/com/google/samples/apps/nowinandroid/core/data/repository/OfflineFirstUserDataRepositoryTest.kt (ext=.kt, size=8640)
2026-02-01 17:39:12,030 - Knowledge - INFO - Worker kw5 processing /app/data/T0015/313236/b3143s4/Android-OSS/core/testing/src/main/kotlin/com/google/samples/apps/nowinandroid/core/testing/util/TestTimeZoneMonitor.kt
2026-02-01 17:39:12,115 - Knowledge - INFO - Fast-tracked /app/data/T0015/313236/b3143s4/Android-OSS/core/data/src/main/kotlin/com/google/samples/apps/nowinandroid/core/data/repository/NewsRepository.kt (ext=.kt, size=1594)
2026-02-01 17:39:12,192 - Knowledge - INFO - Processing batch of 6 files
2026-02-01 17:39:12,195 - Knowledge - INFO - Async storing batch of 6 embeddings
2026-02-01 17:39:12,196 - Knowledge - INFO - [kw1] Queue=208, InProgress=0, PendingWorkers=20/20, Completed=192/484 (39.7%)
2026-02-01 17:39:12,196 - Knowledge - INFO - Async storing batch of 6 embeddings
2026-02-01 17:39:12,196 - Knowledge - INFO - [WEBSOCKET] Sent: Type=unknown, Size: ?, Duration: 1305ms
2026-02-01 17:39:12,317 - Knowledge - INFO - Fast-tracked /app/data/T0015/313236/b3143s4/Android-OSS/core/data/src/main/kotlin/com/google/samples/apps/nowinandroid/core/data/repository/DefaultRecentSearchRepository.kt (ext=.kt, size=1926)
2026-02-01 17:39:12,489 - Knowledge - INFO - Async storage completed for 6 embeddings
2026-02-01 17:39:12,583 - Knowledge - INFO - Fast-tracked /app/data/T0015/313236/b3143s4/Android-OSS/core/data/src/main/AndroidManifest.xml (ext=.xml, size=832)
2026-02-01 17:39:12,676 - Knowledge - INFO - Fast-tracked /app/data/T0015/313236/b3143s4/Android-OSS/core/data/src/main/kotlin/com/google/samples/apps/nowinandroid/core/data/model/Topic.kt (ext=.kt, size=1027)
2026-02-01 17:39:12,748 - Knowledge - INFO - Worker kw10 processing /app/data/T0015/313236/b3143s4/Android-OSS/core/data/src/test/kotlin/com/google/samples/apps/nowinandroid/core/data/UserNewsResourceTest.kt
2026-02-01 17:39:12,842 - Knowledge - INFO - Fast-tracked /app/data/T0015/313236/b3143s4/Android-OSS/core/testing/src/main/kotlin/com/google/samples/apps/nowinandroid/core/testing/repository/TestTopicsRepository.kt (ext=.kt, size=1781)
2026-02-01 17:39:12,914 - Knowledge - INFO - process ingested knowledge for /app/data/T0015/313236/b3143s4/Android-OSS/core/datastore-proto/build.gradle.kts
2026-02-01 17:39:12,974 - Knowledge - INFO - Async storage completed for 6 embeddings
2026-02-01 17:39:12,982 - Knowledge - INFO - Worker kw18 processing /app/data/T0015/313236/b3143s4/Android-OSS/core/data/src/test/kotlin/com/google/samples/apps/nowinandroid/core/data/repository/OfflineFirstNewsRepositoryTest.kt
2026-02-01 17:39:13,068 - Knowledge - INFO - Fast-tracked /app/data/T0015/313236/b3143s4/Android-OSS/core/testing/src/main/kotlin/com/google/samples/apps/nowinandroid/core/testing/util/TestTimeZoneMonitor.kt (ext=.kt, size=1297)
2026-02-01 17:39:13,148 - Knowledge - INFO - Worker kw15 processing /app/data/T0015/313236/b3143s4/Android-OSS/core/data/src/main/kotlin/com/google/samples/apps/nowinandroid/core/data/repository/OfflineFirstTopicsRepository.kt
2026-02-01 17:39:13,249 - Knowledge - INFO - process ingested knowledge for /app/data/T0015/313236/b3143s4/Android-OSS/core/network/src/main/kotlin/JvmUnitTestDemoAssetManager.kt
2026-02-01 17:39:13,342 - Knowledge - INFO - Worker kw7 processing /app/data/T0015/313236/b3143s4/Android-OSS/core/testing/src/main/kotlin/com/google/samples/apps/nowinandroid/core/testing/util/TestNetworkMonitor.kt
2026-02-01 17:39:13,428 - Knowledge - INFO - Batch sizing: calculated=6, max_allowed=10, queue=208, active_workers=20/20
2026-02-01 17:39:13,555 - Knowledge - INFO - Worker kw9 processing /app/data/T0015/313236/b3143s4/Android-OSS/core/testing/build.gradle.kts
2026-02-01 17:39:13,627 - Knowledge - INFO - Progress: 39.3% | Files: 192/484 | Rate: 1.71 files/sec | Queue: 208
2026-02-01 17:39:13,627 - Knowledge - INFO - [kw20] Queue=208, InProgress=0, PendingWorkers=20/20, Completed=192/484 (39.7%)
2026-02-01 17:39:13,629 - Knowledge - INFO - [kw16] Queue=208, InProgress=0, PendingWorkers=20/20, Completed=192/484 (39.7%)
2026-02-01 17:39:13,708 - Knowledge - INFO - Fast-tracked /app/data/T0015/313236/b3143s4/Android-OSS/core/data/src/main/kotlin/com/google/samples/apps/nowinandroid/core/data/repository/UserDataRepository.kt (small file (2167 bytes))
2026-02-01 17:39:13,806 - Knowledge - INFO - Processing batch of 6 files
2026-02-01 17:39:13,918 - Knowledge - INFO - Worker kw11 processing /app/data/T0015/313236/b3143s4/Android-OSS/core/data/build.gradle.kts
2026-02-01 17:39:14,006 - Knowledge - INFO - Worker kw17 processing /app/data/T0015/313236/b3143s4/Android-OSS/core/data/src/main/kotlin/com/google/samples/apps/nowinandroid/core/data/model/NewsResource.kt
2026-02-01 17:39:14,090 - Knowledge - INFO - Fast-tracked /app/data/T0015/313236/b3143s4/Android-OSS/core/data/src/test/kotlin/com/google/samples/apps/nowinandroid/core/data/UserNewsResourceTest.kt (ext=.kt, size=4287)
2026-02-01 17:39:14,174 - Knowledge - INFO - Worker kw13 processing /app/data/T0015/313236/b3143s4/Android-OSS/core/testing/src/main/kotlin/com/google/samples/apps/nowinandroid/core/testing/notifications/TestNotifier.kt
2026-02-01 17:39:14,278 - Knowledge - INFO - process ingested knowledge for /app/data/T0015/313236/b3143s4/Android-OSS/core/datastore-proto/README.md
2026-02-01 17:39:14,483 - Knowledge - INFO - Fast-tracked /app/data/T0015/313236/b3143s4/Android-OSS/core/data/src/test/kotlin/com/google/samples/apps/nowinandroid/core/data/repository/OfflineFirstNewsRepositoryTest.kt (ext=.kt, size=14583)
2026-02-01 17:39:14,572 - Knowledge - INFO - Worker kw5 processing /app/data/T0015/313236/b3143s4/Android-OSS/core/testing/src/main/kotlin/com/google/samples/apps/nowinandroid/core/testing/util/MainDispatcherRule.kt
2026-02-01 17:39:14,676 - Knowledge - INFO - Fast-tracked /app/data/T0015/313236/b3143s4/Android-OSS/core/data/src/main/kotlin/com/google/samples/apps/nowinandroid/core/data/repository/CompositeUserNewsResourceRepository.kt (small file (2816 bytes))
2026-02-01 17:39:14,738 - Knowledge - INFO - process ingested knowledge for /app/data/T0015/313236/b3143s4/Android-OSS/core/network/src/main/kotlin/com/google/samples/apps/nowinandroid/core/network/NiaNetworkDataSource.kt
2026-02-01 17:39:14,833 - Knowledge - INFO - Fast-tracked /app/data/T0015/313236/b3143s4/Android-OSS/core/testing/src/main/kotlin/com/google/samples/apps/nowinandroid/core/testing/util/TestNetworkMonitor.kt (ext=.kt, size=1184)
2026-02-01 17:39:14,918 - Knowledge - INFO - Async storing batch of 6 embeddings
2026-02-01 17:39:15,202 - Knowledge - INFO - Fast-tracked /app/data/T0015/313236/b3143s4/Android-OSS/core/testing/build.gradle.kts (ext=.kts, size=1152)
2026-02-01 17:39:15,283 - Knowledge - INFO - Batch sizing: calculated=6, max_allowed=10, queue=208, active_workers=20/20
2026-02-01 17:39:15,497 - Knowledge - INFO - Batch sizing: calculated=6, max_allowed=10, queue=208, active_workers=20/20
2026-02-01 17:39:15,630 - Knowledge - INFO - [kw14] Queue=202, InProgress=0, PendingWorkers=20/20, Completed=198/484 (40.9%)
2026-02-01 17:39:15,923 - Knowledge - INFO - process ingested knowledge for /app/data/T0015/313236/b3143s4/Android-OSS/core/network/src/prod/kotlin/com/google/samples/apps/nowinandroid/core/network/di/FlavoredNetworkModule.kt
2026-02-01 17:39:16,079 - Knowledge - INFO - Fast-tracked /app/data/T0015/313236/b3143s4/Android-OSS/core/data/build.gradle.kts (ext=.kts, size=1397)
2026-02-01 17:39:16,098 - Knowledge - INFO - [LLM_CALL] Completed: DemoNiaNetworkDataSource.kt:chunk1, Duration: 7984ms, PromptTokens: 2458, CompletionTokens: 636, Cost: $0.00050
2026-02-01 17:39:16,136 - Knowledge - INFO - Worker kw17 processing /app/data/T0015/313236/b3143s4/Android-OSS/core/data/src/main/kotlin/com/google/samples/apps/nowinandroid/core/data/model/RecentSearchQuery.kt
2026-02-01 17:39:16,256 - Knowledge - INFO - Async storage completed for 6 embeddings
2026-02-01 17:39:16,371 - Knowledge - INFO - Fast-tracked /app/data/T0015/313236/b3143s4/Android-OSS/core/testing/src/main/kotlin/com/google/samples/apps/nowinandroid/core/testing/notifications/TestNotifier.kt (ext=.kt, size=1240)
2026-02-01 17:39:16,540 - Knowledge - INFO - Async storage completed for 6 embeddings
2026-02-01 17:39:16,618 - Knowledge - INFO - Fast-tracked /app/data/T0015/313236/b3143s4/Android-OSS/core/testing/src/main/kotlin/com/google/samples/apps/nowinandroid/core/testing/util/MainDispatcherRule.kt (ext=.kt, size=1412)
2026-02-01 17:39:16,712 - Knowledge - INFO - Fast-tracked /app/data/T0015/313236/b3143s4/Android-OSS/core/data/src/main/kotlin/com/google/samples/apps/nowinandroid/core/data/repository/OfflineFirstTopicsRepository.kt (small file (2837 bytes))
2026-02-01 17:39:16,863 - Knowledge - INFO - process ingested knowledge for /app/data/T0015/313236/b3143s4/Android-OSS/core/network/src/main/kotlin/com/google/samples/apps/nowinandroid/core/network/model/NetworkNewsResource.kt
2026-02-01 17:39:16,873 - Knowledge - INFO - Worker kw7 processing /app/data/T0015/313236/b3143s4/Android-OSS/core/testing/src/main/kotlin/com/google/samples/apps/nowinandroid/core/testing/di/TestDispatcherModule.kt
2026-02-01 17:39:16,956 - Knowledge - INFO - Worker kw1 processing /app/data/T0015/313236/b3143s4/Android-OSS/core/ui/src/main/kotlin/com/google/samples/apps/nowinandroid/core/ui/NewsResourceCard.kt
2026-02-01 17:39:17,078 - Knowledge - INFO - Worker kw9 processing /app/data/T0015/313236/b3143s4/Android-OSS/core/testing/README.md
2026-02-01 17:39:17,368 - Knowledge - INFO - Batch sizing: calculated=6, max_allowed=10, queue=202, active_workers=20/20
2026-02-01 17:39:17,449 - Knowledge - INFO - process ingested knowledge for /app/data/T0015/313236/b3143s4/Android-OSS/core/network/src/demo/kotlin/com/google/samples/apps/nowinandroid/core/network/di/FlavoredNetworkModule.kt
2026-02-01 17:39:17,518 - Knowledge - INFO - Worker kw11 processing /app/data/T0015/313236/b3143s4/Android-OSS/core/data/README.md
2026-02-01 17:39:17,615 - Knowledge - INFO - done ingest for /app/data/T0015/313236/b3143s4/Android-OSS/core/network/src/main/kotlin/com/google/samples/apps/nowinandroid/core/network/demo/DemoNiaNetworkDataSource.kt
2026-02-01 17:39:17,616 - Knowledge - INFO - Async storing batch of 6 embeddings
2026-02-01 17:39:17,616 - Knowledge - INFO - Async storing batch of 6 embeddings
2026-02-01 17:39:17,617 - Knowledge - INFO - [kw4] Queue=190, InProgress=0, PendingWorkers=20/20, Completed=198/484 (40.9%)
2026-02-01 17:39:17,696 - Knowledge - INFO - Fast-tracked /app/data/T0015/313236/b3143s4/Android-OSS/core/data/src/main/kotlin/com/google/samples/apps/nowinandroid/core/data/model/RecentSearchQuery.kt (ext=.kt, size=1056)
2026-02-01 17:39:17,774 - Knowledge - INFO - Processing batch of 6 files
2026-02-01 17:39:17,864 - Knowledge - INFO - Worker kw13 processing /app/data/T0015/313236/b3143s4/Android-OSS/core/testing/src/main/kotlin/com/google/samples/apps/nowinandroid/core/testing/data/UserNewsResourcesTestData.kt
2026-02-01 17:39:17,961 - Knowledge - INFO - Processing batch of 6 files
2026-02-01 17:39:18,051 - Knowledge - INFO - Worker kw5 processing /app/data/T0015/313236/b3143s4/Android-OSS/core/testing/src/main/kotlin/com/google/samples/apps/nowinandroid/core/testing/util/TestAnalyticsHelper.kt
2026-02-01 17:39:18,148 - Knowledge - INFO - Async storage completed for 6 embeddings
2026-02-01 17:39:18,263 - Knowledge - INFO - process ingested knowledge for /app/data/T0015/313236/b3143s4/Android-OSS/core/network/src/main/kotlin/com/google/samples/apps/nowinandroid/core/network/model/NetworkTopic.kt
2026-02-01 17:39:18,361 - Knowledge - INFO - Fast-tracked /app/data/T0015/313236/b3143s4/Android-OSS/core/testing/src/main/kotlin/com/google/samples/apps/nowinandroid/core/testing/di/TestDispatcherModule.kt (ext=.kt, size=1128)
2026-02-01 17:39:18,440 - Knowledge - INFO - Worker kw1 processing /app/data/T0015/313236/b3143s4/Android-OSS/core/ui/src/main/kotlin/com/google/samples/apps/nowinandroid/core/ui/DevicePreviews.kt
2026-02-01 17:39:18,506 - Knowledge - INFO - Fast-tracked /app/data/T0015/313236/b3143s4/Android-OSS/core/testing/README.md (ext=.md, size=2550)
2026-02-01 17:39:18,592 - Knowledge - INFO - Async storing batch of 6 embeddings
2026-02-01 17:39:18,706 - Knowledge - INFO - process ingested knowledge for /app/data/T0015/313236/b3143s4/Android-OSS/core/network/lint.xml
2026-02-01 17:39:18,827 - Knowledge - INFO - Fast-tracked /app/data/T0015/313236/b3143s4/Android-OSS/core/data/README.md (ext=.md, size=2330)
2026-02-01 17:39:19,086 - Knowledge - INFO - Worker kw16 processing /app/data/T0015/313236/b3143s4/Android-OSS/core/ui/src/main/kotlin/com/google/samples/apps/nowinandroid/core/ui/LocalTimeZone.kt
2026-02-01 17:39:19,232 - Knowledge - INFO - Worker kw20 processing /app/data/T0015/313236/b3143s4/Android-OSS/core/model/src/main/kotlin/com/google/samples/apps/nowinandroid/core/model/data/Topic.kt
2026-02-01 17:39:19,289 - Knowledge - INFO - Async storage completed for 6 embeddings
2026-02-01 17:39:19,400 - Knowledge - INFO - Async storage completed for 6 embeddings
2026-02-01 17:39:19,401 - Knowledge - INFO - Batch sizing: calculated=5, max_allowed=10, queue=190, active_workers=20/20
2026-02-01 17:39:19,410 - Knowledge - INFO - [LLM_CALL] Completed: NetworkModule.kt:chunk1, Duration: 10514ms, PromptTokens: 2152, CompletionTokens: 687, Cost: $0.00049
2026-02-01 17:39:19,513 - Knowledge - INFO - Worker kw17 processing /app/data/T0015/313236/b3143s4/Android-OSS/core/data/src/main/kotlin/com/google/samples/apps/nowinandroid/core/data/di/DataModule.kt
2026-02-01 17:39:19,590 - Knowledge - INFO - process ingested knowledge for /app/data/T0015/313236/b3143s4/Android-OSS/core/data/src/test/kotlin/com/google/samples/apps/nowinandroid/core/data/repository/TestSynchronizer.kt
2026-02-01 17:39:19,669 - Knowledge - INFO - Worker kw13 processing /app/data/T0015/313236/b3143s4/Android-OSS/core/testing/src/main/kotlin/com/google/samples/apps/nowinandroid/core/testing/data/TopicsTestData.kt
2026-02-01 17:39:19,758 - Knowledge - INFO - process ingested knowledge for /app/data/T0015/313236/b3143s4/Android-OSS/core/notifications/src/demo/kotlin/com/google/samples/apps/nowinandroid/core/notifications/NotificationsModule.kt
2026-02-01 17:39:19,840 - Knowledge - INFO - Fast-tracked /app/data/T0015/313236/b3143s4/Android-OSS/core/testing/src/main/kotlin/com/google/samples/apps/nowinandroid/core/testing/util/TestAnalyticsHelper.kt (ext=.kt, size=1080)
2026-02-01 17:39:20,014 - Knowledge - INFO - process ingested knowledge for /app/data/T0015/313236/b3143s4/Android-OSS/core/network/src/main/kotlin/com/google/samples/apps/nowinandroid/core/network/model/NetworkChangeList.kt
2026-02-01 17:39:20,133 - Knowledge - INFO - Worker kw7 processing /app/data/T0015/313236/b3143s4/Android-OSS/core/testing/src/main/kotlin/com/google/samples/apps/nowinandroid/core/testing/di/TestDispatchersModule.kt
2026-02-01 17:39:20,254 - Knowledge - INFO - Fast-tracked /app/data/T0015/313236/b3143s4/Android-OSS/core/ui/src/main/kotlin/com/google/samples/apps/nowinandroid/core/ui/DevicePreviews.kt (ext=.kt, size=1271)
2026-02-01 17:39:20,337 - Knowledge - INFO - Worker kw9 processing /app/data/T0015/313236/b3143s4/Android-OSS/core/ui/src/androidTest/kotlin/com/google/samples/apps/nowinandroid/core/ui/NewsResourceCardTest.kt
2026-02-01 17:39:20,444 - Knowledge - INFO - Worker kw14 processing /app/data/T0015/313236/b3143s4/Android-OSS/core/model/src/main/kotlin/com/google/samples/apps/nowinandroid/core/model/data/FollowableTopic.kt
2026-02-01 17:39:20,528 - Knowledge - INFO - process ingested knowledge for /app/data/T0015/313236/b3143s4/Android-OSS/core/network/build.gradle.kts
2026-02-01 17:39:20,606 - Knowledge - INFO - Worker kw11 processing /app/data/T0015/313236/b3143s4/Android-OSS/core/testing/src/main/kotlin/com/google/samples/apps/nowinandroid/core/testing/repository/TestRecentSearchRepository.kt
2026-02-01 17:39:20,733 - Knowledge - INFO - Fast-tracked /app/data/T0015/313236/b3143s4/Android-OSS/core/ui/src/main/kotlin/com/google/samples/apps/nowinandroid/core/ui/LocalTimeZone.kt (ext=.kt, size=988)
2026-02-01 17:39:20,840 - Knowledge - INFO - Fast-tracked /app/data/T0015/313236/b3143s4/Android-OSS/core/model/src/main/kotlin/com/google/samples/apps/nowinandroid/core/model/data/Topic.kt (ext=.kt, size=916)
2026-02-01 17:39:21,195 - Knowledge - INFO - done ingest for /app/data/T0015/313236/b3143s4/Android-OSS/core/network/src/main/kotlin/com/google/samples/apps/nowinandroid/core/network/di/NetworkModule.kt
2026-02-01 17:39:21,195 - Knowledge - INFO - [LLM_CALL] Completed: SystemTrayNotifier.kt:chunk1, Duration: 9000ms, PromptTokens: 3242, CompletionTokens: 613, Cost: $0.00057
2026-02-01 17:39:21,283 - Knowledge - INFO - Fast-tracked /app/data/T0015/313236/b3143s4/Android-OSS/core/data/src/main/kotlin/com/google/samples/apps/nowinandroid/core/data/model/NewsResource.kt (small file (2512 bytes))
2026-02-01 17:39:21,366 - Knowledge - INFO - process ingested knowledge for /app/data/T0015/313236/b3143s4/Android-OSS/core/data/src/test/kotlin/com/google/samples/apps/nowinandroid/core/data/CompositeUserNewsResourceRepositoryTest.kt
2026-02-01 17:39:21,596 - Knowledge - INFO - process ingested knowledge for /app/data/T0015/313236/b3143s4/Android-OSS/core/notifications/build.gradle.kts
2026-02-01 17:39:21,725 - Knowledge - INFO - Worker kw5 processing /app/data/T0015/313236/b3143s4/Android-OSS/core/testing/src/main/kotlin/com/google/samples/apps/nowinandroid/core/testing/util/TestSyncManager.kt
2026-02-01 17:39:21,796 - Knowledge - INFO - process ingested knowledge for /app/data/T0015/313236/b3143s4/Android-OSS/core/network/src/main/kotlin/com/google/samples/apps/nowinandroid/core/network/demo/DemoAssetManager.kt
2026-02-01 17:39:21,903 - Knowledge - INFO - Fast-tracked /app/data/T0015/313236/b3143s4/Android-OSS/core/testing/src/main/kotlin/com/google/samples/apps/nowinandroid/core/testing/di/TestDispatchersModule.kt (ext=.kt, size=1684)
2026-02-01 17:39:22,068 - Knowledge - INFO - Worker kw1 processing /app/data/T0015/313236/b3143s4/Android-OSS/core/ui/src/main/kotlin/com/google/samples/apps/nowinandroid/core/ui/NewsFeed.kt
2026-02-01 17:39:22,465 - Knowledge - INFO - Worker kw9 processing /app/data/T0015/313236/b3143s4/Android-OSS/core/ui/src/main/res/values/strings.xml
2026-02-01 17:39:22,616 - Knowledge - INFO - Fast-tracked /app/data/T0015/313236/b3143s4/Android-OSS/core/model/src/main/kotlin/com/google/samples/apps/nowinandroid/core/model/data/FollowableTopic.kt (ext=.kt, size=902)
2026-02-01 17:39:22,721 - Knowledge - INFO - process ingested knowledge for /app/data/T0015/313236/b3143s4/Android-OSS/core/network/README.md
2026-02-01 17:39:23,021 - Knowledge - INFO - Fast-tracked /app/data/T0015/313236/b3143s4/Android-OSS/core/testing/src/main/kotlin/com/google/samples/apps/nowinandroid/core/testing/repository/TestRecentSearchRepository.kt (ext=.kt, size=1478)
2026-02-01 17:39:23,091 - Knowledge - INFO - Worker kw16 processing /app/data/T0015/313236/b3143s4/Android-OSS/core/ui/src/main/kotlin/com/google/samples/apps/nowinandroid/core/ui/UserNewsResourcePreviewParameterProvider.kt
2026-02-01 17:39:23,196 - Knowledge - INFO - Worker kw20 processing /app/data/T0015/313236/b3143s4/Android-OSS/core/model/src/main/kotlin/com/google/samples/apps/nowinandroid/core/model/data/SearchResult.kt
2026-02-01 17:39:23,538 - Knowledge - INFO - done ingest for /app/data/T0015/313236/b3143s4/Android-OSS/core/notifications/src/main/kotlin/com/google/samples/apps/nowinandroid/core/notifications/SystemTrayNotifier.kt
2026-02-01 17:39:23,539 - Knowledge - INFO - Processing batch of 6 files
2026-02-01 17:39:23,561 - Knowledge - INFO - Async storing batch of 6 embeddings
2026-02-01 17:39:23,721 - Knowledge - INFO - process ingested knowledge for /app/data/T0015/313236/b3143s4/Android-OSS/core/data/src/test/kotlin/com/google/samples/apps/nowinandroid/core/data/testdoubles/TestTopicDao.kt
2026-02-01 17:39:23,821 - Knowledge - INFO - process ingested knowledge for /app/data/T0015/313236/b3143s4/Android-OSS/core/notifications/README.md
2026-02-01 17:39:24,013 - Knowledge - INFO - Fast-tracked /app/data/T0015/313236/b3143s4/Android-OSS/core/testing/src/main/kotlin/com/google/samples/apps/nowinandroid/core/testing/util/TestSyncManager.kt (ext=.kt, size=1226)
2026-02-01 17:39:24,201 - Knowledge - INFO - Worker kw7 processing /app/data/T0015/313236/b3143s4/Android-OSS/core/testing/src/main/kotlin/com/google/samples/apps/nowinandroid/core/testing/NiaTestRunner.kt
2026-02-01 17:39:24,348 - Knowledge - INFO - Worker kw1 processing /app/data/T0015/313236/b3143s4/Android-OSS/core/ui/src/main/kotlin/com/google/samples/apps/nowinandroid/core/ui/FollowableTopicPreviewParameterProvider.kt
2026-02-01 17:39:24,422 - Knowledge - INFO - [LLM_CALL] Completed: RetrofitNiaNetwork.kt:chunk1, Duration: 14783ms, PromptTokens: 2416, CompletionTokens: 835, Cost: $0.00058
2026-02-01 17:39:24,484 - Knowledge - INFO - Fast-tracked /app/data/T0015/313236/b3143s4/Android-OSS/core/ui/src/main/res/values/strings.xml (ext=.xml, size=1605)
2026-02-01 17:39:24,557 - Knowledge - INFO - Worker kw14 processing /app/data/T0015/313236/b3143s4/Android-OSS/core/model/src/main/kotlin/com/google/samples/apps/nowinandroid/core/model/data/ThemeBrand.kt
2026-02-01 17:39:24,936 - Knowledge - INFO - process ingested knowledge for /app/data/T0015/313236/b3143s4/Android-OSS/core/notifications/src/main/res/values/strings.xml
2026-02-01 17:39:24,961 - Knowledge - INFO - Worker kw11 processing /app/data/T0015/313236/b3143s4/Android-OSS/core/testing/src/main/kotlin/com/google/samples/apps/nowinandroid/core/testing/repository/TestNewsRepository.kt
2026-02-01 17:39:25,144 - Knowledge - INFO - Worker kw16 processing /app/data/T0015/313236/b3143s4/Android-OSS/core/ui/src/main/AndroidManifest.xml
2026-02-01 17:39:25,260 - Knowledge - INFO - Fast-tracked /app/data/T0015/313236/b3143s4/Android-OSS/core/model/src/main/kotlin/com/google/samples/apps/nowinandroid/core/model/data/SearchResult.kt (ext=.kt, size=852)
2026-02-01 17:39:25,471 - Knowledge - INFO - process ingested knowledge for /app/data/T0015/313236/b3143s4/Android-OSS/core/data/src/test/kotlin/com/google/samples/apps/nowinandroid/core/data/model/NetworkEntityTest.kt
2026-02-01 17:39:25,581 - Knowledge - INFO - Worker kw4 processing /app/data/T0015/313236/b3143s4/Android-OSS/core/screenshot-testing/build.gradle.kts
2026-02-01 17:39:25,894 - Knowledge - INFO - Fast-tracked /app/data/T0015/313236/b3143s4/Android-OSS/core/testing/src/main/kotlin/com/google/samples/apps/nowinandroid/core/testing/repository/TestSearchContentsRepository.kt (small file (2342 bytes))
2026-02-01 17:39:25,909 - Knowledge - INFO - Fast-tracked /app/data/T0015/313236/b3143s4/Android-OSS/core/testing/src/main/kotlin/com/google/samples/apps/nowinandroid/core/testing/data/FollowableTopicTestData.kt (small file (3036 bytes))
2026-02-01 17:39:25,994 - Knowledge - INFO - Async storage completed for 6 embeddings
2026-02-01 17:39:26,005 - Knowledge - INFO - process ingested knowledge for /app/data/T0015/313236/b3143s4/Android-OSS/core/data/src/test/kotlin/com/google/samples/apps/nowinandroid/core/data/testdoubles/TestNiaNetworkDataSource.kt
2026-02-01 17:39:26,005 - Knowledge - INFO - Fast-tracked /app/data/T0015/313236/b3143s4/Android-OSS/core/testing/src/main/kotlin/com/google/samples/apps/nowinandroid/core/testing/NiaTestRunner.kt (ext=.kt, size=1147)
2026-02-01 17:39:26,017 - Knowledge - INFO - process ingested knowledge for /app/data/T0015/313236/b3143s4/Android-OSS/core/data/src/test/kotlin/com/google/samples/apps/nowinandroid/core/data/repository/OfflineFirstTopicsRepositoryTest.kt
2026-02-01 17:39:26,124 - Knowledge - INFO - Worker kw1 processing /app/data/T0015/313236/b3143s4/Android-OSS/core/ui/src/main/kotlin/com/google/samples/apps/nowinandroid/core/ui/AnalyticsExtensions.kt
2026-02-01 17:39:26,228 - Knowledge - INFO - done ingest for /app/data/T0015/313236/b3143s4/Android-OSS/core/network/src/main/kotlin/com/google/samples/apps/nowinandroid/core/network/retrofit/RetrofitNiaNetwork.kt
2026-02-01 17:39:26,239 - Knowledge - INFO - Processing batch of 6 files
2026-02-01 17:39:26,377 - Knowledge - INFO - Worker kw9 processing /app/data/T0015/313236/b3143s4/Android-OSS/core/ui/src/main/kotlin/com/google/samples/apps/nowinandroid/core/ui/JankStatsExtensions.kt
2026-02-01 17:39:26,481 - Knowledge - INFO - Fast-tracked /app/data/T0015/313236/b3143s4/Android-OSS/core/model/src/main/kotlin/com/google/samples/apps/nowinandroid/core/model/data/ThemeBrand.kt (ext=.kt, size=731)
2026-02-01 17:39:26,837 - Knowledge - INFO - Fast-tracked /app/data/T0015/313236/b3143s4/Android-OSS/core/testing/src/main/kotlin/com/google/samples/apps/nowinandroid/core/testing/repository/TestNewsRepository.kt (small file (2377 bytes))
2026-02-01 17:39:26,930 - Knowledge - INFO - Fast-tracked /app/data/T0015/313236/b3143s4/Android-OSS/core/ui/src/main/AndroidManifest.xml (ext=.xml, size=684)
2026-02-01 17:39:27,002 - Knowledge - INFO - Worker kw20 processing /app/data/T0015/313236/b3143s4/Android-OSS/core/model/src/main/kotlin/com/google/samples/apps/nowinandroid/core/model/data/NewsResource.kt
2026-02-01 17:39:27,349 - Knowledge - INFO - [LLM_CALL] Completed: SyncUtilities.kt:chunk1, Duration: 12948ms, PromptTokens: 2594, CompletionTokens: 471, Cost: $0.00045
2026-02-01 17:39:27,361 - Knowledge - INFO - Fast-tracked /app/data/T0015/313236/b3143s4/Android-OSS/core/screenshot-testing/build.gradle.kts (ext=.kts, size=1193)
2026-02-01 17:39:27,562 - Knowledge - INFO - process ingested knowledge for /app/data/T0015/313236/b3143s4/Android-OSS/core/data/src/test/kotlin/com/google/samples/apps/nowinandroid/core/database/model/PopulatedNewsResourceKtTest.kt
2026-02-01 17:39:27,750 - Knowledge - INFO - process ingested knowledge for /app/data/T0015/313236/b3143s4/Android-OSS/core/data/src/test/kotlin/com/google/samples/apps/nowinandroid/core/data/testdoubles/TestNewsResourceDao.kt
2026-02-01 17:39:27,796 - Knowledge - INFO - Worker kw7 processing /app/data/T0015/313236/b3143s4/Android-OSS/core/testing/src/main/kotlin/com/google/samples/apps/nowinandroid/core/rules/GrantPostNotificationsPermissionRule.kt
2026-02-01 17:39:27,908 - Knowledge - INFO - process ingested knowledge for /app/data/T0015/313236/b3143s4/Android-OSS/core/data/src/test/kotlin/com/google/samples/apps/nowinandroid/core/data/repository/OfflineFirstUserDataRepositoryTest.kt
2026-02-01 17:39:27,967 - Knowledge - INFO - Worker kw1 processing /app/data/T0015/313236/b3143s4/Android-OSS/core/ui/src/main/kotlin/com/google/samples/apps/nowinandroid/core/ui/InterestsItem.kt
2026-02-01 17:39:28,167 - Knowledge - INFO - process ingested knowledge for /app/data/T0015/313236/b3143s4/Android-OSS/core/notifications/src/main/res/drawable-anydpi-v24/core_notifications_ic_nia_notification.xml
2026-02-01 17:39:28,248 - Knowledge - INFO - Worker kw9 processing /app/data/T0015/313236/b3143s4/Android-OSS/core/ui/src/main/kotlin/com/google/samples/apps/nowinandroid/core/ui/NewsResourceCardList.kt
2026-02-01 17:39:28,325 - Knowledge - INFO - Worker kw14 processing /app/data/T0015/313236/b3143s4/Android-OSS/core/model/build.gradle.kts
2026-02-01 17:39:28,452 - Knowledge - INFO - Async storage completed for 6 embeddings
2026-02-01 17:39:28,528 - Knowledge - INFO - Worker kw16 processing /app/data/T0015/313236/b3143s4/Android-OSS/core/ui/build.gradle.kts
2026-02-01 17:39:28,603 - Knowledge - INFO - Fast-tracked /app/data/T0015/313236/b3143s4/Android-OSS/core/model/src/main/kotlin/com/google/samples/apps/nowinandroid/core/model/data/NewsResource.kt (ext=.kt, size=1027)
2026-02-01 17:39:28,688 - Knowledge - INFO - done ingest for /app/data/T0015/313236/b3143s4/Android-OSS/core/data/src/main/kotlin/com/google/samples/apps/nowinandroid/core/data/SyncUtilities.kt
2026-02-01 17:39:28,690 - Knowledge - INFO - [LLM_CALL] Completed: OfflineFirstUserDataRepository.kt:chunk1, Duration: 11073ms, PromptTokens: 2164, CompletionTokens: 803, Cost: $0.00054
2026-02-01 17:39:28,767 - Knowledge - INFO - Worker kw4 processing /app/data/T0015/313236/b3143s4/Android-OSS/core/screenshot-testing/README.md
2026-02-01 17:39:28,855 - Knowledge - INFO - process ingested knowledge for /app/data/T0015/313236/b3143s4/Android-OSS/core/data/src/main/kotlin/com/google/samples/apps/nowinandroid/core/data/repository/CompositeUserNewsResourceRepository.kt
2026-02-01 17:39:28,928 - Knowledge - INFO - process ingested knowledge for /app/data/T0015/313236/b3143s4/Android-OSS/core/data/src/test/kotlin/com/google/samples/apps/nowinandroid/core/data/UserNewsResourceTest.kt
2026-02-01 17:39:29,012 - Knowledge - INFO - Fast-tracked /app/data/T0015/313236/b3143s4/Android-OSS/core/testing/src/main/kotlin/com/google/samples/apps/nowinandroid/core/rules/GrantPostNotificationsPermissionRule.kt (ext=.kt, size=1137)
2026-02-01 17:39:29,090 - Knowledge - INFO - process ingested knowledge for /app/data/T0015/313236/b3143s4/Android-OSS/core/data/src/test/kotlin/com/google/samples/apps/nowinandroid/core/data/repository/OfflineFirstNewsRepositoryTest.kt
2026-02-01 17:39:29,275 - Knowledge - INFO - process ingested knowledge for /app/data/T0015/313236/b3143s4/Android-OSS/core/notifications/src/main/kotlin/com/google/samples/apps/nowinandroid/core/notifications/SystemTrayNotifier.kt
2026-02-01 17:39:29,452 - Knowledge - INFO - Fast-tracked /app/data/T0015/313236/b3143s4/Android-OSS/core/model/build.gradle.kts (ext=.kts, size=727)
2026-02-01 17:39:29,559 - Knowledge - INFO - Fast-tracked /app/data/T0015/313236/b3143s4/Android-OSS/core/testing/src/main/kotlin/com/google/samples/apps/nowinandroid/core/testing/data/TopicsTestData.kt (small file (2654 bytes))
2026-02-01 17:39:29,670 - Knowledge - INFO - Fast-tracked /app/data/T0015/313236/b3143s4/Android-OSS/core/ui/build.gradle.kts (ext=.kts, size=1265)
2026-02-01 17:39:29,750 - Knowledge - INFO - Worker kw20 processing /app/data/T0015/313236/b3143s4/Android-OSS/core/model/src/main/kotlin/com/google/samples/apps/nowinandroid/core/model/data/UserData.kt
2026-02-01 17:39:30,034 - Knowledge - INFO - done ingest for /app/data/T0015/313236/b3143s4/Android-OSS/core/data/src/main/kotlin/com/google/samples/apps/nowinandroid/core/data/repository/OfflineFirstUserDataRepository.kt
2026-02-01 17:39:30,043 - Knowledge - INFO - Processing batch of 6 files
2026-02-01 17:39:30,079 - Knowledge - INFO - Processing batch of 6 files
2026-02-01 17:39:30,085 - Knowledge - INFO - [kw3] Queue=179, InProgress=0, PendingWorkers=20/20, Completed=234/484 (48.3%)
2026-02-01 17:39:30,092 - Knowledge - INFO - [WEBSOCKET] Sent: Type=progress_update, Size: 293, Duration: 0ms
2026-02-01 17:39:30,219 - Knowledge - INFO - Fast-tracked /app/data/T0015/313236/b3143s4/Android-OSS/core/screenshot-testing/README.md (ext=.md, size=1610)
2026-02-01 17:39:30,306 - Knowledge - INFO - process ingested knowledge for /app/data/T0015/313236/b3143s4/Android-OSS/core/data/src/main/kotlin/com/google/samples/apps/nowinandroid/core/data/repository/RecentSearchRepository.kt
2026-02-01 17:39:30,522 - Knowledge - INFO - Worker kw7 processing /app/data/T0015/313236/b3143s4/Android-OSS/core/testing/src/main/AndroidManifest.xml
2026-02-01 17:39:30,916 - Knowledge - INFO - Worker kw14 processing /app/data/T0015/313236/b3143s4/Android-OSS/core/model/README.md
2026-02-01 17:39:30,934 - Knowledge - INFO - process ingested knowledge for /app/data/T0015/313236/b3143s4/Android-OSS/core/notifications/src/main/kotlin/com/google/samples/apps/nowinandroid/core/notifications/NoOpNotifier.kt
2026-02-01 17:39:31,027 - Knowledge - INFO - Async storage completed for 6 embeddings
2026-02-01 17:39:31,123 - Knowledge - INFO - Worker kw16 processing /app/data/T0015/313236/b3143s4/Android-OSS/core/ui/README.md
2026-02-01 17:39:31,586 - Knowledge - INFO - Fast-tracked /app/data/T0015/313236/b3143s4/Android-OSS/core/model/src/main/kotlin/com/google/samples/apps/nowinandroid/core/model/data/UserData.kt (ext=.kt, size=1022)
2026-02-01 17:39:31,832 - Knowledge - INFO - process ingested knowledge for /app/data/T0015/313236/b3143s4/Android-OSS/core/network/src/main/kotlin/com/google/samples/apps/nowinandroid/core/network/demo/DemoNiaNetworkDataSource.kt
2026-02-01 17:39:31,977 - Knowledge - INFO - process ingested knowledge for /app/data/T0015/313236/b3143s4/Android-OSS/core/data/src/main/kotlin/com/google/samples/apps/nowinandroid/core/data/di/UserNewsResourceRepositoryModule.kt
2026-02-01 17:39:32,137 - Knowledge - INFO - Batch sizing: calculated=5, max_allowed=10, queue=179, active_workers=20/20
2026-02-01 17:39:32,290 - Knowledge - INFO - [LLM_CALL] Completed: TimeZoneMonitor.kt:chunk1, Duration: 16486ms, PromptTokens: 2524, CompletionTokens: 779, Cost: $0.00056
2026-02-01 17:39:32,423 - Knowledge - INFO - Worker kw4 processing /app/data/T0015/313236/b3143s4/Android-OSS/core/common/src/test/kotlin/com/google/samples/apps/nowinandroid/core/common/result/ResultKtTest.kt
2026-02-01 17:39:32,707 - Knowledge - INFO - Fast-tracked /app/data/T0015/313236/b3143s4/Android-OSS/core/testing/src/main/AndroidManifest.xml (ext=.xml, size=684)
2026-02-01 17:39:32,710 - Knowledge - INFO - process ingested knowledge for /app/data/T0015/313236/b3143s4/Android-OSS/core/data/src/main/kotlin/com/google/samples/apps/nowinandroid/core/data/repository/NewsRepository.kt
2026-02-01 17:39:32,800 - Knowledge - INFO - Fast-tracked /app/data/T0015/313236/b3143s4/Android-OSS/core/model/README.md (ext=.md, size=1460)
2026-02-01 17:39:33,102 - Knowledge - INFO - process ingested knowledge for /app/data/T0015/313236/b3143s4/Android-OSS/core/notifications/src/main/kotlin/com/google/samples/apps/nowinandroid/core/notifications/Notifier.kt
2026-02-01 17:39:33,131 - Knowledge - INFO - Fast-tracked /app/data/T0015/313236/b3143s4/Android-OSS/core/ui/README.md (ext=.md, size=1689)
2026-02-01 17:39:33,211 - Knowledge - INFO - Worker kw20 processing /app/data/T0015/313236/b3143s4/Android-OSS/core/model/src/main/kotlin/com/google/samples/apps/nowinandroid/core/model/data/UserNewsResource.kt
2026-02-01 17:39:33,290 - Knowledge - INFO - process ingested knowledge for /app/data/T0015/313236/b3143s4/Android-OSS/core/network/src/main/kotlin/com/google/samples/apps/nowinandroid/core/network/di/NetworkModule.kt
2026-02-01 17:39:33,372 - Knowledge - INFO - process ingested knowledge for /app/data/T0015/313236/b3143s4/Android-OSS/core/data/src/main/AndroidManifest.xml
2026-02-01 17:39:33,440 - Knowledge - INFO - Async storage completed for 6 embeddings
2026-02-01 17:39:33,527 - Knowledge - INFO - done ingest for /app/data/T0015/313236/b3143s4/Android-OSS/core/data/src/main/kotlin/com/google/samples/apps/nowinandroid/core/data/util/TimeZoneMonitor.kt
2026-02-01 17:39:33,528 - Knowledge - INFO - [WEBSOCKET] Sent: Type=unknown, Size: ?, Duration: 3478ms
2026-02-01 17:39:33,645 - Knowledge - INFO - Fast-tracked /app/data/T0015/313236/b3143s4/Android-OSS/core/common/src/test/kotlin/com/google/samples/apps/nowinandroid/core/common/result/ResultKtTest.kt (ext=.kt, size=1684)
2026-02-01 17:39:33,727 - Knowledge - INFO - Async storage completed for 6 embeddings
2026-02-01 17:39:33,817 - Knowledge - INFO - process ingested knowledge for /app/data/T0015/313236/b3143s4/Android-OSS/core/data/src/main/kotlin/com/google/samples/apps/nowinandroid/core/data/repository/OfflineFirstTopicsRepository.kt
2026-02-01 17:39:33,958 - Knowledge - INFO - Worker kw14 processing /app/data/T0015/313236/b3143s4/Android-OSS/core/screenshot-testing/src/main/kotlin/com/google/samples/apps/nowinandroid/core/testing/util/ScreenshotHelper.kt
2026-02-01 17:39:34,041 - Knowledge - INFO - process ingested knowledge for /app/data/T0015/313236/b3143s4/Android-OSS/core/notifications/src/main/AndroidManifest.xml
2026-02-01 17:39:34,131 - Knowledge - INFO - Worker kw16 processing /app/data/T0015/313236/b3143s4/Android-OSS/core/model/src/main/kotlin/com/google/samples/apps/nowinandroid/core/model/data/DarkThemeConfig.kt
2026-02-01 17:39:34,243 - Knowledge - INFO - Worker kw20 processing /app/data/T0015/313236/b3143s4/Android-OSS/core/model/src/main/kotlin/com/google/samples/apps/nowinandroid/core/model/data/UserSearchResult.kt
2026-02-01 17:39:34,371 - Knowledge - INFO - process ingested knowledge for /app/data/T0015/313236/b3143s4/Android-OSS/core/network/src/main/kotlin/com/google/samples/apps/nowinandroid/core/network/retrofit/RetrofitNiaNetwork.kt
2026-02-01 17:39:34,474 - Knowledge - INFO - process ingested knowledge for /app/data/T0015/313236/b3143s4/Android-OSS/core/data/build.gradle.kts
2026-02-01 17:39:34,804 - Knowledge - INFO - Progress: 48.3% | Files: 234/484 | Rate: 1.78 files/sec | Queue: 174
2026-02-01 17:39:34,814 - Knowledge - INFO - [LLM_CALL] Completed: DefaultSearchContentsRepository.kt:chunk1, Duration: 19021ms, PromptTokens: 2440, CompletionTokens: 767, Cost: $0.00055
2026-02-01 17:39:34,933 - Knowledge - INFO - Worker kw4 processing /app/data/T0015/313236/b3143s4/Android-OSS/core/common/src/main/kotlin/com/google/samples/apps/nowinandroid/core/common/network/di/CoroutineScopesModule.kt
2026-02-01 17:39:35,246 - Knowledge - INFO - Worker kw14 processing /app/data/T0015/313236/b3143s4/Android-OSS/core/screenshot-testing/src/main/AndroidManifest.xml
2026-02-01 17:39:35,428 - Knowledge - INFO - Fast-tracked /app/data/T0015/313236/b3143s4/Android-OSS/core/model/src/main/kotlin/com/google/samples/apps/nowinandroid/core/model/data/DarkThemeConfig.kt (ext=.kt, size=750)
2026-02-01 17:39:35,435 - Knowledge - INFO - process ingested knowledge for /app/data/T0015/313236/b3143s4/Android-OSS/core/notifications/src/prod/kotlin/com/google/samples/apps/nowinandroid/core/notifications/NotificationsModule.kt
2026-02-01 17:39:35,540 - Knowledge - INFO - Fast-tracked /app/data/T0015/313236/b3143s4/Android-OSS/core/model/src/main/kotlin/com/google/samples/apps/nowinandroid/core/model/data/UserSearchResult.kt (ext=.kt, size=946)
2026-02-01 17:39:35,621 - Knowledge - INFO - process ingested knowledge for /app/data/T0015/313236/b3143s4/Android-OSS/core/network/src/main/assets/topics.json
2026-02-01 17:39:35,740 - Knowledge - INFO - process ingested knowledge for /app/data/T0015/313236/b3143s4/Android-OSS/core/data/README.md
2026-02-01 17:39:35,822 - Knowledge - INFO - [kw8] Queue=174, InProgress=0, PendingWorkers=20/20, Completed=240/484 (49.6%)
2026-02-01 17:39:35,929 - Knowledge - INFO - done ingest for /app/data/T0015/313236/b3143s4/Android-OSS/core/data/src/main/kotlin/com/google/samples/apps/nowinandroid/core/data/repository/DefaultSearchContentsRepository.kt
2026-02-01 17:39:35,929 - Knowledge - INFO - [LLM_CALL] Completed: DataModule.kt:chunk1, Duration: 12207ms, PromptTokens: 2016, CompletionTokens: 737, Cost: $0.00050
2026-02-01 17:39:36,026 - Knowledge - INFO - Fast-tracked /app/data/T0015/313236/b3143s4/Android-OSS/core/common/src/main/kotlin/com/google/samples/apps/nowinandroid/core/common/network/di/CoroutineScopesModule.kt (ext=.kt, size=1546)
2026-02-01 17:39:36,099 - Knowledge - INFO - Fast-tracked /app/data/T0015/313236/b3143s4/Android-OSS/core/screenshot-testing/src/main/AndroidManifest.xml (ext=.xml, size=1061)
2026-02-01 17:39:36,344 - Knowledge - INFO - Fast-tracked /app/data/T0015/313236/b3143s4/Android-OSS/core/model/src/main/kotlin/com/google/samples/apps/nowinandroid/core/model/data/UserNewsResource.kt (small file (2084 bytes))
2026-02-01 17:39:36,437 - Knowledge - INFO - process ingested knowledge for /app/data/T0015/313236/b3143s4/Android-OSS/core/network/src/main/assets/news.json
2026-02-01 17:39:36,515 - Knowledge - INFO - process ingested knowledge for /app/data/T0015/313236/b3143s4/Android-OSS/core/testing/src/main/kotlin/com/google/samples/apps/nowinandroid/core/testing/repository/TestRecentSearchRepository.kt
2026-02-01 17:39:36,619 - Knowledge - INFO - Batch sizing: calculated=5, max_allowed=10, queue=174, active_workers=20/20
2026-02-01 17:39:36,841 - Knowledge - INFO - done ingest for /app/data/T0015/313236/b3143s4/Android-OSS/core/data/src/main/kotlin/com/google/samples/apps/nowinandroid/core/data/di/DataModule.kt
2026-02-01 17:39:36,846 - Knowledge - INFO - [LLM_CALL] Completed: ConnectivityManagerNetworkMonitor.kt:chunk1, Duration: 19229ms, PromptTokens: 2136, CompletionTokens: 484, Cost: $0.00041
2026-02-01 17:39:36,941 - Knowledge - INFO - Worker kw4 processing /app/data/T0015/313236/b3143s4/Android-OSS/core/common/src/main/kotlin/com/google/samples/apps/nowinandroid/core/common/network/di/DispatchersModule.kt
2026-02-01 17:39:37,103 - Knowledge - INFO - Async storage completed for 6 embeddings
2026-02-01 17:39:37,203 - Knowledge - INFO - process ingested knowledge for /app/data/T0015/313236/b3143s4/Android-OSS/core/network/src/main/AndroidManifest.xml
2026-02-01 17:39:37,284 - Knowledge - INFO - process ingested knowledge for /app/data/T0015/313236/b3143s4/Android-OSS/core/testing/src/main/kotlin/com/google/samples/apps/nowinandroid/core/testing/repository/TestNewsRepository.kt
2026-02-01 17:39:37,528 - Knowledge - INFO - done ingest for /app/data/T0015/313236/b3143s4/Android-OSS/core/data/src/main/kotlin/com/google/samples/apps/nowinandroid/core/data/util/ConnectivityManagerNetworkMonitor.kt
2026-02-01 17:39:37,528 - Knowledge - INFO - Processing batch of 6 files
2026-02-01 17:39:37,529 - Knowledge - INFO - [LLM_CALL] Completed: UserNewsResourcesTestData.kt:chunk1, Duration: 8839ms, PromptTokens: 3096, CompletionTokens: 272, Cost: $0.00042
2026-02-01 17:39:37,618 - Knowledge - INFO - Fast-tracked /app/data/T0015/313236/b3143s4/Android-OSS/core/common/src/main/kotlin/com/google/samples/apps/nowinandroid/core/common/network/di/DispatchersModule.kt (ext=.kt, size=1434)
2026-02-01 17:39:38,112 - Knowledge - INFO - process ingested knowledge for /app/data/T0015/313236/b3143s4/Android-OSS/core/testing/src/main/kotlin/com/google/samples/apps/nowinandroid/core/testing/util/TestNetworkMonitor.kt
2026-02-01 17:39:38,272 - Knowledge - INFO - done ingest for /app/data/T0015/313236/b3143s4/Android-OSS/core/testing/src/main/kotlin/com/google/samples/apps/nowinandroid/core/testing/data/UserNewsResourcesTestData.kt
2026-02-01 17:39:38,278 - Knowledge - INFO - [LLM_CALL] Completed: NewsResourcesTestData.kt:chunk1, Duration: 8244ms, PromptTokens: 2570, CompletionTokens: 152, Cost: $0.00032
2026-02-01 17:39:38,387 - Knowledge - INFO - Async storage completed for 6 embeddings
2026-02-01 17:39:38,688 - Knowledge - INFO - Fast-tracked /app/data/T0015/313236/b3143s4/Android-OSS/core/ui/src/main/kotlin/com/google/samples/apps/nowinandroid/core/ui/NewsResourceCardList.kt (small file (2697 bytes))
2026-02-01 17:39:38,764 - Knowledge - INFO - done ingest for /app/data/T0015/313236/b3143s4/Android-OSS/core/testing/src/main/kotlin/com/google/samples/apps/nowinandroid/core/testing/data/NewsResourcesTestData.kt
2026-02-01 17:39:38,771 - Knowledge - INFO - Processing batch of 6 files
2026-02-01 17:39:38,772 - Knowledge - INFO - [kw15] Queue=169, InProgress=0, PendingWorkers=20/20, Completed=258/484 (53.3%)
2026-02-01 17:39:38,802 - Knowledge - INFO - Async storing batch of 6 embeddings
2026-02-01 17:39:38,813 - Knowledge - INFO - Async storing batch of 6 embeddings
2026-02-01 17:39:38,813 - Knowledge - INFO - Processing batch of 6 files
2026-02-01 17:39:38,819 - Knowledge - INFO - Processing batch of 6 files
2026-02-01 17:39:38,843 - Knowledge - INFO - [WEBSOCKET] Sent: Type=progress_update, Size: 292, Duration: 41ms
2026-02-01 17:39:38,962 - Knowledge - INFO - process ingested knowledge for /app/data/T0015/313236/b3143s4/Android-OSS/core/testing/src/main/kotlin/com/google/samples/apps/nowinandroid/core/testing/di/TestDispatcherModule.kt
2026-02-01 17:39:38,972 - Knowledge - INFO - [kw10] Queue=169, InProgress=0, PendingWorkers=20/20, Completed=258/484 (53.3%)
2026-02-01 17:39:39,006 - Knowledge - INFO - Async storage completed for 6 embeddings
2026-02-01 17:39:39,228 - Knowledge - INFO - process ingested knowledge for /app/data/T0015/313236/b3143s4/Android-OSS/core/data/src/main/kotlin/com/google/samples/apps/nowinandroid/core/data/repository/UserDataRepository.kt
2026-02-01 17:39:39,354 - Knowledge - INFO - Batch sizing: calculated=5, max_allowed=10, queue=169, active_workers=20/20
2026-02-01 17:39:39,523 - Knowledge - INFO - Worker kw3 processing /app/data/T0015/313236/b3143s4/Android-OSS/core/common/src/main/kotlin/com/google/samples/apps/nowinandroid/core/common/network/NiaDispatchers.kt
2026-02-01 17:39:39,644 - Knowledge - INFO - Worker kw8 processing /app/data/T0015/313236/b3143s4/Android-OSS/core/database/src/androidTest/kotlin/com/google/samples/apps/nowinandroid/core/database/dao/DatabaseTest.kt
2026-02-01 17:39:39,735 - Knowledge - INFO - process ingested knowledge for /app/data/T0015/313236/b3143s4/Android-OSS/core/data/src/main/kotlin/com/google/samples/apps/nowinandroid/core/data/util/SyncManager.kt
2026-02-01 17:39:39,820 - Knowledge - INFO - process ingested knowledge for /app/data/T0015/313236/b3143s4/Android-OSS/core/model/src/main/kotlin/com/google/samples/apps/nowinandroid/core/model/data/Topic.kt
2026-02-01 17:39:39,918 - Knowledge - INFO - [LLM_CALL] Completed: OfflineFirstNewsRepository.kt:chunk1, Duration: 26290ms, PromptTokens: 3302, CompletionTokens: 857, Cost: $0.00067
2026-02-01 17:39:40,107 - Knowledge - INFO - process ingested knowledge for /app/data/T0015/313236/b3143s4/Android-OSS/core/testing/src/main/kotlin/com/google/samples/apps/nowinandroid/core/testing/di/TestDispatchersModule.kt
2026-02-01 17:39:40,129 - Knowledge - INFO - Batch sizing: calculated=5, max_allowed=10, queue=169, active_workers=20/20
2026-02-01 17:39:40,316 - Knowledge - INFO - process ingested knowledge for /app/data/T0015/313236/b3143s4/Android-OSS/core/data/src/main/kotlin/com/google/samples/apps/nowinandroid/core/data/repository/DefaultSearchContentsRepository.kt
2026-02-01 17:39:40,509 - Knowledge - INFO - Fast-tracked /app/data/T0015/313236/b3143s4/Android-OSS/core/common/src/main/kotlin/com/google/samples/apps/nowinandroid/core/common/network/NiaDispatchers.kt (ext=.kt, size=913)
2026-02-01 17:39:40,649 - Knowledge - INFO - Fast-tracked /app/data/T0015/313236/b3143s4/Android-OSS/core/database/src/androidTest/kotlin/com/google/samples/apps/nowinandroid/core/database/dao/DatabaseTest.kt (ext=.kt, size=1494)
2026-02-01 17:39:40,736 - Knowledge - INFO - process ingested knowledge for /app/data/T0015/313236/b3143s4/Android-OSS/core/data/src/main/kotlin/com/google/samples/apps/nowinandroid/core/data/util/NetworkMonitor.kt
2026-02-01 17:39:40,820 - Knowledge - INFO - process ingested knowledge for /app/data/T0015/313236/b3143s4/Android-OSS/core/model/src/main/kotlin/com/google/samples/apps/nowinandroid/core/model/data/SearchResult.kt
2026-02-01 17:39:40,900 - Knowledge - INFO - done ingest for /app/data/T0015/313236/b3143s4/Android-OSS/core/data/src/main/kotlin/com/google/samples/apps/nowinandroid/core/data/repository/OfflineFirstNewsRepository.kt
2026-02-01 17:39:40,900 - Knowledge - INFO - [LLM_CALL] Completed: TestUserDataRepository.kt:chunk1, Duration: 17319ms, PromptTokens: 2678, CompletionTokens: 658, Cost: $0.00053
2026-02-01 17:39:41,028 - Knowledge - INFO - process ingested knowledge for /app/data/T0015/313236/b3143s4/Android-OSS/core/testing/src/main/kotlin/com/google/samples/apps/nowinandroid/core/testing/NiaTestRunner.kt
2026-02-01 17:39:41,268 - Knowledge - INFO - process ingested knowledge for /app/data/T0015/313236/b3143s4/Android-OSS/core/data/src/main/kotlin/com/google/samples/apps/nowinandroid/core/data/repository/SearchContentsRepository.kt
2026-02-01 17:39:41,471 - Knowledge - INFO - Worker kw3 processing /app/data/T0015/313236/b3143s4/Android-OSS/core/common/src/main/kotlin/com/google/samples/apps/nowinandroid/core/common/result/Result.kt
2026-02-01 17:39:41,512 - Knowledge - INFO - Async storage completed for 6 embeddings
2026-02-01 17:39:41,558 - Knowledge - INFO - Worker kw8 processing /app/data/T0015/313236/b3143s4/Android-OSS/core/database/src/androidTest/kotlin/com/google/samples/apps/nowinandroid/core/database/dao/NewsResourceDaoTest.kt
2026-02-01 17:39:41,612 - Knowledge - INFO - Async storage completed for 6 embeddings
2026-02-01 17:39:41,632 - Knowledge - INFO - process ingested knowledge for /app/data/T0015/313236/b3143s4/Android-OSS/core/data/src/main/kotlin/com/google/samples/apps/nowinandroid/core/data/model/Topic.kt
2026-02-01 17:39:41,741 - Knowledge - INFO - process ingested knowledge for /app/data/T0015/313236/b3143s4/Android-OSS/core/model/src/main/kotlin/com/google/samples/apps/nowinandroid/core/model/data/NewsResource.kt
2026-02-01 17:39:41,825 - Knowledge - INFO - Fast-tracked /app/data/T0015/313236/b3143s4/Android-OSS/core/ui/src/main/kotlin/com/google/samples/apps/nowinandroid/core/ui/AnalyticsExtensions.kt (small file (2138 bytes))
2026-02-01 17:39:41,964 - Knowledge - INFO - done ingest for /app/data/T0015/313236/b3143s4/Android-OSS/core/testing/src/main/kotlin/com/google/samples/apps/nowinandroid/core/testing/repository/TestUserDataRepository.kt
2026-02-01 17:39:41,972 - Knowledge - INFO - Processing batch of 5 files
2026-02-01 17:39:41,972 - Knowledge - INFO - [WEBSOCKET] Sent: Type=unknown, Size: ?, Duration: 3169ms
2026-02-01 17:39:42,040 - Knowledge - INFO - process ingested knowledge for /app/data/T0015/313236/b3143s4/Android-OSS/core/testing/src/main/kotlin/com/google/samples/apps/nowinandroid/core/rules/GrantPostNotificationsPermissionRule.kt
2026-02-01 17:39:42,153 - Knowledge - INFO - process ingested knowledge for /app/data/T0015/313236/b3143s4/Android-OSS/core/data/src/main/kotlin/com/google/samples/apps/nowinandroid/core/data/repository/OfflineFirstUserDataRepository.kt
2026-02-01 17:39:42,278 - Knowledge - INFO - Fast-tracked /app/data/T0015/313236/b3143s4/Android-OSS/core/common/src/main/kotlin/com/google/samples/apps/nowinandroid/core/common/result/Result.kt (ext=.kt, size=1187)
2026-02-01 17:39:42,435 - Knowledge - INFO - Worker kw8 processing /app/data/T0015/313236/b3143s4/Android-OSS/core/database/src/main/kotlin/com/google/samples/apps/nowinandroid/core/database/dao/TopicDao.kt
2026-02-01 17:39:42,636 - Knowledge - INFO - process ingested knowledge for /app/data/T0015/313236/b3143s4/Android-OSS/core/data/src/main/kotlin/com/google/samples/apps/nowinandroid/core/data/model/NewsResource.kt
2026-02-01 17:39:42,756 - Knowledge - INFO - process ingested knowledge for /app/data/T0015/313236/b3143s4/Android-OSS/core/model/src/main/kotlin/com/google/samples/apps/nowinandroid/core/model/data/UserData.kt
2026-02-01 17:39:43,084 - Knowledge - INFO - process ingested knowledge for /app/data/T0015/313236/b3143s4/Android-OSS/core/screenshot-testing/build.gradle.kts
2026-02-01 17:39:43,217 - Knowledge - INFO - Progress: 50.8% | Files: 281/484 | Rate: 2.03 files/sec | Queue: 159
2026-02-01 17:39:43,222 - Knowledge - INFO - Processing batch of 6 files
2026-02-01 17:39:43,236 - Knowledge - INFO - Async storing batch of 6 embeddings
2026-02-01 17:39:43,236 - Knowledge - INFO - Async storing batch of 6 embeddings
2026-02-01 17:39:43,236 - Knowledge - INFO - Processing batch of 6 files
2026-02-01 17:39:43,237 - Knowledge - INFO - Processing batch of 6 files
2026-02-01 17:39:43,237 - Knowledge - INFO - [WEBSOCKET] Sent: Type=progress_update, Size: 293, Duration: 15ms
2026-02-01 17:39:43,308 - Knowledge - INFO - process ingested knowledge for /app/data/T0015/313236/b3143s4/Android-OSS/core/testing/src/main/AndroidManifest.xml
2026-02-01 17:39:43,392 - Knowledge - INFO - process ingested knowledge for /app/data/T0015/313236/b3143s4/Android-OSS/core/data/src/main/kotlin/com/google/samples/apps/nowinandroid/core/data/repository/UserNewsResourceRepository.kt
2026-02-01 17:39:43,517 - Knowledge - INFO - Worker kw3 processing /app/data/T0015/313236/b3143s4/Android-OSS/core/common/build.gradle.kts
2026-02-01 17:39:43,678 - Knowledge - INFO - Worker kw8 processing /app/data/T0015/313236/b3143s4/Android-OSS/core/database/src/main/kotlin/com/google/samples/apps/nowinandroid/core/database/dao/NewsResourceDao.kt
2026-02-01 17:39:43,810 - Knowledge - INFO - process ingested knowledge for /app/data/T0015/313236/b3143s4/Android-OSS/core/data/src/main/kotlin/com/google/samples/apps/nowinandroid/core/data/model/RecentSearchQuery.kt
2026-02-01 17:39:43,988 - Knowledge - INFO - process ingested knowledge for /app/data/T0015/313236/b3143s4/Android-OSS/core/model/src/main/kotlin/com/google/samples/apps/nowinandroid/core/model/data/UserNewsResource.kt
2026-02-01 17:39:44,148 - Knowledge - INFO - process ingested knowledge for /app/data/T0015/313236/b3143s4/Android-OSS/core/screenshot-testing/README.md
2026-02-01 17:39:44,230 - Knowledge - INFO - Async storage completed for 6 embeddings
2026-02-01 17:39:44,233 - Knowledge - INFO - [kw18] Queue=159, InProgress=0, PendingWorkers=20/20, Completed=281/484 (58.1%)
2026-02-01 17:39:44,307 - Knowledge - INFO - process ingested knowledge for /app/data/T0015/313236/b3143s4/Android-OSS/core/testing/src/main/kotlin/com/google/samples/apps/nowinandroid/core/testing/data/FollowableTopicTestData.kt
2026-02-01 17:39:44,389 - Knowledge - INFO - Worker kw15 processing /app/data/T0015/313236/b3143s4/Android-OSS/core/database/src/main/kotlin/com/google/samples/apps/nowinandroid/core/database/dao/TopicFtsDao.kt
2026-02-01 17:39:44,477 - Knowledge - INFO - Worker kw10 processing /app/data/T0015/313236/b3143s4/Android-OSS/core/database/src/main/kotlin/com/google/samples/apps/nowinandroid/core/database/model/NewsResourceTopicCrossRef.kt
2026-02-01 17:39:44,553 - Knowledge - INFO - process ingested knowledge for /app/data/T0015/313236/b3143s4/Android-OSS/core/data/src/main/kotlin/com/google/samples/apps/nowinandroid/core/data/repository/AnalyticsExtensions.kt
2026-02-01 17:39:44,641 - Knowledge - INFO - process ingested knowledge for /app/data/T0015/313236/b3143s4/Android-OSS/core/testing/src/main/kotlin/com/google/samples/apps/nowinandroid/core/testing/repository/TestUserDataRepository.kt
2026-02-01 17:39:44,750 - Knowledge - INFO - [kw11] Queue=159, InProgress=0, PendingWorkers=20/20, Completed=281/484 (58.1%)
2026-02-01 17:39:44,750 - Knowledge - INFO - [WEBSOCKET] Sent: Type=progress_update, Size: 291, Duration: 5ms
2026-02-01 17:39:44,942 - Knowledge - INFO - process ingested knowledge for /app/data/T0015/313236/b3143s4/Android-OSS/core/data/src/main/kotlin/com/google/samples/apps/nowinandroid/core/data/repository/DefaultRecentSearchRepository.kt
2026-02-01 17:39:45,022 - Knowledge - INFO - Fast-tracked /app/data/T0015/313236/b3143s4/Android-OSS/core/common/build.gradle.kts (ext=.kts, size=876)
2026-02-01 17:39:45,148 - Knowledge - INFO - Worker kw8 processing /app/data/T0015/313236/b3143s4/Android-OSS/core/database/src/main/kotlin/com/google/samples/apps/nowinandroid/core/database/dao/RecentSearchQueryDao.kt
2026-02-01 17:39:45,288 - Knowledge - INFO - process ingested knowledge for /app/data/T0015/313236/b3143s4/Android-OSS/core/data/src/main/kotlin/com/google/samples/apps/nowinandroid/core/data/di/DataModule.kt
2026-02-01 17:39:45,393 - Knowledge - INFO - process ingested knowledge for /app/data/T0015/313236/b3143s4/Android-OSS/core/model/src/main/kotlin/com/google/samples/apps/nowinandroid/core/model/data/UserSearchResult.kt
2026-02-01 17:39:45,475 - Knowledge - INFO - process ingested knowledge for /app/data/T0015/313236/b3143s4/Android-OSS/core/common/src/test/kotlin/com/google/samples/apps/nowinandroid/core/common/result/ResultKtTest.kt
2026-02-01 17:39:45,635 - Knowledge - INFO - Batch sizing: calculated=5, max_allowed=10, queue=159, active_workers=20/20
2026-02-01 17:39:45,728 - Knowledge - INFO - process ingested knowledge for /app/data/T0015/313236/b3143s4/Android-OSS/core/testing/src/main/kotlin/com/google/samples/apps/nowinandroid/core/testing/data/NewsResourcesTestData.kt
2026-02-01 17:39:45,812 - Knowledge - INFO - Fast-tracked /app/data/T0015/313236/b3143s4/Android-OSS/core/database/src/main/kotlin/com/google/samples/apps/nowinandroid/core/database/dao/TopicFtsDao.kt (ext=.kt, size=1310)
2026-02-01 17:39:45,898 - Knowledge - INFO - Fast-tracked /app/data/T0015/313236/b3143s4/Android-OSS/core/database/src/main/kotlin/com/google/samples/apps/nowinandroid/core/database/model/NewsResourceTopicCrossRef.kt (ext=.kt, size=1717)
2026-02-01 17:39:45,969 - Knowledge - INFO - process ingested knowledge for /app/data/T0015/313236/b3143s4/Android-OSS/core/data/src/main/kotlin/com/google/samples/apps/nowinandroid/core/data/repository/OfflineFirstNewsRepository.kt
2026-02-01 17:39:46,052 - Knowledge - INFO - process ingested knowledge for /app/data/T0015/313236/b3143s4/Android-OSS/core/testing/src/main/kotlin/com/google/samples/apps/nowinandroid/core/testing/repository/TestSearchContentsRepository.kt
2026-02-01 17:39:46,149 - Knowledge - INFO - Batch sizing: calculated=5, max_allowed=10, queue=159, active_workers=20/20
2026-02-01 17:39:46,338 - Knowledge - INFO - [LLM_CALL] Completed: JankStatsExtensions.kt:chunk1, Duration: 9493ms, PromptTokens: 2136, CompletionTokens: 501, Cost: $0.00041
2026-02-01 17:39:46,609 - Knowledge - INFO - Worker kw3 processing /app/data/T0015/313236/b3143s4/Android-OSS/core/common/README.md
2026-02-01 17:39:46,788 - Knowledge - INFO - Fast-tracked /app/data/T0015/313236/b3143s4/Android-OSS/core/database/src/main/kotlin/com/google/samples/apps/nowinandroid/core/database/dao/RecentSearchQueryDao.kt (ext=.kt, size=1363)
2026-02-01 17:39:47,228 - Knowledge - INFO - process ingested knowledge for /app/data/T0015/313236/b3143s4/Android-OSS/core/common/src/main/kotlin/com/google/samples/apps/nowinandroid/core/common/network/di/CoroutineScopesModule.kt
2026-02-01 17:39:47,422 - Knowledge - INFO - Worker kw15 processing /app/data/T0015/313236/b3143s4/Android-OSS/core/database/src/main/kotlin/com/google/samples/apps/nowinandroid/core/database/dao/NewsResourceFtsDao.kt
2026-02-01 17:39:47,519 - Knowledge - INFO - Worker kw10 processing /app/data/T0015/313236/b3143s4/Android-OSS/core/database/src/main/kotlin/com/google/samples/apps/nowinandroid/core/database/model/NewsResourceFtsEntity.kt
2026-02-01 17:39:48,121 - Knowledge - INFO - done ingest for /app/data/T0015/313236/b3143s4/Android-OSS/core/ui/src/main/kotlin/com/google/samples/apps/nowinandroid/core/ui/JankStatsExtensions.kt
2026-02-01 17:39:48,121 - Knowledge - INFO - [WEBSOCKET] Sent: Type=unknown, Size: ?, Duration: 3377ms
2026-02-01 17:39:48,122 - Knowledge - INFO - process ingested knowledge for /app/data/T0015/313236/b3143s4/Android-OSS/core/testing/src/main/kotlin/com/google/samples/apps/nowinandroid/core/testing/util/TestTimeZoneMonitor.kt
2026-02-01 17:39:48,273 - Knowledge - INFO - Fast-tracked /app/data/T0015/313236/b3143s4/Android-OSS/core/common/README.md (ext=.md, size=1463)
2026-02-01 17:39:48,418 - Knowledge - INFO - process ingested knowledge for /app/data/T0015/313236/b3143s4/Android-OSS/core/testing/src/main/kotlin/com/google/samples/apps/nowinandroid/core/testing/repository/TestTopicsRepository.kt
2026-02-01 17:39:48,507 - Knowledge - INFO - process ingested knowledge for /app/data/T0015/313236/b3143s4/Android-OSS/core/data/src/main/kotlin/com/google/samples/apps/nowinandroid/core/data/repository/TopicsRepository.kt
2026-02-01 17:39:48,550 - Knowledge - INFO - Fast-tracked /app/data/T0015/313236/b3143s4/Android-OSS/core/database/src/main/kotlin/com/google/samples/apps/nowinandroid/core/database/dao/NewsResourceFtsDao.kt (ext=.kt, size=1380)
2026-02-01 17:39:48,644 - Knowledge - INFO - Fast-tracked /app/data/T0015/313236/b3143s4/Android-OSS/core/database/src/main/kotlin/com/google/samples/apps/nowinandroid/core/database/model/NewsResourceFtsEntity.kt (ext=.kt, size=1152)
2026-02-01 17:39:48,773 - Knowledge - INFO - process ingested knowledge for /app/data/T0015/313236/b3143s4/Android-OSS/core/common/src/main/kotlin/com/google/samples/apps/nowinandroid/core/common/network/di/DispatchersModule.kt
2026-02-01 17:39:48,871 - Knowledge - INFO - Progress: 55.6% | Files: 281/484 | Rate: 1.99 files/sec | Queue: 149
2026-02-01 17:39:48,880 - Knowledge - INFO - [LLM_CALL] Completed: UserNewsResourcePreviewParameterProvider.kt:chunk1, Duration: 10049ms, PromptTokens: 4036, CompletionTokens: 378, Cost: $0.00055
2026-02-01 17:39:49,095 - Knowledge - INFO - Worker kw3 processing /app/data/T0015/313236/b3143s4/Android-OSS/core/database/src/androidTest/kotlin/com/google/samples/apps/nowinandroid/core/database/dao/TopicDaoTest.kt
2026-02-01 17:39:49,354 - Knowledge - INFO - process ingested knowledge for /app/data/T0015/313236/b3143s4/Android-OSS/core/testing/src/main/kotlin/com/google/samples/apps/nowinandroid/core/testing/util/MainDispatcherRule.kt
2026-02-01 17:39:49,478 - Knowledge - INFO - Worker kw15 processing /app/data/T0015/313236/b3143s4/Android-OSS/core/database/src/main/kotlin/com/google/samples/apps/nowinandroid/core/database/NiaDatabase.kt
2026-02-01 17:39:49,484 - Knowledge - INFO - process ingested knowledge for /app/data/T0015/313236/b3143s4/Android-OSS/core/data/src/main/kotlin/com/google/samples/apps/nowinandroid/core/data/SyncUtilities.kt
2026-02-01 17:39:49,485 - Knowledge - INFO - process ingested knowledge for /app/data/T0015/313236/b3143s4/Android-OSS/core/testing/src/main/kotlin/com/google/samples/apps/nowinandroid/core/testing/notifications/TestNotifier.kt
2026-02-01 17:39:49,563 - Knowledge - INFO - Worker kw10 processing /app/data/T0015/313236/b3143s4/Android-OSS/core/database/src/main/kotlin/com/google/samples/apps/nowinandroid/core/database/model/TopicFtsEntity.kt
2026-02-01 17:39:49,805 - Knowledge - INFO - [kw6] Queue=149, InProgress=0, PendingWorkers=20/20, Completed=281/484 (58.1%)
2026-02-01 17:39:49,885 - Knowledge - INFO - done ingest for /app/data/T0015/313236/b3143s4/Android-OSS/core/ui/src/main/kotlin/com/google/samples/apps/nowinandroid/core/ui/UserNewsResourcePreviewParameterProvider.kt
2026-02-01 17:39:49,885 - Knowledge - INFO - Progress: 58.1% | Files: 281/484 | Rate: 1.92 files/sec | Queue: 149
2026-02-01 17:39:49,885 - Knowledge - INFO - Async storing batch of 6 embeddings
2026-02-01 17:39:49,887 - Knowledge - INFO - [LLM_CALL] Completed: FollowableTopicPreviewParameterProvider.kt:chunk1, Duration: 11055ms, PromptTokens: 2436, CompletionTokens: 260, Cost: $0.00035
2026-02-01 17:39:50,058 - Knowledge - INFO - process ingested knowledge for /app/data/T0015/313236/b3143s4/Android-OSS/core/testing/src/main/kotlin/com/google/samples/apps/nowinandroid/core/testing/util/TestAnalyticsHelper.kt
2026-02-01 17:39:50,145 - Knowledge - INFO - Worker kw15 processing /app/data/T0015/313236/b3143s4/Android-OSS/core/database/src/main/kotlin/com/google/samples/apps/nowinandroid/core/database/util/InstantConverter.kt
2026-02-01 17:39:50,228 - Knowledge - INFO - process ingested knowledge for /app/data/T0015/313236/b3143s4/Android-OSS/core/data/src/main/kotlin/com/google/samples/apps/nowinandroid/core/data/util/TimeZoneMonitor.kt
2026-02-01 17:39:50,307 - Knowledge - INFO - process ingested knowledge for /app/data/T0015/313236/b3143s4/Android-OSS/core/testing/src/main/kotlin/com/google/samples/apps/nowinandroid/core/testing/data/UserNewsResourcesTestData.kt
2026-02-01 17:39:50,410 - Knowledge - INFO - Fast-tracked /app/data/T0015/313236/b3143s4/Android-OSS/core/database/src/main/kotlin/com/google/samples/apps/nowinandroid/core/database/model/TopicFtsEntity.kt (ext=.kt, size=1373)
2026-02-01 17:39:50,490 - Knowledge - INFO - Batch sizing: calculated=5, max_allowed=10, queue=149, active_workers=20/20
2026-02-01 17:39:50,637 - Knowledge - INFO - [kw19] Queue=149, InProgress=0, PendingWorkers=20/20, Completed=287/484 (59.3%)
2026-02-01 17:39:50,755 - Knowledge - INFO - Worker kw18 processing /app/data/T0015/313236/b3143s4/Android-OSS/core/database/src/main/kotlin/com/google/samples/apps/nowinandroid/core/database/model/NewsResourceEntity.kt
2026-02-01 17:39:50,839 - Knowledge - INFO - done ingest for /app/data/T0015/313236/b3143s4/Android-OSS/core/ui/src/main/kotlin/com/google/samples/apps/nowinandroid/core/ui/FollowableTopicPreviewParameterProvider.kt
2026-02-01 17:39:50,841 - Knowledge - INFO - [LLM_CALL] Completed: ScreenshotHelper.kt:chunk1, Duration: 12028ms, PromptTokens: 5222, CompletionTokens: 861, Cost: $0.00087
2026-02-01 17:39:50,966 - Knowledge - INFO - process ingested knowledge for /app/data/T0015/313236/b3143s4/Android-OSS/core/testing/src/main/kotlin/com/google/samples/apps/nowinandroid/core/testing/util/TestSyncManager.kt
2026-02-01 17:39:51,050 - Knowledge - INFO - Fast-tracked /app/data/T0015/313236/b3143s4/Android-OSS/core/database/src/main/kotlin/com/google/samples/apps/nowinandroid/core/database/util/InstantConverter.kt (ext=.kt, size=1013)
2026-02-01 17:39:51,124 - Knowledge - INFO - process ingested knowledge for /app/data/T0015/313236/b3143s4/Android-OSS/core/data/src/main/kotlin/com/google/samples/apps/nowinandroid/core/data/util/ConnectivityManagerNetworkMonitor.kt
2026-02-01 17:39:51,209 - Knowledge - INFO - process ingested knowledge for /app/data/T0015/313236/b3143s4/Android-OSS/core/testing/src/main/kotlin/com/google/samples/apps/nowinandroid/core/testing/data/TopicsTestData.kt
2026-02-01 17:39:51,289 - Knowledge - INFO - Worker kw10 processing /app/data/T0015/313236/b3143s4/Android-OSS/core/database/src/main/kotlin/com/google/samples/apps/nowinandroid/core/database/model/TopicEntity.kt
2026-02-01 17:39:51,482 - Knowledge - INFO - Batch sizing: calculated=5, max_allowed=10, queue=149, active_workers=20/20
2026-02-01 17:39:51,568 - Knowledge - INFO - Fast-tracked /app/data/T0015/313236/b3143s4/Android-OSS/core/database/src/main/kotlin/com/google/samples/apps/nowinandroid/core/database/model/NewsResourceEntity.kt (ext=.kt, size=1513)
2026-02-01 17:39:51,609 - Knowledge - INFO - Fast-tracked /app/data/T0015/313236/b3143s4/Android-OSS/core/database/src/main/kotlin/com/google/samples/apps/nowinandroid/core/database/dao/TopicDao.kt (small file (2191 bytes))
2026-02-01 17:39:51,882 - Knowledge - INFO - done ingest for /app/data/T0015/313236/b3143s4/Android-OSS/core/screenshot-testing/src/main/kotlin/com/google/samples/apps/nowinandroid/core/testing/util/ScreenshotHelper.kt
2026-02-01 17:39:51,884 - Knowledge - INFO - Async storing batch of 6 embeddings
2026-02-01 17:39:51,884 - Knowledge - INFO - [LLM_CALL] Completed: NewsResourceCardTest.kt:chunk1, Duration: 21793ms, PromptTokens: 2776, CompletionTokens: 593, Cost: $0.00051
2026-02-01 17:39:52,201 - Knowledge - INFO - Worker kw15 processing /app/data/T0015/313236/b3143s4/Android-OSS/core/database/src/main/kotlin/com/google/samples/apps/nowinandroid/core/database/model/PopulatedNewsResource.kt
2026-02-01 17:39:52,731 - Knowledge - INFO - Fast-tracked /app/data/T0015/313236/b3143s4/Android-OSS/core/database/src/main/kotlin/com/google/samples/apps/nowinandroid/core/database/model/TopicEntity.kt (ext=.kt, size=1488)
2026-02-01 17:39:52,905 - Knowledge - INFO - Worker kw18 processing /app/data/T0015/313236/b3143s4/Android-OSS/core/database/src/main/kotlin/com/google/samples/apps/nowinandroid/core/database/di/DatabaseModule.kt
2026-02-01 17:39:53,295 - Knowledge - INFO - Worker kw11 processing /app/data/T0015/313236/b3143s4/Android-OSS/core/database/schemas/com.google.samples.apps.nowinandroid.core.database.NiaDatabase/8.json
2026-02-01 17:39:53,378 - Knowledge - INFO - done ingest for /app/data/T0015/313236/b3143s4/Android-OSS/core/ui/src/androidTest/kotlin/com/google/samples/apps/nowinandroid/core/ui/NewsResourceCardTest.kt
2026-02-01 17:39:53,379 - Knowledge - INFO - Processing batch of 6 files
2026-02-01 17:39:53,379 - Knowledge - INFO - Async storing batch of 6 embeddings
2026-02-01 17:39:53,379 - Knowledge - INFO - [LLM_CALL] Completed: InterestsItem.kt:chunk1, Duration: 10142ms, PromptTokens: 3164, CompletionTokens: 719, Cost: $0.00060
2026-02-01 17:39:53,476 - Knowledge - INFO - [kw7] Queue=139, InProgress=0, PendingWorkers=20/20, Completed=289/484 (59.7%)
2026-02-01 17:39:53,477 - Knowledge - INFO - Fast-tracked /app/data/T0015/313236/b3143s4/Android-OSS/core/database/src/main/kotlin/com/google/samples/apps/nowinandroid/core/database/model/PopulatedNewsResource.kt (ext=.kt, size=1793)
2026-02-01 17:39:53,557 - Knowledge - INFO - Worker kw10 processing /app/data/T0015/313236/b3143s4/Android-OSS/core/database/src/main/kotlin/com/google/samples/apps/nowinandroid/core/database/model/RecentSearchQueryEntity.kt
2026-02-01 17:39:53,645 - Knowledge - INFO - Fast-tracked /app/data/T0015/313236/b3143s4/Android-OSS/core/database/src/main/kotlin/com/google/samples/apps/nowinandroid/core/database/di/DatabaseModule.kt (ext=.kt, size=1333)
2026-02-01 17:39:53,726 - Knowledge - INFO - Fast-tracked /app/data/T0015/313236/b3143s4/Android-OSS/core/database/schemas/com.google.samples.apps.nowinandroid.core.database.NiaDatabase/8.json (ext=.json, size=13496)
2026-02-01 17:39:53,937 - Knowledge - INFO - process ingested knowledge for /app/data/T0015/313236/b3143s4/Android-OSS/core/ui/src/main/kotlin/com/google/samples/apps/nowinandroid/core/ui/LocalTimeZone.kt
2026-02-01 17:39:54,024 - Knowledge - INFO - Worker kw6 processing /app/data/T0015/313236/b3143s4/Android-OSS/core/database/schemas/com.google.samples.apps.nowinandroid.core.database.NiaDatabase/6.json
2026-02-01 17:39:54,115 - Knowledge - INFO - done ingest for /app/data/T0015/313236/b3143s4/Android-OSS/core/ui/src/main/kotlin/com/google/samples/apps/nowinandroid/core/ui/InterestsItem.kt
2026-02-01 17:39:54,116 - Knowledge - INFO - Async storing batch of 6 embeddings
2026-02-01 17:39:54,116 - Knowledge - INFO - Processing batch of 6 files
2026-02-01 17:39:54,188 - Knowledge - INFO - [WEBSOCKET] Sent: Type=progress_update, Size: 293, Duration: 0ms
2026-02-01 17:39:54,189 - Knowledge - INFO - [kw20] Queue=139, InProgress=0, PendingWorkers=20/20, Completed=296/484 (61.2%)
2026-02-01 17:39:54,189 - Knowledge - INFO - [kw17] Queue=139, InProgress=0, PendingWorkers=20/20, Completed=297/484 (61.4%)
2026-02-01 17:39:54,194 - Knowledge - INFO - Batch sizing: calculated=5, max_allowed=10, queue=139, active_workers=20/20
2026-02-01 17:39:54,266 - Knowledge - INFO - [kw4] Queue=139, InProgress=0, PendingWorkers=20/20, Completed=298/484 (61.6%)
2026-02-01 17:39:54,397 - Knowledge - INFO - Fast-tracked /app/data/T0015/313236/b3143s4/Android-OSS/core/database/src/main/kotlin/com/google/samples/apps/nowinandroid/core/database/model/RecentSearchQueryEntity.kt (ext=.kt, size=1054)
2026-02-01 17:39:54,489 - Knowledge - INFO - Worker kw18 processing /app/data/T0015/313236/b3143s4/Android-OSS/core/database/src/main/kotlin/com/google/samples/apps/nowinandroid/core/database/di/DaosModule.kt
2026-02-01 17:39:54,590 - Knowledge - INFO - Worker kw11 processing /app/data/T0015/313236/b3143s4/Android-OSS/core/database/schemas/com.google.samples.apps.nowinandroid.core.database.NiaDatabase/4.json
2026-02-01 17:39:54,672 - Knowledge - INFO - process ingested knowledge for /app/data/T0015/313236/b3143s4/Android-OSS/core/ui/src/main/kotlin/com/google/samples/apps/nowinandroid/core/ui/UserNewsResourcePreviewParameterProvider.kt
2026-02-01 17:39:54,767 - Knowledge - INFO - Fast-tracked /app/data/T0015/313236/b3143s4/Android-OSS/core/database/schemas/com.google.samples.apps.nowinandroid.core.database.NiaDatabase/6.json (ext=.json, size=13864)
2026-02-01 17:39:54,928 - Knowledge - INFO - Async storage completed for 6 embeddings
2026-02-01 17:39:54,999 - Knowledge - INFO - Worker kw19 processing /app/data/T0015/313236/b3143s4/Android-OSS/core/database/schemas/com.google.samples.apps.nowinandroid.core.database.NiaDatabase/5.json
2026-02-01 17:39:55,238 - Knowledge - INFO - Async storage completed for 6 embeddings
2026-02-01 17:39:55,238 - Knowledge - INFO - process ingested knowledge for /app/data/T0015/313236/b3143s4/Android-OSS/core/model/src/main/kotlin/com/google/samples/apps/nowinandroid/core/model/data/FollowableTopic.kt
2026-02-01 17:39:55,360 - Knowledge - INFO - Processing batch of 6 files
2026-02-01 17:39:55,392 - Knowledge - INFO - [WEBSOCKET] Sent: Type=unknown, Size: ?, Duration: 1204ms
2026-02-01 17:39:55,470 - Knowledge - INFO - Batch sizing: calculated=5, max_allowed=10, queue=139, active_workers=20/20
2026-02-01 17:39:55,573 - Knowledge - INFO - Batch sizing: calculated=5, max_allowed=10, queue=139, active_workers=20/20
2026-02-01 17:39:55,745 - Knowledge - INFO - Batch sizing: calculated=5, max_allowed=10, queue=139, active_workers=20/20
2026-02-01 17:39:55,823 - Knowledge - INFO - Async storage completed for 6 embeddings
2026-02-01 17:39:55,899 - Knowledge - INFO - Fast-tracked /app/data/T0015/313236/b3143s4/Android-OSS/core/database/src/main/kotlin/com/google/samples/apps/nowinandroid/core/database/di/DaosModule.kt (ext=.kt, size=1983)
2026-02-01 17:39:55,979 - Knowledge - INFO - Fast-tracked /app/data/T0015/313236/b3143s4/Android-OSS/core/database/schemas/com.google.samples.apps.nowinandroid.core.database.NiaDatabase/4.json (ext=.json, size=11609)
2026-02-01 17:39:56,057 - Knowledge - INFO - process ingested knowledge for /app/data/T0015/313236/b3143s4/Android-OSS/core/ui/src/main/AndroidManifest.xml
2026-02-01 17:39:56,165 - Knowledge - INFO - Worker kw6 processing /app/data/T0015/313236/b3143s4/Android-OSS/core/database/schemas/com.google.samples.apps.nowinandroid.core.database.NiaDatabase/9.json
2026-02-01 17:39:56,188 - Knowledge - INFO - Async storage completed for 6 embeddings
2026-02-01 17:39:56,402 - Knowledge - INFO - Fast-tracked /app/data/T0015/313236/b3143s4/Android-OSS/core/database/schemas/com.google.samples.apps.nowinandroid.core.database.NiaDatabase/5.json (ext=.json, size=12076)
2026-02-01 17:39:56,604 - Knowledge - INFO - process ingested knowledge for /app/data/T0015/313236/b3143s4/Android-OSS/core/model/src/main/kotlin/com/google/samples/apps/nowinandroid/core/model/data/ThemeBrand.kt
2026-02-01 17:39:56,681 - Knowledge - INFO - process ingested knowledge for /app/data/T0015/313236/b3143s4/Android-OSS/core/testing/build.gradle.kts
2026-02-01 17:39:56,762 - Knowledge - INFO - Progress: 61.2% | Files: 299/484 | Rate: 1.92 files/sec | Queue: 134
2026-02-01 17:39:56,763 - Knowledge - INFO - [kw5] Queue=134, InProgress=0, PendingWorkers=20/20, Completed=299/484 (61.8%)
2026-02-01 17:39:56,764 - Knowledge - INFO - [kw2] Queue=134, InProgress=0, PendingWorkers=20/20, Completed=299/484 (61.8%)
2026-02-01 17:39:56,764 - Knowledge - INFO - [kw13] Queue=134, InProgress=0, PendingWorkers=20/20, Completed=299/484 (61.8%)
2026-02-01 17:39:56,764 - Knowledge - INFO - [LLM_CALL] Completed: NewsFeed.kt:chunk1, Duration: 19920ms, PromptTokens: 3072, CompletionTokens: 644, Cost: $0.00056
2026-02-01 17:39:57,186 - Knowledge - INFO - Worker kw18 processing /app/data/T0015/313236/b3143s4/Android-OSS/core/database/src/main/kotlin/com/google/samples/apps/nowinandroid/core/database/DatabaseMigrations.kt
2026-02-01 17:39:57,299 - Knowledge - INFO - Worker kw11 processing /app/data/T0015/313236/b3143s4/Android-OSS/core/database/schemas/com.google.samples.apps.nowinandroid.core.database.NiaDatabase/13.json
2026-02-01 17:39:57,422 - Knowledge - INFO - process ingested knowledge for /app/data/T0015/313236/b3143s4/Android-OSS/core/ui/build.gradle.kts
2026-02-01 17:39:57,519 - Knowledge - INFO - Fast-tracked /app/data/T0015/313236/b3143s4/Android-OSS/core/database/schemas/com.google.samples.apps.nowinandroid.core.database.NiaDatabase/9.json (ext=.json, size=13712)
2026-02-01 17:39:57,747 - Knowledge - INFO - Worker kw19 processing /app/data/T0015/313236/b3143s4/Android-OSS/core/database/schemas/com.google.samples.apps.nowinandroid.core.database.NiaDatabase/3.json
2026-02-01 17:39:57,827 - Knowledge - INFO - process ingested knowledge for /app/data/T0015/313236/b3143s4/Android-OSS/core/model/build.gradle.kts
2026-02-01 17:39:57,916 - Knowledge - INFO - process ingested knowledge for /app/data/T0015/313236/b3143s4/Android-OSS/core/testing/README.md
2026-02-01 17:39:58,013 - Knowledge - INFO - [kw12] Queue=119, InProgress=0, PendingWorkers=20/20, Completed=304/484 (62.8%)
2026-02-01 17:39:58,142 - Knowledge - INFO - Batch sizing: calculated=5, max_allowed=10, queue=134, active_workers=20/20
2026-02-01 17:39:58,454 - Knowledge - INFO - Batch sizing: calculated=5, max_allowed=10, queue=134, active_workers=20/20
2026-02-01 17:39:58,585 - Knowledge - INFO - Batch sizing: calculated=5, max_allowed=10, queue=134, active_workers=20/20
2026-02-01 17:39:58,717 - Knowledge - INFO - done ingest for /app/data/T0015/313236/b3143s4/Android-OSS/core/ui/src/main/kotlin/com/google/samples/apps/nowinandroid/core/ui/NewsFeed.kt
2026-02-01 17:39:58,728 - Knowledge - INFO - Async storing batch of 6 embeddings
2026-02-01 17:39:58,746 - Knowledge - INFO - Async storing batch of 6 embeddings
2026-02-01 17:39:58,748 - Knowledge - INFO - Async storing batch of 6 embeddings
2026-02-01 17:39:58,754 - Knowledge - INFO - Async storing batch of 5 embeddings
2026-02-01 17:39:58,763 - Knowledge - INFO - Processing batch of 5 files
2026-02-01 17:39:58,825 - Knowledge - INFO - Worker kw18 processing /app/data/T0015/313236/b3143s4/Android-OSS/core/database/src/main/AndroidManifest.xml
2026-02-01 17:39:58,979 - Knowledge - INFO - Fast-tracked /app/data/T0015/313236/b3143s4/Android-OSS/core/database/schemas/com.google.samples.apps.nowinandroid.core.database.NiaDatabase/13.json (ext=.json, size=8564)
2026-02-01 17:39:59,098 - Knowledge - INFO - process ingested knowledge for /app/data/T0015/313236/b3143s4/Android-OSS/core/ui/README.md
2026-02-01 17:39:59,218 - Knowledge - INFO - Worker kw6 processing /app/data/T0015/313236/b3143s4/Android-OSS/core/database/schemas/com.google.samples.apps.nowinandroid.core.database.NiaDatabase/1.json
2026-02-01 17:39:59,380 - Knowledge - INFO - Fast-tracked /app/data/T0015/313236/b3143s4/Android-OSS/core/database/schemas/com.google.samples.apps.nowinandroid.core.database.NiaDatabase/3.json (ext=.json, size=11609)
2026-02-01 17:39:59,457 - Knowledge - INFO - process ingested knowledge for /app/data/T0015/313236/b3143s4/Android-OSS/core/model/README.md
2026-02-01 17:39:59,579 - Knowledge - INFO - process ingested knowledge for /app/data/T0015/313236/b3143s4/Android-OSS/core/ui/src/androidTest/kotlin/com/google/samples/apps/nowinandroid/core/ui/NewsResourceCardTest.kt
2026-02-01 17:39:59,715 - Knowledge - INFO - Batch sizing: calculated=5, max_allowed=10, queue=119, active_workers=20/20
2026-02-01 17:39:59,889 - Knowledge - INFO - Async storing batch of 6 embeddings
2026-02-01 17:40:00,031 - Knowledge - INFO - Async storing batch of 6 embeddings
2026-02-01 17:40:00,088 - Knowledge - INFO - Async storing batch of 6 embeddings
2026-02-01 17:40:00,434 - Knowledge - INFO - Worker kw7 processing /app/data/T0015/313236/b3143s4/Android-OSS/core/database/README.md
2026-02-01 17:40:00,551 - Knowledge - INFO - Worker kw17 processing /app/data/T0015/313236/b3143s4/Android-OSS/core/datastore/src/main/kotlin/com/google/samples/apps/nowinandroid/core/datastore/di/DataStoreModule.kt
2026-02-01 17:40:00,651 - Knowledge - INFO - Worker kw20 processing /app/data/T0015/313236/b3143s4/Android-OSS/core/datastore/src/main/kotlin/com/google/samples/apps/nowinandroid/core/datastore/UserPreferencesSerializer.kt
2026-02-01 17:40:00,903 - Knowledge - INFO - Worker kw4 processing /app/data/T0015/313236/b3143s4/Android-OSS/core/data-test/src/main/kotlin/com/google/samples/apps/nowinandroid/core/data/test/repository/FakeSearchContentsRepository.kt
2026-02-01 17:40:00,904 - Knowledge - INFO - process ingested knowledge for /app/data/T0015/313236/b3143s4/Android-OSS/core/database/src/main/kotlin/com/google/samples/apps/nowinandroid/core/database/model/NewsResourceTopicCrossRef.kt
2026-02-01 17:40:01,029 - Knowledge - INFO - [LLM_CALL] Completed: TopicDaoTest.kt:chunk1, Duration: 7651ms, PromptTokens: 2334, CompletionTokens: 599, Cost: $0.00047
2026-02-01 17:40:01,072 - Knowledge - INFO - Fast-tracked /app/data/T0015/313236/b3143s4/Android-OSS/core/database/src/main/AndroidManifest.xml (ext=.xml, size=684)
2026-02-01 17:40:01,200 - Knowledge - INFO - Worker kw11 processing /app/data/T0015/313236/b3143s4/Android-OSS/core/database/schemas/com.google.samples.apps.nowinandroid.core.database.NiaDatabase/11.json
2026-02-01 17:40:01,374 - Knowledge - INFO - process ingested knowledge for /app/data/T0015/313236/b3143s4/Android-OSS/core/model/src/main/kotlin/com/google/samples/apps/nowinandroid/core/model/data/DarkThemeConfig.kt
2026-02-01 17:40:01,561 - Knowledge - INFO - Fast-tracked /app/data/T0015/313236/b3143s4/Android-OSS/core/database/schemas/com.google.samples.apps.nowinandroid.core.database.NiaDatabase/1.json (ext=.json, size=10695)
2026-02-01 17:40:01,680 - Knowledge - INFO - Worker kw19 processing /app/data/T0015/313236/b3143s4/Android-OSS/core/database/schemas/com.google.samples.apps.nowinandroid.core.database.NiaDatabase/12.json
2026-02-01 17:40:01,878 - Knowledge - INFO - process ingested knowledge for /app/data/T0015/313236/b3143s4/Android-OSS/core/screenshot-testing/src/main/kotlin/com/google/samples/apps/nowinandroid/core/testing/util/ScreenshotHelper.kt
2026-02-01 17:40:02,017 - Knowledge - INFO - process ingested knowledge for /app/data/T0015/313236/b3143s4/Android-OSS/core/ui/src/main/res/values/strings.xml
2026-02-01 17:40:02,276 - Knowledge - INFO - Worker kw5 processing /app/data/T0015/313236/b3143s4/Android-OSS/core/data-test/src/main/kotlin/com/google/samples/apps/nowinandroid/core/data/test/DefaultZoneIdTimeZoneMonitor.kt
2026-02-01 17:40:02,420 - Knowledge - INFO - Worker kw2 processing /app/data/T0015/313236/b3143s4/Android-OSS/core/data-test/README.md
2026-02-01 17:40:02,561 - Knowledge - INFO - Worker kw13 processing /app/data/T0015/313236/b3143s4/Android-OSS/core/designsystem/src/test/kotlin/com/google/samples/apps/nowinandroid/core/designsystem/TagScreenshotTests.kt
2026-02-01 17:40:02,671 - Knowledge - INFO - Fast-tracked /app/data/T0015/313236/b3143s4/Android-OSS/core/database/README.md (ext=.md, size=1544)
2026-02-01 17:40:02,924 - Knowledge - INFO - Worker kw17 processing /app/data/T0015/313236/b3143s4/Android-OSS/core/datastore/src/main/AndroidManifest.xml
2026-02-01 17:40:03,103 - Knowledge - INFO - Fast-tracked /app/data/T0015/313236/b3143s4/Android-OSS/core/datastore/src/main/kotlin/com/google/samples/apps/nowinandroid/core/datastore/UserPreferencesSerializer.kt (ext=.kt, size=1707)
2026-02-01 17:40:03,284 - Knowledge - INFO - process ingested knowledge for /app/data/T0015/313236/b3143s4/Android-OSS/core/database/src/main/kotlin/com/google/samples/apps/nowinandroid/core/database/model/NewsResourceFtsEntity.kt
2026-02-01 17:40:03,332 - Knowledge - INFO - Fast-tracked /app/data/T0015/313236/b3143s4/Android-OSS/core/data-test/src/main/kotlin/com/google/samples/apps/nowinandroid/core/data/test/repository/FakeSearchContentsRepository.kt (ext=.kt, size=1316)
2026-02-01 17:40:03,558 - Knowledge - INFO - done ingest for /app/data/T0015/313236/b3143s4/Android-OSS/core/database/src/androidTest/kotlin/com/google/samples/apps/nowinandroid/core/database/dao/TopicDaoTest.kt
2026-02-01 17:40:03,569 - Knowledge - INFO - [LLM_CALL] Completed: NewsResourceDao.kt:chunk1, Duration: 10190ms, PromptTokens: 2376, CompletionTokens: 576, Cost: $0.00047
2026-02-01 17:40:03,694 - Knowledge - INFO - Fast-tracked /app/data/T0015/313236/b3143s4/Android-OSS/core/database/src/main/kotlin/com/google/samples/apps/nowinandroid/core/database/DatabaseMigrations.kt (small file (2004 bytes))
2026-02-01 17:40:03,803 - Knowledge - INFO - Fast-tracked /app/data/T0015/313236/b3143s4/Android-OSS/core/database/schemas/com.google.samples.apps.nowinandroid.core.database.NiaDatabase/11.json (ext=.json, size=9703)
2026-02-01 17:40:03,972 - Knowledge - INFO - Worker kw6 processing /app/data/T0015/313236/b3143s4/Android-OSS/core/database/schemas/com.google.samples.apps.nowinandroid.core.database.NiaDatabase/10.json
2026-02-01 17:40:04,043 - Knowledge - INFO - Fast-tracked /app/data/T0015/313236/b3143s4/Android-OSS/core/database/schemas/com.google.samples.apps.nowinandroid.core.database.NiaDatabase/12.json (ext=.json, size=5873)
2026-02-01 17:40:04,155 - Knowledge - INFO - process ingested knowledge for /app/data/T0015/313236/b3143s4/Android-OSS/core/screenshot-testing/src/main/AndroidManifest.xml
2026-02-01 17:40:04,236 - Knowledge - INFO - process ingested knowledge for /app/data/T0015/313236/b3143s4/Android-OSS/core/ui/src/main/kotlin/com/google/samples/apps/nowinandroid/core/ui/JankStatsExtensions.kt
2026-02-01 17:40:04,283 - Knowledge - INFO - Fast-tracked /app/data/T0015/313236/b3143s4/Android-OSS/core/data-test/src/main/kotlin/com/google/samples/apps/nowinandroid/core/data/test/DefaultZoneIdTimeZoneMonitor.kt (ext=.kt, size=1055)
2026-02-01 17:40:04,410 - Knowledge - INFO - Fast-tracked /app/data/T0015/313236/b3143s4/Android-OSS/core/data-test/README.md (ext=.md, size=2417)
2026-02-01 17:40:04,522 - Knowledge - INFO - Fast-tracked /app/data/T0015/313236/b3143s4/Android-OSS/core/designsystem/src/test/kotlin/com/google/samples/apps/nowinandroid/core/designsystem/TagScreenshotTests.kt (ext=.kt, size=3051)
2026-02-01 17:40:04,588 - Knowledge - INFO - Worker kw7 processing /app/data/T0015/313236/b3143s4/Android-OSS/core/datastore/src/test/kotlin/com/google/samples/apps/nowinandroid/core/datastore/UserPreferencesSerializerTest.kt
2026-02-01 17:40:04,667 - Knowledge - INFO - Fast-tracked /app/data/T0015/313236/b3143s4/Android-OSS/core/datastore/src/main/AndroidManifest.xml (ext=.xml, size=684)
2026-02-01 17:40:04,755 - Knowledge - INFO - Worker kw20 processing /app/data/T0015/313236/b3143s4/Android-OSS/core/datastore/src/main/kotlin/com/google/samples/apps/nowinandroid/core/datastore/ChangeListVersions.kt
2026-02-01 17:40:04,839 - Knowledge - INFO - process ingested knowledge for /app/data/T0015/313236/b3143s4/Android-OSS/core/database/src/main/kotlin/com/google/samples/apps/nowinandroid/core/database/model/TopicFtsEntity.kt
2026-02-01 17:40:04,965 - Knowledge - INFO - Worker kw4 processing /app/data/T0015/313236/b3143s4/Android-OSS/core/data-test/src/main/kotlin/com/google/samples/apps/nowinandroid/core/data/test/repository/FakeTopicsRepository.kt
2026-02-01 17:40:05,135 - Knowledge - INFO - done ingest for /app/data/T0015/313236/b3143s4/Android-OSS/core/database/src/main/kotlin/com/google/samples/apps/nowinandroid/core/database/dao/NewsResourceDao.kt
2026-02-01 17:40:05,136 - Knowledge - INFO - [LLM_CALL] Completed: NewsResourceCard.kt:chunk1, Duration: 35063ms, PromptTokens: 5926, CompletionTokens: 1171, Cost: $0.00106
2026-02-01 17:40:05,137 - Knowledge - INFO - Async storing batch of 6 embeddings
2026-02-01 17:40:05,209 - Knowledge - INFO - Async storage completed for 6 embeddings
2026-02-01 17:40:05,283 - Knowledge - INFO - Worker kw11 processing /app/data/T0015/313236/b3143s4/Android-OSS/core/database/schemas/com.google.samples.apps.nowinandroid.core.database.NiaDatabase/2.json
2026-02-01 17:40:05,395 - Knowledge - INFO - Fast-tracked /app/data/T0015/313236/b3143s4/Android-OSS/core/database/schemas/com.google.samples.apps.nowinandroid.core.database.NiaDatabase/10.json (ext=.json, size=14049)
2026-02-01 17:40:05,486 - Knowledge - INFO - Worker kw19 processing /app/data/T0015/313236/b3143s4/Android-OSS/core/database/schemas/com.google.samples.apps.nowinandroid.core.database.NiaDatabase/7.json
2026-02-01 17:40:05,661 - Knowledge - INFO - process ingested knowledge for /app/data/T0015/313236/b3143s4/Android-OSS/core/ui/src/main/kotlin/com/google/samples/apps/nowinandroid/core/ui/NewsResourceCardList.kt
2026-02-01 17:40:05,727 - Knowledge - INFO - Worker kw5 processing /app/data/T0015/313236/b3143s4/Android-OSS/core/data-test/src/main/kotlin/com/google/samples/apps/nowinandroid/core/data/test/AlwaysOnlineNetworkMonitor.kt
2026-02-01 17:40:05,816 - Knowledge - INFO - Worker kw2 processing /app/data/T0015/313236/b3143s4/Android-OSS/core/designsystem/src/test/kotlin/com/google/samples/apps/nowinandroid/core/designsystem/ThemeTest.kt
2026-02-01 17:40:05,893 - Knowledge - INFO - Worker kw13 processing /app/data/T0015/313236/b3143s4/Android-OSS/core/designsystem/src/test/kotlin/com/google/samples/apps/nowinandroid/core/designsystem/BackgroundScreenshotTests.kt
2026-02-01 17:40:05,983 - Knowledge - INFO - Fast-tracked /app/data/T0015/313236/b3143s4/Android-OSS/core/datastore/src/test/kotlin/com/google/samples/apps/nowinandroid/core/datastore/UserPreferencesSerializerTest.kt (ext=.kt, size=2064)
2026-02-01 17:40:06,058 - Knowledge - INFO - Worker kw17 processing /app/data/T0015/313236/b3143s4/Android-OSS/core/datastore/consumer-proguard-rules.pro
2026-02-01 17:40:06,143 - Knowledge - INFO - Fast-tracked /app/data/T0015/313236/b3143s4/Android-OSS/core/datastore/src/main/kotlin/com/google/samples/apps/nowinandroid/core/datastore/ChangeListVersions.kt (ext=.kt, size=852)
2026-02-01 17:40:06,220 - Knowledge - INFO - process ingested knowledge for /app/data/T0015/313236/b3143s4/Android-OSS/core/database/src/main/kotlin/com/google/samples/apps/nowinandroid/core/database/model/TopicEntity.kt
2026-02-01 17:40:06,300 - Knowledge - INFO - Fast-tracked /app/data/T0015/313236/b3143s4/Android-OSS/core/data-test/src/main/kotlin/com/google/samples/apps/nowinandroid/core/data/test/repository/FakeTopicsRepository.kt (ext=.kt, size=2526)
2026-02-01 17:40:06,508 - Knowledge - INFO - done ingest for /app/data/T0015/313236/b3143s4/Android-OSS/core/ui/src/main/kotlin/com/google/samples/apps/nowinandroid/core/ui/NewsResourceCard.kt
2026-02-01 17:40:06,512 - Knowledge - INFO - [LLM_CALL] Completed: NiaDatabase.kt:chunk1, Duration: 11167ms, PromptTokens: 2252, CompletionTokens: 808, Cost: $0.00055
2026-02-01 17:40:06,618 - Knowledge - INFO - Worker kw12 processing /app/data/T0015/313236/b3143s4/Android-OSS/core/designsystem/src/test/kotlin/com/google/samples/apps/nowinandroid/core/designsystem/TopAppBarScreenshotTests.kt
2026-02-01 17:40:06,795 - Knowledge - INFO - Fast-tracked /app/data/T0015/313236/b3143s4/Android-OSS/core/database/schemas/com.google.samples.apps.nowinandroid.core.database.NiaDatabase/2.json (ext=.json, size=10895)
2026-02-01 17:40:06,878 - Knowledge - INFO - Worker kw6 processing /app/data/T0015/313236/b3143s4/Android-OSS/core/database/schemas/com.google.samples.apps.nowinandroid.core.database.NiaDatabase/14.json
2026-02-01 17:40:06,950 - Knowledge - INFO - Fast-tracked /app/data/T0015/313236/b3143s4/Android-OSS/core/database/schemas/com.google.samples.apps.nowinandroid.core.database.NiaDatabase/7.json (ext=.json, size=13562)
2026-02-01 17:40:07,157 - Knowledge - INFO - Fast-tracked /app/data/T0015/313236/b3143s4/Android-OSS/core/data-test/src/main/kotlin/com/google/samples/apps/nowinandroid/core/data/test/AlwaysOnlineNetworkMonitor.kt (ext=.kt, size=986)
2026-02-01 17:40:07,242 - Knowledge - INFO - Fast-tracked /app/data/T0015/313236/b3143s4/Android-OSS/core/designsystem/src/test/kotlin/com/google/samples/apps/nowinandroid/core/designsystem/ThemeTest.kt (ext=.kt, size=13932)
2026-02-01 17:40:07,329 - Knowledge - INFO - Fast-tracked /app/data/T0015/313236/b3143s4/Android-OSS/core/designsystem/src/test/kotlin/com/google/samples/apps/nowinandroid/core/designsystem/BackgroundScreenshotTests.kt (ext=.kt, size=2372)
2026-02-01 17:40:07,430 - Knowledge - INFO - Worker kw7 processing /app/data/T0015/313236/b3143s4/Android-OSS/core/datastore/src/test/kotlin/com/google/samples/apps/nowinandroid/core/datastore/ListToMapMigrationTest.kt
2026-02-01 17:40:07,509 - Knowledge - INFO - Fast-tracked /app/data/T0015/313236/b3143s4/Android-OSS/core/datastore/consumer-proguard-rules.pro (ext=.pro, size=116)
2026-02-01 17:40:07,605 - Knowledge - INFO - Worker kw20 processing /app/data/T0015/313236/b3143s4/Android-OSS/core/datastore/src/main/kotlin/com/google/samples/apps/nowinandroid/core/datastore/ListToMapMigration.kt
2026-02-01 17:40:07,700 - Knowledge - INFO - process ingested knowledge for /app/data/T0015/313236/b3143s4/Android-OSS/core/database/src/main/kotlin/com/google/samples/apps/nowinandroid/core/database/model/RecentSearchQueryEntity.kt
2026-02-01 17:40:07,814 - Knowledge - INFO - Worker kw4 processing /app/data/T0015/313236/b3143s4/Android-OSS/core/data-test/src/main/kotlin/com/google/samples/apps/nowinandroid/core/data/test/repository/FakeNewsRepository.kt
2026-02-01 17:40:07,996 - Knowledge - INFO - done ingest for /app/data/T0015/313236/b3143s4/Android-OSS/core/database/src/main/kotlin/com/google/samples/apps/nowinandroid/core/database/NiaDatabase.kt
2026-02-01 17:40:07,996 - Knowledge - INFO - Processing batch of 5 files
2026-02-01 17:40:07,996 - Knowledge - INFO - Processing batch of 5 files
2026-02-01 17:40:07,997 - Knowledge - INFO - [kw14] Queue=99, InProgress=0, PendingWorkers=20/20, Completed=320/484 (66.1%)
2026-02-01 17:40:07,997 - Knowledge - INFO - [kw9] Queue=99, InProgress=0, PendingWorkers=20/20, Completed=320/484 (66.1%)
2026-02-01 17:40:07,999 - Knowledge - INFO - Processing batch of 6 files
2026-02-01 17:40:07,999 - Knowledge - INFO - [LLM_CALL] Completed: NewsResourceDaoTest.kt:chunk1, Duration: 17158ms, PromptTokens: 4224, CompletionTokens: 537, Cost: $0.00064
2026-02-01 17:40:08,078 - Knowledge - INFO - Fast-tracked /app/data/T0015/313236/b3143s4/Android-OSS/core/designsystem/src/test/kotlin/com/google/samples/apps/nowinandroid/core/designsystem/TopAppBarScreenshotTests.kt (ext=.kt, size=3449)
2026-02-01 17:40:08,164 - Knowledge - INFO - Async storage completed for 6 embeddings
2026-02-01 17:40:08,275 - Knowledge - INFO - Fast-tracked /app/data/T0015/313236/b3143s4/Android-OSS/core/database/schemas/com.google.samples.apps.nowinandroid.core.database.NiaDatabase/14.json (ext=.json, size=9299)
2026-02-01 17:40:08,392 - Knowledge - INFO - Worker kw19 processing /app/data/T0015/313236/b3143s4/Android-OSS/core/database/build.gradle.kts
2026-02-01 17:40:08,462 - Knowledge - INFO - Worker kw5 processing /app/data/T0015/313236/b3143s4/Android-OSS/core/data-test/src/main/kotlin/com/google/samples/apps/nowinandroid/core/data/test/TestDataModule.kt
2026-02-01 17:40:08,550 - Knowledge - INFO - Worker kw2 processing /app/data/T0015/313236/b3143s4/Android-OSS/core/designsystem/src/test/kotlin/com/google/samples/apps/nowinandroid/core/designsystem/FilterChipScreenshotTests.kt
2026-02-01 17:40:08,634 - Knowledge - INFO - Worker kw13 processing /app/data/T0015/313236/b3143s4/Android-OSS/core/designsystem/src/test/kotlin/com/google/samples/apps/nowinandroid/core/designsystem/NavigationScreenshotTests.kt
2026-02-01 17:40:08,728 - Knowledge - INFO - Fast-tracked /app/data/T0015/313236/b3143s4/Android-OSS/core/datastore/src/test/kotlin/com/google/samples/apps/nowinandroid/core/datastore/ListToMapMigrationTest.kt (ext=.kt, size=3828)
2026-02-01 17:40:08,815 - Knowledge - INFO - Worker kw17 processing /app/data/T0015/313236/b3143s4/Android-OSS/core/datastore/build.gradle.kts
2026-02-01 17:40:08,895 - Knowledge - INFO - Worker kw20 processing /app/data/T0015/313236/b3143s4/Android-OSS/core/datastore/src/main/kotlin/com/google/samples/apps/nowinandroid/core/datastore/IntToStringIdsMigration.kt
2026-02-01 17:40:09,038 - Knowledge - INFO - Fast-tracked /app/data/T0015/313236/b3143s4/Android-OSS/core/data-test/src/main/kotlin/com/google/samples/apps/nowinandroid/core/data/test/repository/FakeNewsRepository.kt (ext=.kt, size=3121)
2026-02-01 17:40:09,229 - Knowledge - INFO - process ingested knowledge for /app/data/T0015/313236/b3143s4/Android-OSS/core/common/src/main/kotlin/com/google/samples/apps/nowinandroid/core/common/network/NiaDispatchers.kt
2026-02-01 17:40:09,312 - Knowledge - INFO - process ingested knowledge for /app/data/T0015/313236/b3143s4/Android-OSS/core/database/src/main/kotlin/com/google/samples/apps/nowinandroid/core/database/model/NewsResourceEntity.kt
2026-02-01 17:40:09,391 - Knowledge - INFO - Batch sizing: calculated=4, max_allowed=10, queue=99, active_workers=20/20
2026-02-01 17:40:09,478 - Knowledge - INFO - Batch sizing: calculated=4, max_allowed=10, queue=99, active_workers=20/20
2026-02-01 17:40:09,559 - Knowledge - INFO - process ingested knowledge for /app/data/T0015/313236/b3143s4/Android-OSS/core/ui/src/main/kotlin/com/google/samples/apps/nowinandroid/core/ui/NewsResourceCard.kt
2026-02-01 17:40:09,652 - Knowledge - INFO - done ingest for /app/data/T0015/313236/b3143s4/Android-OSS/core/database/src/androidTest/kotlin/com/google/samples/apps/nowinandroid/core/database/dao/NewsResourceDaoTest.kt
2026-02-01 17:40:09,653 - Knowledge - INFO - [WEBSOCKET] Sent: Type=progress_update, Size: 293, Duration: 1656ms
2026-02-01 17:40:09,729 - Knowledge - INFO - Worker kw12 processing /app/data/T0015/313236/b3143s4/Android-OSS/core/designsystem/src/main/res/drawable/core_designsystem_ic_placeholder_default.xml
2026-02-01 17:40:09,886 - Knowledge - INFO - Async storage completed for 6 embeddings
2026-02-01 17:40:09,960 - Knowledge - INFO - Fast-tracked /app/data/T0015/313236/b3143s4/Android-OSS/core/database/build.gradle.kts (ext=.kts, size=1179)
2026-02-01 17:40:10,070 - Knowledge - INFO - Fast-tracked /app/data/T0015/313236/b3143s4/Android-OSS/core/data-test/src/main/kotlin/com/google/samples/apps/nowinandroid/core/data/test/TestDataModule.kt (ext=.kt, size=2905)
2026-02-01 17:40:10,187 - Knowledge - INFO - Fast-tracked /app/data/T0015/313236/b3143s4/Android-OSS/core/designsystem/src/test/kotlin/com/google/samples/apps/nowinandroid/core/designsystem/FilterChipScreenshotTests.kt (ext=.kt, size=3928)
2026-02-01 17:40:10,302 - Knowledge - INFO - Fast-tracked /app/data/T0015/313236/b3143s4/Android-OSS/core/designsystem/src/test/kotlin/com/google/samples/apps/nowinandroid/core/designsystem/NavigationScreenshotTests.kt (ext=.kt, size=4115)
2026-02-01 17:40:10,403 - Knowledge - INFO - Worker kw7 processing /app/data/T0015/313236/b3143s4/Android-OSS/core/datastore/src/test/kotlin/com/google/samples/apps/nowinandroid/core/datastore/IntToStringIdsMigrationTest.kt
2026-02-01 17:40:10,482 - Knowledge - INFO - Fast-tracked /app/data/T0015/313236/b3143s4/Android-OSS/core/datastore/build.gradle.kts (ext=.kts, size=1220)
2026-02-01 17:40:10,552 - Knowledge - INFO - Fast-tracked /app/data/T0015/313236/b3143s4/Android-OSS/core/datastore/src/main/kotlin/com/google/samples/apps/nowinandroid/core/datastore/IntToStringIdsMigration.kt (ext=.kt, size=1799)
2026-02-01 17:40:10,646 - Knowledge - INFO - Worker kw4 processing /app/data/T0015/313236/b3143s4/Android-OSS/core/data-test/src/main/kotlin/com/google/samples/apps/nowinandroid/core/data/test/repository/FakeUserDataRepository.kt
2026-02-01 17:40:10,752 - Knowledge - INFO - process ingested knowledge for /app/data/T0015/313236/b3143s4/Android-OSS/core/common/src/main/kotlin/com/google/samples/apps/nowinandroid/core/common/result/Result.kt
2026-02-01 17:40:10,838 - Knowledge - INFO - process ingested knowledge for /app/data/T0015/313236/b3143s4/Android-OSS/core/database/src/main/kotlin/com/google/samples/apps/nowinandroid/core/database/di/DatabaseModule.kt
2026-02-01 17:40:11,092 - Knowledge - INFO - process ingested knowledge for /app/data/T0015/313236/b3143s4/Android-OSS/core/ui/src/main/kotlin/com/google/samples/apps/nowinandroid/core/ui/DevicePreviews.kt
2026-02-01 17:40:11,273 - Knowledge - INFO - [WEBSOCKET] Sent: Type=unknown, Size: ?, Duration: 3277ms
2026-02-01 17:40:11,385 - Knowledge - INFO - Fast-tracked /app/data/T0015/313236/b3143s4/Android-OSS/core/designsystem/src/main/res/drawable/core_designsystem_ic_placeholder_default.xml (ext=.xml, size=3515)
2026-02-01 17:40:11,567 - Knowledge - INFO - Async storage completed for 6 embeddings
2026-02-01 17:40:11,688 - Knowledge - INFO - Worker kw5 processing /app/data/T0015/313236/b3143s4/Android-OSS/core/data-test/src/main/AndroidManifest.xml
2026-02-01 17:40:11,765 - Knowledge - INFO - Worker kw2 processing /app/data/T0015/313236/b3143s4/Android-OSS/core/designsystem/src/test/kotlin/com/google/samples/apps/nowinandroid/core/designsystem/TabsScreenshotTests.kt
2026-02-01 17:40:11,861 - Knowledge - INFO - Worker kw13 processing /app/data/T0015/313236/b3143s4/Android-OSS/core/designsystem/src/test/kotlin/com/google/samples/apps/nowinandroid/core/designsystem/LoadingWheelScreenshotTests.kt
2026-02-01 17:40:11,960 - Knowledge - INFO - Fast-tracked /app/data/T0015/313236/b3143s4/Android-OSS/core/datastore/src/test/kotlin/com/google/samples/apps/nowinandroid/core/datastore/IntToStringIdsMigrationTest.kt (ext=.kt, size=3099)
2026-02-01 17:40:12,054 - Knowledge - INFO - Worker kw17 processing /app/data/T0015/313236/b3143s4/Android-OSS/core/datastore/README.md
2026-02-01 17:40:12,131 - Knowledge - INFO - Worker kw20 processing /app/data/T0015/313236/b3143s4/Android-OSS/core/datastore/src/main/kotlin/com/google/samples/apps/nowinandroid/core/datastore/NiaPreferencesDataSource.kt
2026-02-01 17:40:12,245 - Knowledge - INFO - Fast-tracked /app/data/T0015/313236/b3143s4/Android-OSS/core/data-test/src/main/kotlin/com/google/samples/apps/nowinandroid/core/data/test/repository/FakeUserDataRepository.kt (ext=.kt, size=2875)
2026-02-01 17:40:12,336 - Knowledge - INFO - process ingested knowledge for /app/data/T0015/313236/b3143s4/Android-OSS/core/common/build.gradle.kts
2026-02-01 17:40:12,405 - Knowledge - INFO - process ingested knowledge for /app/data/T0015/313236/b3143s4/Android-OSS/core/database/src/main/kotlin/com/google/samples/apps/nowinandroid/core/database/di/DaosModule.kt
2026-02-01 17:40:12,529 - Knowledge - INFO - process ingested knowledge for /app/data/T0015/313236/b3143s4/Android-OSS/core/ui/src/main/kotlin/com/google/samples/apps/nowinandroid/core/ui/NewsFeed.kt
2026-02-01 17:40:12,614 - Knowledge - INFO - Progress: 66.1% | Files: 340/484 | Rate: 2.00 files/sec | Queue: 91
2026-02-01 17:40:12,615 - Knowledge - INFO - Processing batch of 5 files
2026-02-01 17:40:12,616 - Knowledge - INFO - Async storing batch of 6 embeddings
2026-02-01 17:40:12,616 - Knowledge - INFO - Processing batch of 5 files
2026-02-01 17:40:12,618 - Knowledge - INFO - Processing batch of 5 files
2026-02-01 17:40:12,618 - Knowledge - INFO - Async storing batch of 6 embeddings
2026-02-01 17:40:12,618 - Knowledge - INFO - Processing batch of 5 files
2026-02-01 17:40:12,618 - Knowledge - INFO - [WEBSOCKET] Sent: Type=progress_update, Size: 292, Duration: 3ms
2026-02-01 17:40:12,691 - Knowledge - INFO - Worker kw12 processing /app/data/T0015/313236/b3143s4/Android-OSS/core/designsystem/src/main/kotlin/com/google/samples/apps/nowinandroid/core/designsystem/icon/NiaIcons.kt
2026-02-01 17:40:12,868 - Knowledge - INFO - Fast-tracked /app/data/T0015/313236/b3143s4/Android-OSS/core/data-test/src/main/AndroidManifest.xml (ext=.xml, size=684)
2026-02-01 17:40:12,951 - Knowledge - INFO - Fast-tracked /app/data/T0015/313236/b3143s4/Android-OSS/core/designsystem/src/test/kotlin/com/google/samples/apps/nowinandroid/core/designsystem/TabsScreenshotTests.kt (ext=.kt, size=3531)
2026-02-01 17:40:13,032 - Knowledge - INFO - Fast-tracked /app/data/T0015/313236/b3143s4/Android-OSS/core/designsystem/src/test/kotlin/com/google/samples/apps/nowinandroid/core/designsystem/LoadingWheelScreenshotTests.kt (ext=.kt, size=3165)
2026-02-01 17:40:13,114 - Knowledge - INFO - Worker kw7 processing /app/data/T0015/313236/b3143s4/Android-OSS/core/datastore/src/test/kotlin/com/google/samples/apps/nowinandroid/core/datastore/NiaPreferencesDataSourceTest.kt
2026-02-01 17:40:13,242 - Knowledge - INFO - Fast-tracked /app/data/T0015/313236/b3143s4/Android-OSS/core/datastore/README.md (ext=.md, size=1724)
2026-02-01 17:40:13,335 - Knowledge - INFO - Fast-tracked /app/data/T0015/313236/b3143s4/Android-OSS/core/datastore/src/main/kotlin/com/google/samples/apps/nowinandroid/core/datastore/ListToMapMigration.kt (small file (2036 bytes))
2026-02-01 17:40:13,429 - Knowledge - INFO - Worker kw4 processing /app/data/T0015/313236/b3143s4/Android-OSS/core/data-test/src/main/kotlin/com/google/samples/apps/nowinandroid/core/data/test/repository/FakeRecentSearchRepository.kt
2026-02-01 17:40:13,516 - Knowledge - INFO - process ingested knowledge for /app/data/T0015/313236/b3143s4/Android-OSS/core/common/README.md
2026-02-01 17:40:13,601 - Knowledge - INFO - process ingested knowledge for /app/data/T0015/313236/b3143s4/Android-OSS/core/database/src/main/kotlin/com/google/samples/apps/nowinandroid/core/database/DatabaseMigrations.kt
2026-02-01 17:40:13,738 - Knowledge - INFO - process ingested knowledge for /app/data/T0015/313236/b3143s4/Android-OSS/core/ui/src/main/kotlin/com/google/samples/apps/nowinandroid/core/ui/FollowableTopicPreviewParameterProvider.kt
2026-02-01 17:40:13,824 - Knowledge - INFO - [kw16] Queue=91, InProgress=0, PendingWorkers=20/20, Completed=345/484 (71.3%)
2026-02-01 17:40:13,929 - Knowledge - INFO - process ingested knowledge for /app/data/T0015/313236/b3143s4/Android-OSS/core/database/src/main/kotlin/com/google/samples/apps/nowinandroid/core/database/dao/TopicFtsDao.kt
2026-02-01 17:40:14,041 - Knowledge - INFO - Worker kw9 processing /app/data/T0015/313236/b3143s4/Android-OSS/core/designsystem/src/main/kotlin/com/google/samples/apps/nowinandroid/core/designsystem/component/LoadingWheel.kt
2026-02-01 17:40:14,128 - Knowledge - INFO - process ingested knowledge for /app/data/T0015/313236/b3143s4/Android-OSS/core/database/schemas/com.google.samples.apps.nowinandroid.core.database.NiaDatabase/6.json
2026-02-01 17:40:14,210 - Knowledge - INFO - process ingested knowledge for /app/data/T0015/313236/b3143s4/Android-OSS/core/database/schemas/com.google.samples.apps.nowinandroid.core.database.NiaDatabase/8.json
2026-02-01 17:40:14,301 - Knowledge - INFO - Worker kw14 processing /app/data/T0015/313236/b3143s4/Android-OSS/core/designsystem/src/main/kotlin/com/google/samples/apps/nowinandroid/core/designsystem/theme/Tint.kt
2026-02-01 17:40:14,385 - Knowledge - INFO - process ingested knowledge for /app/data/T0015/313236/b3143s4/Android-OSS/core/database/src/androidTest/kotlin/com/google/samples/apps/nowinandroid/core/database/dao/DatabaseTest.kt
2026-02-01 17:40:14,522 - Knowledge - INFO - Processing batch of 5 files
2026-02-01 17:40:14,522 - Knowledge - INFO - [WEBSOCKET] Sent: Type=unknown, Size: ?, Duration: 1907ms
2026-02-01 17:40:14,618 - Knowledge - INFO - Worker kw12 processing /app/data/T0015/313236/b3143s4/Android-OSS/core/designsystem/src/main/kotlin/com/google/samples/apps/nowinandroid/core/designsystem/theme/Theme.kt
2026-02-01 17:40:14,697 - Knowledge - INFO - Worker kw5 processing /app/data/T0015/313236/b3143s4/Android-OSS/core/data-test/build.gradle.kts
2026-02-01 17:40:14,810 - Knowledge - INFO - Worker kw2 processing /app/data/T0015/313236/b3143s4/Android-OSS/core/designsystem/src/test/kotlin/com/google/samples/apps/nowinandroid/core/designsystem/ButtonScreenshotTests.kt
2026-02-01 17:40:14,924 - Knowledge - INFO - Worker kw13 processing /app/data/T0015/313236/b3143s4/Android-OSS/core/designsystem/src/test/kotlin/com/google/samples/apps/nowinandroid/core/designsystem/IconButtonScreenshotTests.kt
2026-02-01 17:40:15,007 - Knowledge - INFO - Fast-tracked /app/data/T0015/313236/b3143s4/Android-OSS/core/datastore/src/test/kotlin/com/google/samples/apps/nowinandroid/core/datastore/NiaPreferencesDataSourceTest.kt (ext=.kt, size=3120)
2026-02-01 17:40:15,082 - Knowledge - INFO - Fast-tracked /app/data/T0015/313236/b3143s4/Android-OSS/core/datastore/src/main/kotlin/com/google/samples/apps/nowinandroid/core/datastore/di/DataStoreModule.kt (small file (2356 bytes))
2026-02-01 17:40:15,232 - Knowledge - INFO - Fast-tracked /app/data/T0015/313236/b3143s4/Android-OSS/core/data-test/src/main/kotlin/com/google/samples/apps/nowinandroid/core/data/test/repository/FakeRecentSearchRepository.kt (ext=.kt, size=1363)
2026-02-01 17:40:15,309 - Knowledge - INFO - process ingested knowledge for /app/data/T0015/313236/b3143s4/Android-OSS/core/database/src/androidTest/kotlin/com/google/samples/apps/nowinandroid/core/database/dao/TopicDaoTest.kt
2026-02-01 17:40:15,405 - Knowledge - INFO - process ingested knowledge for /app/data/T0015/313236/b3143s4/Android-OSS/core/database/src/main/AndroidManifest.xml
2026-02-01 17:40:15,514 - Knowledge - INFO - process ingested knowledge for /app/data/T0015/313236/b3143s4/Android-OSS/core/ui/src/main/kotlin/com/google/samples/apps/nowinandroid/core/ui/AnalyticsExtensions.kt
2026-02-01 17:40:15,610 - Knowledge - INFO - Batch sizing: calculated=4, max_allowed=10, queue=91, active_workers=20/20
2026-02-01 17:40:15,696 - Knowledge - INFO - process ingested knowledge for /app/data/T0015/313236/b3143s4/Android-OSS/core/database/src/main/kotlin/com/google/samples/apps/nowinandroid/core/database/dao/NewsResourceFtsDao.kt
2026-02-01 17:40:15,814 - Knowledge - INFO - Worker kw9 processing /app/data/T0015/313236/b3143s4/Android-OSS/core/designsystem/src/main/kotlin/com/google/samples/apps/nowinandroid/core/designsystem/component/scrollbar/ScrollbarExt.kt
2026-02-01 17:40:15,900 - Knowledge - INFO - process ingested knowledge for /app/data/T0015/313236/b3143s4/Android-OSS/core/database/schemas/com.google.samples.apps.nowinandroid.core.database.NiaDatabase/9.json
2026-02-01 17:40:16,013 - Knowledge - INFO - process ingested knowledge for /app/data/T0015/313236/b3143s4/Android-OSS/core/database/schemas/com.google.samples.apps.nowinandroid.core.database.NiaDatabase/4.json
2026-02-01 17:40:16,101 - Knowledge - INFO - Fast-tracked /app/data/T0015/313236/b3143s4/Android-OSS/core/designsystem/src/main/kotlin/com/google/samples/apps/nowinandroid/core/designsystem/theme/Tint.kt (ext=.kt, size=1112)
2026-02-01 17:40:16,201 - Knowledge - INFO - process ingested knowledge for /app/data/T0015/313236/b3143s4/Android-OSS/core/database/src/androidTest/kotlin/com/google/samples/apps/nowinandroid/core/database/dao/NewsResourceDaoTest.kt
2026-02-01 17:40:16,277 - Knowledge - INFO - process ingested knowledge for /app/data/T0015/313236/b3143s4/Android-OSS/core/database/schemas/com.google.samples.apps.nowinandroid.core.database.NiaDatabase/5.json
2026-02-01 17:40:16,360 - Knowledge - INFO - Progress: 70.2% | Files: 345/484 | Rate: 1.98 files/sec | Queue: 91
2026-02-01 17:40:16,454 - Knowledge - INFO - Worker kw12 processing /app/data/T0015/313236/b3143s4/Android-OSS/core/designsystem/src/main/kotlin/com/google/samples/apps/nowinandroid/core/designsystem/theme/Color.kt
2026-02-01 17:40:16,549 - Knowledge - INFO - Fast-tracked /app/data/T0015/313236/b3143s4/Android-OSS/core/data-test/build.gradle.kts (ext=.kts, size=899)
2026-02-01 17:40:16,634 - Knowledge - INFO - Fast-tracked /app/data/T0015/313236/b3143s4/Android-OSS/core/designsystem/src/test/kotlin/com/google/samples/apps/nowinandroid/core/designsystem/ButtonScreenshotTests.kt (ext=.kt, size=2943)
2026-02-01 17:40:16,710 - Knowledge - INFO - Fast-tracked /app/data/T0015/313236/b3143s4/Android-OSS/core/designsystem/src/test/kotlin/com/google/samples/apps/nowinandroid/core/designsystem/IconButtonScreenshotTests.kt (ext=.kt, size=2729)
2026-02-01 17:40:16,819 - Knowledge - INFO - Async storage completed for 6 embeddings
2026-02-01 17:40:16,917 - Knowledge - INFO - Async storage completed for 6 embeddings
2026-02-01 17:40:16,999 - Knowledge - INFO - Async storage completed for 5 embeddings
2026-02-01 17:40:17,121 - Knowledge - INFO - Async storage completed for 6 embeddings
2026-02-01 17:40:17,377 - Knowledge - INFO - process ingested knowledge for /app/data/T0015/313236/b3143s4/Android-OSS/core/ui/src/main/kotlin/com/google/samples/apps/nowinandroid/core/ui/InterestsItem.kt
2026-02-01 17:40:17,444 - Knowledge - INFO - Async storing batch of 6 embeddings
2026-02-01 17:40:17,515 - Knowledge - INFO - Worker kw9 processing /app/data/T0015/313236/b3143s4/Android-OSS/core/designsystem/src/main/kotlin/com/google/samples/apps/nowinandroid/core/designsystem/component/scrollbar/ThumbExt.kt
2026-02-01 17:40:17,515 - Knowledge - INFO - process ingested knowledge for /app/data/T0015/313236/b3143s4/Android-OSS/core/database/src/main/kotlin/com/google/samples/apps/nowinandroid/core/database/NiaDatabase.kt
2026-02-01 17:40:17,636 - Knowledge - INFO - process ingested knowledge for /app/data/T0015/313236/b3143s4/Android-OSS/core/database/schemas/com.google.samples.apps.nowinandroid.core.database.NiaDatabase/1.json
2026-02-01 17:40:17,705 - Knowledge - INFO - process ingested knowledge for /app/data/T0015/313236/b3143s4/Android-OSS/core/database/schemas/com.google.samples.apps.nowinandroid.core.database.NiaDatabase/13.json
2026-02-01 17:40:17,749 - Knowledge - INFO - Worker kw14 processing /app/data/T0015/313236/b3143s4/Android-OSS/core/designsystem/src/main/kotlin/com/google/samples/apps/nowinandroid/core/designsystem/theme/Background.kt
2026-02-01 17:40:17,757 - Knowledge - INFO - [kw3] Queue=87, InProgress=0, PendingWorkers=20/20, Completed=345/484 (71.3%)
2026-02-01 17:40:17,791 - Knowledge - INFO - [kw18] Queue=87, InProgress=0, PendingWorkers=20/20, Completed=345/484 (71.3%)
2026-02-01 17:40:17,857 - Knowledge - INFO - process ingested knowledge for /app/data/T0015/313236/b3143s4/Android-OSS/core/database/src/main/kotlin/com/google/samples/apps/nowinandroid/core/database/dao/TopicDao.kt
2026-02-01 17:40:17,931 - Knowledge - INFO - process ingested knowledge for /app/data/T0015/313236/b3143s4/Android-OSS/core/database/schemas/com.google.samples.apps.nowinandroid.core.database.NiaDatabase/3.json
2026-02-01 17:40:18,035 - Knowledge - INFO - [kw10] Queue=87, InProgress=0, PendingWorkers=20/20, Completed=345/484 (71.3%)
2026-02-01 17:40:18,115 - Knowledge - INFO - Fast-tracked /app/data/T0015/313236/b3143s4/Android-OSS/core/designsystem/src/main/kotlin/com/google/samples/apps/nowinandroid/core/designsystem/icon/NiaIcons.kt (small file (2627 bytes))
2026-02-01 17:40:18,185 - Knowledge - INFO - Async storage completed for 6 embeddings
2026-02-01 17:40:18,266 - Knowledge - INFO - Async storage completed for 6 embeddings
2026-02-01 17:40:18,356 - Knowledge - INFO - Async storage completed for 6 embeddings
2026-02-01 17:40:18,435 - Knowledge - INFO - Processing batch of 5 files
2026-02-01 17:40:18,530 - Knowledge - INFO - Processing batch of 5 files
2026-02-01 17:40:18,661 - Knowledge - INFO - Processing batch of 5 files
2026-02-01 17:40:18,933 - Knowledge - INFO - Worker kw16 processing /app/data/T0015/313236/b3143s4/Android-OSS/core/designsystem/src/main/kotlin/com/google/samples/apps/nowinandroid/core/designsystem/component/scrollbar/AppScrollbars.kt
2026-02-01 17:40:19,044 - Knowledge - INFO - Worker kw9 processing /app/data/T0015/313236/b3143s4/Android-OSS/core/designsystem/src/main/kotlin/com/google/samples/apps/nowinandroid/core/designsystem/component/scrollbar/Scrollbar.kt
2026-02-01 17:40:19,118 - Knowledge - INFO - process ingested knowledge for /app/data/T0015/313236/b3143s4/Android-OSS/core/database/src/main/kotlin/com/google/samples/apps/nowinandroid/core/database/util/InstantConverter.kt
2026-02-01 17:40:19,205 - Knowledge - INFO - process ingested knowledge for /app/data/T0015/313236/b3143s4/Android-OSS/core/database/schemas/com.google.samples.apps.nowinandroid.core.database.NiaDatabase/10.json
2026-02-01 17:40:19,318 - Knowledge - INFO - process ingested knowledge for /app/data/T0015/313236/b3143s4/Android-OSS/core/database/schemas/com.google.samples.apps.nowinandroid.core.database.NiaDatabase/11.json
2026-02-01 17:40:19,393 - Knowledge - INFO - Fast-tracked /app/data/T0015/313236/b3143s4/Android-OSS/core/designsystem/src/main/kotlin/com/google/samples/apps/nowinandroid/core/designsystem/theme/Background.kt (ext=.kt, size=1213)
2026-02-01 17:40:19,437 - Knowledge - INFO - [WEBSOCKET] Sent: Type=progress_update, Size: 293, Duration: 0ms
2026-02-01 17:40:19,471 - Knowledge - INFO - Batch sizing: calculated=4, max_allowed=10, queue=87, active_workers=20/20
2026-02-01 17:40:19,558 - Knowledge - INFO - Batch sizing: calculated=4, max_allowed=10, queue=87, active_workers=20/20
2026-02-01 17:40:19,641 - Knowledge - INFO - process ingested knowledge for /app/data/T0015/313236/b3143s4/Android-OSS/core/database/src/main/kotlin/com/google/samples/apps/nowinandroid/core/database/dao/NewsResourceDao.kt
2026-02-01 17:40:19,719 - Knowledge - INFO - process ingested knowledge for /app/data/T0015/313236/b3143s4/Android-OSS/core/database/schemas/com.google.samples.apps.nowinandroid.core.database.NiaDatabase/12.json
2026-02-01 17:40:19,850 - Knowledge - INFO - Batch sizing: calculated=4, max_allowed=10, queue=87, active_workers=20/20
2026-02-01 17:40:20,312 - Knowledge - INFO - process ingested knowledge for /app/data/T0015/313236/b3143s4/Android-OSS/core/database/README.md
2026-02-01 17:40:20,401 - Knowledge - INFO - process ingested knowledge for /app/data/T0015/313236/b3143s4/Android-OSS/core/datastore/src/main/kotlin/com/google/samples/apps/nowinandroid/core/datastore/di/DataStoreModule.kt
2026-02-01 17:40:20,483 - Knowledge - INFO - process ingested knowledge for /app/data/T0015/313236/b3143s4/Android-OSS/core/data-test/src/main/kotlin/com/google/samples/apps/nowinandroid/core/data/test/repository/FakeSearchContentsRepository.kt
2026-02-01 17:40:20,617 - Knowledge - INFO - Worker kw16 processing /app/data/T0015/313236/b3143s4/Android-OSS/core/designsystem/src/main/kotlin/com/google/samples/apps/nowinandroid/core/designsystem/component/scrollbar/LazyScrollbarUtilities.kt
2026-02-01 17:40:20,815 - Knowledge - INFO - process ingested knowledge for /app/data/T0015/313236/b3143s4/Android-OSS/core/database/src/main/kotlin/com/google/samples/apps/nowinandroid/core/database/model/PopulatedNewsResource.kt
2026-02-01 17:40:20,900 - Knowledge - INFO - process ingested knowledge for /app/data/T0015/313236/b3143s4/Android-OSS/core/database/schemas/com.google.samples.apps.nowinandroid.core.database.NiaDatabase/14.json
2026-02-01 17:40:21,048 - Knowledge - INFO - process ingested knowledge for /app/data/T0015/313236/b3143s4/Android-OSS/core/database/schemas/com.google.samples.apps.nowinandroid.core.database.NiaDatabase/2.json
2026-02-01 17:40:21,126 - Knowledge - INFO - Worker kw14 processing /app/data/T0015/313236/b3143s4/Android-OSS/core/designsystem/src/main/kotlin/com/google/samples/apps/nowinandroid/core/designsystem/theme/Gradient.kt
2026-02-01 17:40:21,209 - Knowledge - INFO - Processing batch of 5 files
2026-02-01 17:40:21,209 - Knowledge - INFO - Processing batch of 5 files
2026-02-01 17:40:21,210 - Knowledge - INFO - Processing batch of 5 files
2026-02-01 17:40:21,210 - Knowledge - INFO - [WEBSOCKET] Sent: Type=unknown, Size: ?, Duration: 1773ms
2026-02-01 17:40:21,519 - Knowledge - INFO - process ingested knowledge for /app/data/T0015/313236/b3143s4/Android-OSS/core/database/src/main/kotlin/com/google/samples/apps/nowinandroid/core/database/dao/RecentSearchQueryDao.kt
2026-02-01 17:40:21,640 - Knowledge - INFO - process ingested knowledge for /app/data/T0015/313236/b3143s4/Android-OSS/core/database/schemas/com.google.samples.apps.nowinandroid.core.database.NiaDatabase/7.json
2026-02-01 17:40:21,821 - Knowledge - INFO - process ingested knowledge for /app/data/T0015/313236/b3143s4/Android-OSS/core/datastore/src/test/kotlin/com/google/samples/apps/nowinandroid/core/datastore/UserPreferencesSerializerTest.kt
2026-02-01 17:40:21,929 - Knowledge - INFO - process ingested knowledge for /app/data/T0015/313236/b3143s4/Android-OSS/core/datastore/src/main/AndroidManifest.xml
2026-02-01 17:40:22,012 - Knowledge - INFO - process ingested knowledge for /app/data/T0015/313236/b3143s4/Android-OSS/core/data-test/src/main/kotlin/com/google/samples/apps/nowinandroid/core/data/test/repository/FakeTopicsRepository.kt
2026-02-01 17:40:22,110 - Knowledge - INFO - Worker kw16 processing /app/data/T0015/313236/b3143s4/Android-OSS/core/designsystem/src/main/kotlin/com/google/samples/apps/nowinandroid/core/designsystem/component/IconButton.kt
2026-02-01 17:40:22,468 - Knowledge - INFO - Fast-tracked /app/data/T0015/313236/b3143s4/Android-OSS/core/designsystem/src/main/kotlin/com/google/samples/apps/nowinandroid/core/designsystem/theme/Gradient.kt (ext=.kt, size=1400)
2026-02-01 17:40:22,591 - Knowledge - INFO - process ingested knowledge for /app/data/T0015/313236/b3143s4/Android-OSS/core/data-test/src/main/kotlin/com/google/samples/apps/nowinandroid/core/data/test/DefaultZoneIdTimeZoneMonitor.kt
2026-02-01 17:40:22,676 - Knowledge - INFO - process ingested knowledge for /app/data/T0015/313236/b3143s4/Android-OSS/core/data-test/README.md
2026-02-01 17:40:22,766 - Knowledge - INFO - process ingested knowledge for /app/data/T0015/313236/b3143s4/Android-OSS/core/designsystem/src/test/kotlin/com/google/samples/apps/nowinandroid/core/designsystem/TagScreenshotTests.kt
2026-02-01 17:40:22,872 - Knowledge - INFO - Progress: 74.4% | Files: 375/484 | Rate: 2.07 files/sec | Queue: 75
2026-02-01 17:40:22,877 - Knowledge - INFO - Async storing batch of 5 embeddings
2026-02-01 17:40:22,877 - Knowledge - INFO - Async storing batch of 5 embeddings
2026-02-01 17:40:22,877 - Knowledge - INFO - Async storing batch of 5 embeddings
2026-02-01 17:40:23,333 - Knowledge - INFO - process ingested knowledge for /app/data/T0015/313236/b3143s4/Android-OSS/core/datastore/src/test/kotlin/com/google/samples/apps/nowinandroid/core/datastore/ListToMapMigrationTest.kt
2026-02-01 17:40:23,333 - Knowledge - INFO - process ingested knowledge for /app/data/T0015/313236/b3143s4/Android-OSS/core/database/build.gradle.kts
2026-02-01 17:40:23,420 - Knowledge - INFO - [WEBSOCKET] Sent: Type=progress_update, Size: 290, Duration: 0ms
2026-02-01 17:40:23,447 - Knowledge - INFO - Worker kw16 processing /app/data/T0015/313236/b3143s4/Android-OSS/core/designsystem/src/main/kotlin/com/google/samples/apps/nowinandroid/core/designsystem/component/ViewToggle.kt
2026-02-01 17:40:23,505 - Knowledge - INFO - process ingested knowledge for /app/data/T0015/313236/b3143s4/Android-OSS/core/datastore/consumer-proguard-rules.pro
2026-02-01 17:40:23,505 - Knowledge - INFO - process ingested knowledge for /app/data/T0015/313236/b3143s4/Android-OSS/core/data-test/src/main/kotlin/com/google/samples/apps/nowinandroid/core/data/test/repository/FakeNewsRepository.kt
2026-02-01 17:40:23,525 - Knowledge - INFO - Worker kw14 processing /app/data/T0015/313236/b3143s4/Android-OSS/core/designsystem/src/main/kotlin/com/google/samples/apps/nowinandroid/core/designsystem/theme/Type.kt
2026-02-01 17:40:23,597 - Knowledge - INFO - [kw6] Queue=75, InProgress=0, PendingWorkers=20/20, Completed=375/484 (77.5%)
2026-02-01 17:40:23,689 - Knowledge - INFO - process ingested knowledge for /app/data/T0015/313236/b3143s4/Android-OSS/core/data-test/src/main/kotlin/com/google/samples/apps/nowinandroid/core/data/test/AlwaysOnlineNetworkMonitor.kt
2026-02-01 17:40:23,689 - Knowledge - INFO - process ingested knowledge for /app/data/T0015/313236/b3143s4/Android-OSS/core/designsystem/src/test/kotlin/com/google/samples/apps/nowinandroid/core/designsystem/ThemeTest.kt
2026-02-01 17:40:23,804 - Knowledge - INFO - process ingested knowledge for /app/data/T0015/313236/b3143s4/Android-OSS/core/designsystem/src/test/kotlin/com/google/samples/apps/nowinandroid/core/designsystem/BackgroundScreenshotTests.kt
2026-02-01 17:40:23,914 - Knowledge - INFO - [kw1] Queue=75, InProgress=0, PendingWorkers=20/20, Completed=375/484 (77.5%)
2026-02-01 17:40:23,994 - Knowledge - INFO - Worker kw3 processing /app/data/T0015/313236/b3143s4/Android-OSS/core/designsystem/src/main/kotlin/com/google/samples/apps/nowinandroid/core/designsystem/component/TopAppBar.kt
2026-02-01 17:40:24,075 - Knowledge - INFO - Worker kw18 processing /app/data/T0015/313236/b3143s4/Android-OSS/core/designsystem/src/main/kotlin/com/google/samples/apps/nowinandroid/core/designsystem/component/Background.kt
2026-02-01 17:40:24,165 - Knowledge - INFO - Worker kw10 processing /app/data/T0015/313236/b3143s4/Android-OSS/core/designsystem/src/main/AndroidManifest.xml
2026-02-01 17:40:24,241 - Knowledge - INFO - process ingested knowledge for /app/data/T0015/313236/b3143s4/Android-OSS/core/datastore/src/test/kotlin/com/google/samples/apps/nowinandroid/core/datastore/IntToStringIdsMigrationTest.kt
2026-02-01 17:40:24,378 - Knowledge - INFO - Async storage completed for 6 embeddings
2026-02-01 17:40:24,424 - Knowledge - INFO - [WEBSOCKET] Sent: Type=unknown, Size: ?, Duration: 1004ms
2026-02-01 17:40:24,446 - Knowledge - INFO - [kw8] Queue=75, InProgress=0, PendingWorkers=20/20, Completed=375/484 (77.5%)
2026-02-01 17:40:24,446 - Knowledge - INFO - [kw11] Queue=75, InProgress=0, PendingWorkers=20/20, Completed=375/484 (77.5%)
2026-02-01 17:40:24,663 - Knowledge - INFO - process ingested knowledge for /app/data/T0015/313236/b3143s4/Android-OSS/core/datastore/build.gradle.kts
2026-02-01 17:40:24,772 - Knowledge - INFO - process ingested knowledge for /app/data/T0015/313236/b3143s4/Android-OSS/core/data-test/src/main/kotlin/com/google/samples/apps/nowinandroid/core/data/test/repository/FakeUserDataRepository.kt
2026-02-01 17:40:24,911 - Knowledge - INFO - Batch sizing: calculated=4, max_allowed=10, queue=75, active_workers=20/20
2026-02-01 17:40:25,010 - Knowledge - INFO - process ingested knowledge for /app/data/T0015/313236/b3143s4/Android-OSS/core/data-test/src/main/kotlin/com/google/samples/apps/nowinandroid/core/data/test/TestDataModule.kt
2026-02-01 17:40:25,086 - Knowledge - INFO - process ingested knowledge for /app/data/T0015/313236/b3143s4/Android-OSS/core/designsystem/src/test/kotlin/com/google/samples/apps/nowinandroid/core/designsystem/FilterChipScreenshotTests.kt
2026-02-01 17:40:25,196 - Knowledge - INFO - process ingested knowledge for /app/data/T0015/313236/b3143s4/Android-OSS/core/designsystem/src/test/kotlin/com/google/samples/apps/nowinandroid/core/designsystem/NavigationScreenshotTests.kt
2026-02-01 17:40:25,306 - Knowledge - INFO - Batch sizing: calculated=4, max_allowed=10, queue=75, active_workers=20/20
2026-02-01 17:40:25,385 - Knowledge - INFO - Worker kw3 processing /app/data/T0015/313236/b3143s4/Android-OSS/core/designsystem/src/main/kotlin/com/google/samples/apps/nowinandroid/core/designsystem/component/Chip.kt
2026-02-01 17:40:25,505 - Knowledge - INFO - Worker kw18 processing /app/data/T0015/313236/b3143s4/Android-OSS/core/designsystem/src/main/kotlin/com/google/samples/apps/nowinandroid/core/designsystem/component/Navigation.kt
2026-02-01 17:40:25,625 - Knowledge - INFO - Fast-tracked /app/data/T0015/313236/b3143s4/Android-OSS/core/designsystem/src/main/AndroidManifest.xml (ext=.xml, size=684)
2026-02-01 17:40:25,698 - Knowledge - INFO - process ingested knowledge for /app/data/T0015/313236/b3143s4/Android-OSS/core/datastore/src/test/kotlin/com/google/samples/apps/nowinandroid/core/datastore/NiaPreferencesDataSourceTest.kt
2026-02-01 17:40:25,918 - Knowledge - INFO - Progress: 77.5% | Files: 375/484 | Rate: 2.03 files/sec | Queue: 75
2026-02-01 17:40:25,919 - Knowledge - INFO - [kw19] Queue=75, InProgress=0, PendingWorkers=20/20, Completed=375/484 (77.5%)
2026-02-01 17:40:25,919 - Knowledge - INFO - [LLM_CALL] Completed: NiaPreferencesDataSource.kt:chunk1, Duration: 9559ms, PromptTokens: 3690, CompletionTokens: 772, Cost: $0.00068
2026-02-01 17:40:25,996 - Knowledge - INFO - Batch sizing: calculated=4, max_allowed=10, queue=75, active_workers=20/20
2026-02-01 17:40:26,077 - Knowledge - INFO - Batch sizing: calculated=4, max_allowed=10, queue=75, active_workers=20/20
2026-02-01 17:40:26,157 - Knowledge - INFO - process ingested knowledge for /app/data/T0015/313236/b3143s4/Android-OSS/core/datastore/README.md
2026-02-01 17:40:26,239 - Knowledge - INFO - process ingested knowledge for /app/data/T0015/313236/b3143s4/Android-OSS/core/data-test/src/main/kotlin/com/google/samples/apps/nowinandroid/core/data/test/repository/FakeRecentSearchRepository.kt
2026-02-01 17:40:26,472 - Knowledge - INFO - process ingested knowledge for /app/data/T0015/313236/b3143s4/Android-OSS/core/data-test/src/main/AndroidManifest.xml
2026-02-01 17:40:26,594 - Knowledge - INFO - process ingested knowledge for /app/data/T0015/313236/b3143s4/Android-OSS/core/designsystem/src/test/kotlin/com/google/samples/apps/nowinandroid/core/designsystem/TabsScreenshotTests.kt
2026-02-01 17:40:26,666 - Knowledge - INFO - process ingested knowledge for /app/data/T0015/313236/b3143s4/Android-OSS/core/designsystem/src/test/kotlin/com/google/samples/apps/nowinandroid/core/designsystem/LoadingWheelScreenshotTests.kt
2026-02-01 17:40:26,827 - Knowledge - INFO - Worker kw3 processing /app/data/T0015/313236/b3143s4/Android-OSS/core/designsystem/src/main/kotlin/com/google/samples/apps/nowinandroid/core/designsystem/component/Button.kt
2026-02-01 17:40:26,917 - Knowledge - INFO - Worker kw18 processing /app/data/T0015/313236/b3143s4/Android-OSS/core/designsystem/src/main/kotlin/com/google/samples/apps/nowinandroid/core/designsystem/component/DynamicAsyncImage.kt
2026-02-01 17:40:26,994 - Knowledge - INFO - Worker kw10 processing /app/data/T0015/313236/b3143s4/Android-OSS/core/designsystem/build.gradle.kts
2026-02-01 17:40:27,201 - Knowledge - INFO - [kw15] Queue=67, InProgress=0, PendingWorkers=20/20, Completed=375/484 (77.5%)
2026-02-01 17:40:27,323 - Knowledge - INFO - Batch sizing: calculated=4, max_allowed=10, queue=75, active_workers=20/20
2026-02-01 17:40:27,504 - Knowledge - INFO - done ingest for /app/data/T0015/313236/b3143s4/Android-OSS/core/datastore/src/main/kotlin/com/google/samples/apps/nowinandroid/core/datastore/NiaPreferencesDataSource.kt
2026-02-01 17:40:27,508 - Knowledge - INFO - Async storing batch of 6 embeddings
2026-02-01 17:40:27,508 - Knowledge - INFO - Async storing batch of 5 embeddings
2026-02-01 17:40:27,662 - Knowledge - INFO - Async storing batch of 5 embeddings
2026-02-01 17:40:27,761 - Knowledge - INFO - Async storing batch of 5 embeddings
2026-02-01 17:40:28,233 - Knowledge - INFO - process ingested knowledge for /app/data/T0015/313236/b3143s4/Android-OSS/core/data-test/build.gradle.kts
2026-02-01 17:40:28,233 - Knowledge - INFO - process ingested knowledge for /app/data/T0015/313236/b3143s4/Android-OSS/core/designsystem/src/test/kotlin/com/google/samples/apps/nowinandroid/core/designsystem/ButtonScreenshotTests.kt
2026-02-01 17:40:28,365 - Knowledge - INFO - Worker kw3 processing /app/data/T0015/313236/b3143s4/Android-OSS/core/designsystem/src/main/kotlin/com/google/samples/apps/nowinandroid/core/designsystem/component/Tag.kt
2026-02-01 17:40:28,471 - Knowledge - INFO - Worker kw18 processing /app/data/T0015/313236/b3143s4/Android-OSS/core/designsystem/src/main/kotlin/com/google/samples/apps/nowinandroid/core/designsystem/component/Tabs.kt
2026-02-01 17:40:28,481 - Knowledge - INFO - process ingested knowledge for /app/data/T0015/313236/b3143s4/Android-OSS/core/designsystem/src/test/kotlin/com/google/samples/apps/nowinandroid/core/designsystem/IconButtonScreenshotTests.kt
2026-02-01 17:40:28,538 - Knowledge - INFO - Fast-tracked /app/data/T0015/313236/b3143s4/Android-OSS/core/designsystem/build.gradle.kts (ext=.kts, size=1713)
2026-02-01 17:40:28,552 - Knowledge - INFO - [kw7] Queue=59, InProgress=0, PendingWorkers=20/20, Completed=375/484 (77.5%)
2026-02-01 17:40:28,562 - Knowledge - INFO - Async storage completed for 6 embeddings
2026-02-01 17:40:28,656 - Knowledge - INFO - Batch sizing: calculated=4, max_allowed=10, queue=67, active_workers=20/20
2026-02-01 17:40:28,763 - Knowledge - INFO - [kw17] Queue=59, InProgress=0, PendingWorkers=20/20, Completed=375/484 (77.5%)
2026-02-01 17:40:28,764 - Knowledge - INFO - Async storing batch of 5 embeddings
2026-02-01 17:40:28,922 - Knowledge - INFO - Worker kw1 processing /app/data/T0015/313236/b3143s4/Android-OSS/spotless/copyright.kt
2026-02-01 17:40:28,934 - Knowledge - INFO - Processing batch of 5 files
2026-02-01 17:40:28,970 - Knowledge - INFO - [kw4] Queue=55, InProgress=0, PendingWorkers=20/20, Completed=380/484 (78.5%)
2026-02-01 17:40:29,008 - Knowledge - INFO - Worker kw6 processing /app/data/T0015/313236/b3143s4/Android-OSS/docs/ModularizationLearningJourney.md
2026-02-01 17:40:29,083 - Knowledge - INFO - Worker kw8 processing /app/data/T0015/313236/b3143s4/Android-OSS/sync/sync-test/src/main/AndroidManifest.xml
2026-02-01 17:40:29,154 - Knowledge - INFO - Worker kw11 processing /app/data/T0015/313236/b3143s4/Android-OSS/sync/work/src/main/res/values/strings.xml
2026-02-01 17:40:29,552 - Knowledge - INFO - [LLM_CALL] Completed: Color.kt:chunk1, Duration: 6675ms, PromptTokens: 2998, CompletionTokens: 467, Cost: $0.00049
2026-02-01 17:40:29,773 - Knowledge - INFO - Worker kw10 processing /app/data/T0015/313236/b3143s4/Android-OSS/core/designsystem/README.md
2026-02-01 17:40:29,851 - Knowledge - INFO - Batch sizing: calculated=4, max_allowed=10, queue=59, active_workers=20/20
2026-02-01 17:40:30,096 - Knowledge - INFO - Batch sizing: calculated=4, max_allowed=10, queue=59, active_workers=20/20
2026-02-01 17:40:30,197 - Knowledge - INFO - Worker kw19 processing /app/data/T0015/313236/b3143s4/Android-OSS/sync/work/src/main/kotlin/com/google/samples/apps/nowinandroid/sync/workers/SyncWorker.kt
2026-02-01 17:40:30,307 - Knowledge - INFO - Fast-tracked /app/data/T0015/313236/b3143s4/Android-OSS/spotless/copyright.kt (ext=.kt, size=618)
2026-02-01 17:40:30,398 - Knowledge - INFO - process ingested knowledge for /app/data/T0015/313236/b3143s4/Android-OSS/core/datastore/src/main/kotlin/com/google/samples/apps/nowinandroid/core/datastore/UserPreferencesSerializer.kt
2026-02-01 17:40:30,509 - Knowledge - INFO - Batch sizing: calculated=4, max_allowed=10, queue=55, active_workers=20/20
2026-02-01 17:40:30,592 - Knowledge - INFO - Fast-tracked /app/data/T0015/313236/b3143s4/Android-OSS/docs/ModularizationLearningJourney.md (ext=.md, size=10615)
2026-02-01 17:40:30,656 - Knowledge - INFO - Async storage completed for 6 embeddings
2026-02-01 17:40:30,690 - Knowledge - INFO - Fast-tracked /app/data/T0015/313236/b3143s4/Android-OSS/sync/sync-test/src/main/AndroidManifest.xml (ext=.xml, size=684)
2026-02-01 17:40:30,787 - Knowledge - INFO - Fast-tracked /app/data/T0015/313236/b3143s4/Android-OSS/sync/work/src/main/res/values/strings.xml (ext=.xml, size=945)
2026-02-01 17:40:30,929 - Knowledge - INFO - done ingest for /app/data/T0015/313236/b3143s4/Android-OSS/core/designsystem/src/main/kotlin/com/google/samples/apps/nowinandroid/core/designsystem/theme/Color.kt
2026-02-01 17:40:30,933 - Knowledge - INFO - Async storing batch of 5 embeddings
2026-02-01 17:40:30,933 - Knowledge - INFO - [kw5] Queue=51, InProgress=0, PendingWorkers=20/20, Completed=380/484 (78.5%)
2026-02-01 17:40:30,950 - Knowledge - INFO - [kw2] Queue=51, InProgress=0, PendingWorkers=20/20, Completed=380/484 (78.5%)
2026-02-01 17:40:30,951 - Knowledge - INFO - [kw13] Queue=51, InProgress=0, PendingWorkers=20/20, Completed=380/484 (78.5%)
2026-02-01 17:40:31,017 - Knowledge - INFO - Fast-tracked /app/data/T0015/313236/b3143s4/Android-OSS/core/designsystem/README.md (ext=.md, size=1485)
2026-02-01 17:40:31,097 - Knowledge - INFO - Async storing batch of 5 embeddings
2026-02-01 17:40:31,205 - Knowledge - INFO - Async storing batch of 5 embeddings
2026-02-01 17:40:31,285 - Knowledge - INFO - Worker kw19 processing /app/data/T0015/313236/b3143s4/Android-OSS/sync/work/src/main/kotlin/com/google/samples/apps/nowinandroid/sync/workers/AnalyticsExtensions.kt
2026-02-01 17:40:31,408 - Knowledge - INFO - Worker kw1 processing /app/data/T0015/313236/b3143s4/Android-OSS/spotless/copyright.kts
2026-02-01 17:40:31,524 - Knowledge - INFO - process ingested knowledge for /app/data/T0015/313236/b3143s4/Android-OSS/core/datastore/src/main/kotlin/com/google/samples/apps/nowinandroid/core/datastore/ChangeListVersions.kt
2026-02-01 17:40:31,611 - Knowledge - INFO - Async storing batch of 5 embeddings
2026-02-01 17:40:31,702 - Knowledge - INFO - Worker kw6 processing /app/data/T0015/313236/b3143s4/Android-OSS/kokoro/nightly.sh
2026-02-01 17:40:31,920 - Knowledge - INFO - Worker kw8 processing /app/data/T0015/313236/b3143s4/Android-OSS/sync/sync-test/build.gradle.kts
2026-02-01 17:40:32,000 - Knowledge - INFO - Worker kw11 processing /app/data/T0015/313236/b3143s4/Android-OSS/sync/work/src/main/kotlin/com/google/samples/apps/nowinandroid/sync/status/StubSyncSubscriber.kt
2026-02-01 17:40:32,173 - Knowledge - INFO - Worker kw15 processing /app/data/T0015/313236/b3143s4/Android-OSS/sync/work/src/main/kotlin/com/google/samples/apps/nowinandroid/sync/initializers/SyncInitializer.kt
2026-02-01 17:40:32,271 - Knowledge - INFO - [LLM_CALL] Completed: Theme.kt:chunk1, Duration: 11063ms, PromptTokens: 4410, CompletionTokens: 490, Cost: $0.00064
2026-02-01 17:40:32,305 - Knowledge - INFO - Batch sizing: calculated=4, max_allowed=10, queue=51, active_workers=20/20
2026-02-01 17:40:32,384 - Knowledge - INFO - Batch sizing: calculated=4, max_allowed=10, queue=51, active_workers=20/20
2026-02-01 17:40:32,479 - Knowledge - INFO - Batch sizing: calculated=4, max_allowed=10, queue=51, active_workers=20/20
2026-02-01 17:40:32,567 - Knowledge - INFO - Worker kw10 processing /app/data/T0015/313236/b3143s4/Android-OSS/docs/ArchitectureLearningJourney.md
2026-02-01 17:40:32,691 - Knowledge - INFO - Worker kw7 processing /app/data/T0015/313236/b3143s4/Android-OSS/sync/work/src/prod/AndroidManifest.xml
2026-02-01 17:40:32,778 - Knowledge - INFO - Worker kw17 processing /app/data/T0015/313236/b3143s4/Android-OSS/CODE_OF_CONDUCT.md
2026-02-01 17:40:32,899 - Knowledge - INFO - Fast-tracked /app/data/T0015/313236/b3143s4/Android-OSS/sync/work/src/main/kotlin/com/google/samples/apps/nowinandroid/sync/workers/AnalyticsExtensions.kt (ext=.kt, size=1187)
2026-02-01 17:40:32,985 - Knowledge - INFO - Fast-tracked /app/data/T0015/313236/b3143s4/Android-OSS/spotless/copyright.kts (ext=.kts, size=617)
2026-02-01 17:40:33,080 - Knowledge - INFO - process ingested knowledge for /app/data/T0015/313236/b3143s4/Android-OSS/core/datastore/src/main/kotlin/com/google/samples/apps/nowinandroid/core/datastore/ListToMapMigration.kt
2026-02-01 17:40:33,171 - Knowledge - INFO - Worker kw4 processing /app/data/T0015/313236/b3143s4/Android-OSS/ui-test-hilt-manifest/README.md
2026-02-01 17:40:33,268 - Knowledge - INFO - Fast-tracked /app/data/T0015/313236/b3143s4/Android-OSS/kokoro/nightly.sh (ext=.sh, size=1102)
2026-02-01 17:40:33,375 - Knowledge - INFO - Fast-tracked /app/data/T0015/313236/b3143s4/Android-OSS/sync/sync-test/build.gradle.kts (ext=.kts, size=948)
2026-02-01 17:40:33,490 - Knowledge - INFO - Fast-tracked /app/data/T0015/313236/b3143s4/Android-OSS/sync/work/src/main/kotlin/com/google/samples/apps/nowinandroid/sync/status/StubSyncSubscriber.kt (ext=.kt, size=979)
2026-02-01 17:40:33,574 - Knowledge - INFO - Fast-tracked /app/data/T0015/313236/b3143s4/Android-OSS/sync/work/src/main/kotlin/com/google/samples/apps/nowinandroid/sync/initializers/SyncInitializer.kt (ext=.kt, size=1555)
2026-02-01 17:40:33,662 - Knowledge - INFO - done ingest for /app/data/T0015/313236/b3143s4/Android-OSS/core/designsystem/src/main/kotlin/com/google/samples/apps/nowinandroid/core/designsystem/theme/Theme.kt
2026-02-01 17:40:33,663 - Knowledge - INFO - [LLM_CALL] Completed: Type.kt:chunk1, Duration: 7744ms, PromptTokens: 3428, CompletionTokens: 279, Cost: $0.00045
2026-02-01 17:40:34,318 - Knowledge - INFO - Fast-tracked /app/data/T0015/313236/b3143s4/Android-OSS/docs/ArchitectureLearningJourney.md (ext=.md, size=14281)
2026-02-01 17:40:34,544 - Knowledge - INFO - Fast-tracked /app/data/T0015/313236/b3143s4/Android-OSS/sync/work/src/prod/AndroidManifest.xml (ext=.xml, size=1063)
2026-02-01 17:40:34,622 - Knowledge - INFO - Fast-tracked /app/data/T0015/313236/b3143s4/Android-OSS/CODE_OF_CONDUCT.md (ext=.md, size=3169)
2026-02-01 17:40:34,748 - Knowledge - INFO - Worker kw19 processing /app/data/T0015/313236/b3143s4/Android-OSS/sync/work/src/main/kotlin/com/google/samples/apps/nowinandroid/sync/workers/DelegatingWorker.kt
2026-02-01 17:40:34,896 - Knowledge - INFO - Worker kw1 processing /app/data/T0015/313236/b3143s4/Android-OSS/sync/sync-test/src/main/kotlin/com/google/samples/apps/nowinandroid/core/sync/test/NeverSyncingSyncManager.kt
2026-02-01 17:40:35,155 - Knowledge - INFO - process ingested knowledge for /app/data/T0015/313236/b3143s4/Android-OSS/core/datastore/src/main/kotlin/com/google/samples/apps/nowinandroid/core/datastore/IntToStringIdsMigration.kt
2026-02-01 17:40:35,386 - Knowledge - INFO - Fast-tracked /app/data/T0015/313236/b3143s4/Android-OSS/ui-test-hilt-manifest/README.md (ext=.md, size=1460)
2026-02-01 17:40:35,566 - Knowledge - INFO - Worker kw6 processing /app/data/T0015/313236/b3143s4/Android-OSS/kokoro/build.sh
2026-02-01 17:40:36,130 - Knowledge - INFO - Worker kw8 processing /app/data/T0015/313236/b3143s4/Android-OSS/sync/sync-test/README.md
2026-02-01 17:40:36,250 - Knowledge - INFO - Worker kw11 processing /app/data/T0015/313236/b3143s4/Android-OSS/sync/work/src/main/kotlin/com/google/samples/apps/nowinandroid/sync/status/SyncSubscriber.kt
2026-02-01 17:40:36,349 - Knowledge - INFO - Worker kw15 processing /app/data/T0015/313236/b3143s4/Android-OSS/sync/work/src/prod/kotlin/com/google/samples/apps/nowinandroid/sync/services/SyncNotificationsService.kt
2026-02-01 17:40:36,573 - Knowledge - INFO - done ingest for /app/data/T0015/313236/b3143s4/Android-OSS/core/designsystem/src/main/kotlin/com/google/samples/apps/nowinandroid/core/designsystem/theme/Type.kt
2026-02-01 17:40:36,574 - Knowledge - INFO - Async storing batch of 5 embeddings
2026-02-01 17:40:36,574 - Knowledge - INFO - Async storing batch of 5 embeddings
2026-02-01 17:40:36,575 - Knowledge - INFO - Async storing batch of 5 embeddings
2026-02-01 17:40:36,575 - Knowledge - INFO - [LLM_CALL] Completed: ThumbExt.kt:chunk1, Duration: 10657ms, PromptTokens: 2202, CompletionTokens: 372, Cost: $0.00037
2026-02-01 17:40:36,701 - Knowledge - INFO - Async storage completed for 5 embeddings
2026-02-01 17:40:36,822 - Knowledge - INFO - Worker kw7 processing /app/data/T0015/313236/b3143s4/Android-OSS/sync/work/src/demo/kotlin/com/google/samples/apps/nowinandroid/sync/di/SyncModule.kt
2026-02-01 17:40:36,907 - Knowledge - INFO - Worker kw17 processing /app/data/T0015/313236/b3143s4/Android-OSS/ui-test-hilt-manifest/src/main/kotlin/com/google/samples/apps/nowinandroid/uitesthiltmanifest/HiltComponentActivity.kt
2026-02-01 17:40:36,983 - Knowledge - INFO - Worker kw19 processing /app/data/T0015/313236/b3143s4/Android-OSS/sync/work/src/main/kotlin/com/google/samples/apps/nowinandroid/sync/initializers/SyncWorkHelpers.kt
2026-02-01 17:40:37,063 - Knowledge - INFO - Fast-tracked /app/data/T0015/313236/b3143s4/Android-OSS/sync/sync-test/src/main/kotlin/com/google/samples/apps/nowinandroid/core/sync/test/NeverSyncingSyncManager.kt (ext=.kt, size=1026)
2026-02-01 17:40:37,137 - Knowledge - INFO - process ingested knowledge for /app/data/T0015/313236/b3143s4/Android-OSS/core/datastore/src/main/kotlin/com/google/samples/apps/nowinandroid/core/datastore/NiaPreferencesDataSource.kt
2026-02-01 17:40:37,248 - Knowledge - INFO - Worker kw4 processing /app/data/T0015/313236/b3143s4/Android-OSS/build.gradle.kts
2026-02-01 17:40:37,351 - Knowledge - INFO - Worker kw6 processing /app/data/T0015/313236/b3143s4/Android-OSS/spotless/copyright.xml
2026-02-01 17:40:37,439 - Knowledge - INFO - Fast-tracked /app/data/T0015/313236/b3143s4/Android-OSS/sync/sync-test/README.md (ext=.md, size=2632)
2026-02-01 17:40:37,520 - Knowledge - INFO - Fast-tracked /app/data/T0015/313236/b3143s4/Android-OSS/sync/work/src/main/kotlin/com/google/samples/apps/nowinandroid/sync/status/SyncSubscriber.kt (ext=.kt, size=791)
2026-02-01 17:40:37,605 - Knowledge - INFO - Fast-tracked /app/data/T0015/313236/b3143s4/Android-OSS/sync/work/src/prod/kotlin/com/google/samples/apps/nowinandroid/sync/services/SyncNotificationsService.kt (ext=.kt, size=1300)
2026-02-01 17:40:37,845 - Knowledge - INFO - Worker kw5 processing /app/data/T0015/313236/b3143s4/Android-OSS/build-logic/README.md
2026-02-01 17:40:37,965 - Knowledge - INFO - Worker kw2 processing /app/data/T0015/313236/b3143s4/Android-OSS/build-logic/convention/src/main/kotlin/AndroidApplicationConventionPlugin.kt
2026-02-01 17:40:38,091 - Knowledge - INFO - Worker kw13 processing /app/data/T0015/313236/b3143s4/Android-OSS/build-logic/convention/src/main/kotlin/AndroidFeatureImplConventionPlugin.kt
2026-02-01 17:40:38,168 - Knowledge - INFO - done ingest for /app/data/T0015/313236/b3143s4/Android-OSS/core/designsystem/src/main/kotlin/com/google/samples/apps/nowinandroid/core/designsystem/component/scrollbar/ThumbExt.kt
2026-02-01 17:40:38,168 - Knowledge - INFO - Processing batch of 5 files
2026-02-01 17:40:38,169 - Knowledge - INFO - Processing batch of 4 files
2026-02-01 17:40:38,253 - Knowledge - INFO - Processing batch of 4 files
2026-02-01 17:40:38,347 - Knowledge - INFO - Fast-tracked /app/data/T0015/313236/b3143s4/Android-OSS/sync/work/src/demo/kotlin/com/google/samples/apps/nowinandroid/sync/di/SyncModule.kt (ext=.kt, size=1419)
2026-02-01 17:40:38,423 - Knowledge - INFO - Fast-tracked /app/data/T0015/313236/b3143s4/Android-OSS/ui-test-hilt-manifest/src/main/kotlin/com/google/samples/apps/nowinandroid/uitesthiltmanifest/HiltComponentActivity.kt (ext=.kt, size=994)
2026-02-01 17:40:38,580 - Knowledge - INFO - Worker kw1 processing /app/data/T0015/313236/b3143s4/Android-OSS/sync/sync-test/src/main/kotlin/com/google/samples/apps/nowinandroid/core/sync/test/TestSyncModule.kt
2026-02-01 17:40:38,772 - Knowledge - INFO - Fast-tracked /app/data/T0015/313236/b3143s4/Android-OSS/build.gradle.kts (ext=.kts, size=1938)
2026-02-01 17:40:38,867 - Knowledge - INFO - Fast-tracked /app/data/T0015/313236/b3143s4/Android-OSS/spotless/copyright.xml (ext=.xml, size=672)
2026-02-01 17:40:38,910 - Knowledge - INFO - Fast-tracked /app/data/T0015/313236/b3143s4/Android-OSS/core/designsystem/src/main/kotlin/com/google/samples/apps/nowinandroid/core/designsystem/component/Tag.kt (small file (2726 bytes))
2026-02-01 17:40:38,933 - Knowledge - INFO - Worker kw8 processing /app/data/T0015/313236/b3143s4/Android-OSS/sync/work/src/androidTest/kotlin/com/google/samples/apps/nowinandroid/sync/workers/SyncWorkerTest.kt
2026-02-01 17:40:39,004 - Knowledge - INFO - Async storage completed for 6 embeddings
2026-02-01 17:40:39,009 - Knowledge - INFO - Worker kw11 processing /app/data/T0015/313236/b3143s4/Android-OSS/sync/work/src/main/kotlin/com/google/samples/apps/nowinandroid/sync/status/WorkManagerSyncManager.kt
2026-02-01 17:40:39,129 - Knowledge - INFO - Worker kw15 processing /app/data/T0015/313236/b3143s4/Android-OSS/sync/work/src/prod/kotlin/com/google/samples/apps/nowinandroid/sync/status/FirebaseSyncSubscriber.kt
2026-02-01 17:40:39,229 - Knowledge - INFO - Fast-tracked /app/data/T0015/313236/b3143s4/Android-OSS/build-logic/README.md (ext=.md, size=2063)
2026-02-01 17:40:39,248 - Knowledge - INFO - [WEBSOCKET] Sent: Type=progress_update, Size: 291, Duration: 0ms
2026-02-01 17:40:39,328 - Knowledge - INFO - Worker kw2 processing /app/data/T0015/313236/b3143s4/Android-OSS/build-logic/convention/src/main/kotlin/AndroidLibraryJacocoConventionPlugin.kt
2026-02-01 17:40:39,418 - Knowledge - INFO - Worker kw13 processing /app/data/T0015/313236/b3143s4/Android-OSS/build-logic/convention/src/main/kotlin/JvmLibraryConventionPlugin.kt
2026-02-01 17:40:39,658 - Knowledge - INFO - process ingested knowledge for /app/data/T0015/313236/b3143s4/Android-OSS/core/designsystem/src/test/kotlin/com/google/samples/apps/nowinandroid/core/designsystem/TopAppBarScreenshotTests.kt
2026-02-01 17:40:39,897 - Knowledge - INFO - process ingested knowledge for /app/data/T0015/313236/b3143s4/Android-OSS/core/designsystem/src/main/kotlin/com/google/samples/apps/nowinandroid/core/designsystem/theme/Tint.kt
2026-02-01 17:40:40,022 - Knowledge - INFO - process ingested knowledge for /app/data/T0015/313236/b3143s4/Android-OSS/core/designsystem/src/main/AndroidManifest.xml
2026-02-01 17:40:40,168 - Knowledge - INFO - Worker kw7 processing /app/data/T0015/313236/b3143s4/Android-OSS/sync/work/build.gradle.kts
2026-02-01 17:40:40,323 - Knowledge - INFO - Worker kw17 processing /app/data/T0015/313236/b3143s4/Android-OSS/ui-test-hilt-manifest/src/main/AndroidManifest.xml
2026-02-01 17:40:40,413 - Knowledge - INFO - Fast-tracked /app/data/T0015/313236/b3143s4/Android-OSS/sync/sync-test/src/main/kotlin/com/google/samples/apps/nowinandroid/core/sync/test/TestSyncModule.kt (ext=.kt, size=1457)
2026-02-01 17:40:40,530 - Knowledge - INFO - Worker kw4 processing /app/data/T0015/313236/b3143s4/Android-OSS/README.md
2026-02-01 17:40:40,598 - Knowledge - INFO - Fast-tracked /app/data/T0015/313236/b3143s4/Android-OSS/sync/work/src/main/kotlin/com/google/samples/apps/nowinandroid/sync/workers/DelegatingWorker.kt (small file (2828 bytes))
2026-02-01 17:40:40,615 - Knowledge - INFO - Fast-tracked /app/data/T0015/313236/b3143s4/Android-OSS/kokoro/build.sh (small file (2735 bytes))
2026-02-01 17:40:40,705 - Knowledge - INFO - Async storage completed for 5 embeddings
2026-02-01 17:40:40,817 - Knowledge - INFO - Fast-tracked /app/data/T0015/313236/b3143s4/Android-OSS/sync/work/src/androidTest/kotlin/com/google/samples/apps/nowinandroid/sync/workers/SyncWorkerTest.kt (small file (2533 bytes))
2026-02-01 17:40:40,968 - Knowledge - INFO - Fast-tracked /app/data/T0015/313236/b3143s4/Android-OSS/sync/work/src/main/kotlin/com/google/samples/apps/nowinandroid/sync/status/WorkManagerSyncManager.kt (small file (2071 bytes))
2026-02-01 17:40:41,052 - Knowledge - INFO - Fast-tracked /app/data/T0015/313236/b3143s4/Android-OSS/sync/work/src/prod/kotlin/com/google/samples/apps/nowinandroid/sync/status/FirebaseSyncSubscriber.kt (ext=.kt, size=1225)
2026-02-01 17:40:41,128 - Knowledge - INFO - Worker kw5 processing /app/data/T0015/313236/b3143s4/Android-OSS/build-logic/convention/src/main/kotlin/HiltConventionPlugin.kt
2026-02-01 17:40:41,233 - Knowledge - INFO - [LLM_CALL] Completed: ScrollbarExt.kt:chunk1, Duration: 18356ms, PromptTokens: 4398, CompletionTokens: 502, Cost: $0.00064
2026-02-01 17:40:41,316 - Knowledge - INFO - Fast-tracked /app/data/T0015/313236/b3143s4/Android-OSS/build-logic/convention/src/main/kotlin/AndroidLibraryJacocoConventionPlugin.kt (ext=.kt, size=1389)
2026-02-01 17:40:41,404 - Knowledge - INFO - Fast-tracked /app/data/T0015/313236/b3143s4/Android-OSS/build-logic/convention/src/main/kotlin/JvmLibraryConventionPlugin.kt (ext=.kt, size=1370)
2026-02-01 17:40:41,482 - Knowledge - INFO - process ingested knowledge for /app/data/T0015/313236/b3143s4/Android-OSS/core/designsystem/src/main/res/drawable/core_designsystem_ic_placeholder_default.xml
2026-02-01 17:40:41,600 - Knowledge - INFO - process ingested knowledge for /app/data/T0015/313236/b3143s4/Android-OSS/core/designsystem/src/main/kotlin/com/google/samples/apps/nowinandroid/core/designsystem/theme/Background.kt
2026-02-01 17:40:41,716 - Knowledge - INFO - process ingested knowledge for /app/data/T0015/313236/b3143s4/Android-OSS/core/designsystem/build.gradle.kts
2026-02-01 17:40:41,933 - Knowledge - INFO - Fast-tracked /app/data/T0015/313236/b3143s4/Android-OSS/sync/work/build.gradle.kts (ext=.kts, size=1631)
2026-02-01 17:40:42,112 - Knowledge - INFO - Fast-tracked /app/data/T0015/313236/b3143s4/Android-OSS/ui-test-hilt-manifest/src/main/AndroidManifest.xml (ext=.xml, size=1154)
2026-02-01 17:40:42,232 - Knowledge - INFO - Async storage completed for 6 embeddings
2026-02-01 17:40:42,330 - Knowledge - INFO - Fast-tracked /app/data/T0015/313236/b3143s4/Android-OSS/README.md (ext=.md, size=10998)
2026-02-01 17:40:42,450 - Knowledge - INFO - Fast-tracked /app/data/T0015/313236/b3143s4/Android-OSS/sync/work/src/main/kotlin/com/google/samples/apps/nowinandroid/sync/initializers/SyncWorkHelpers.kt (small file (2814 bytes))
2026-02-01 17:40:42,556 - Knowledge - INFO - Async storage completed for 5 embeddings
2026-02-01 17:40:42,777 - Knowledge - INFO - Async storage completed for 5 embeddings
2026-02-01 17:40:42,914 - Knowledge - INFO - Async storage completed for 5 embeddings
2026-02-01 17:40:43,009 - Knowledge - INFO - Worker kw15 processing /app/data/T0015/313236/b3143s4/Android-OSS/sync/work/src/prod/kotlin/com/google/samples/apps/nowinandroid/sync/di/SyncModule.kt
2026-02-01 17:40:43,148 - Knowledge - INFO - Fast-tracked /app/data/T0015/313236/b3143s4/Android-OSS/build-logic/convention/src/main/kotlin/HiltConventionPlugin.kt (ext=.kt, size=1834)
2026-02-01 17:40:43,241 - Knowledge - INFO - done ingest for /app/data/T0015/313236/b3143s4/Android-OSS/core/designsystem/src/main/kotlin/com/google/samples/apps/nowinandroid/core/designsystem/component/scrollbar/ScrollbarExt.kt
2026-02-01 17:40:43,292 - Knowledge - INFO - [WEBSOCKET] Sent: Type=unknown, Size: ?, Duration: 4044ms
2026-02-01 17:40:43,338 - Knowledge - INFO - Worker kw2 processing /app/data/T0015/313236/b3143s4/Android-OSS/build-logic/convention/src/main/kotlin/AndroidApplicationComposeConventionPlugin.kt
2026-02-01 17:40:43,449 - Knowledge - INFO - Worker kw13 processing /app/data/T0015/313236/b3143s4/Android-OSS/build-logic/convention/src/main/kotlin/AndroidApplicationFlavorsConventionPlugin.kt
2026-02-01 17:40:43,699 - Knowledge - INFO - process ingested knowledge for /app/data/T0015/313236/b3143s4/Android-OSS/core/designsystem/src/main/kotlin/com/google/samples/apps/nowinandroid/core/designsystem/icon/NiaIcons.kt
2026-02-01 17:40:43,824 - Knowledge - INFO - process ingested knowledge for /app/data/T0015/313236/b3143s4/Android-OSS/core/designsystem/src/main/kotlin/com/google/samples/apps/nowinandroid/core/designsystem/theme/Gradient.kt
2026-02-01 17:40:43,965 - Knowledge - INFO - process ingested knowledge for /app/data/T0015/313236/b3143s4/Android-OSS/core/designsystem/README.md
2026-02-01 17:40:44,138 - Knowledge - INFO - Worker kw7 processing /app/data/T0015/313236/b3143s4/Android-OSS/sync/work/README.md
2026-02-01 17:40:44,215 - Knowledge - INFO - Worker kw17 processing /app/data/T0015/313236/b3143s4/Android-OSS/ui-test-hilt-manifest/build.gradle.kts
2026-02-01 17:40:44,438 - Knowledge - INFO - Worker kw4 processing /app/data/T0015/313236/b3143s4/Android-OSS/build-logic/settings.gradle.kts
2026-02-01 17:40:44,552 - Knowledge - INFO - Async storage completed for 5 embeddings
2026-02-01 17:40:44,586 - Knowledge - INFO - Async storage completed for 5 embeddings
2026-02-01 17:40:44,954 - Knowledge - INFO - Fast-tracked /app/data/T0015/313236/b3143s4/Android-OSS/sync/work/src/prod/kotlin/com/google/samples/apps/nowinandroid/sync/di/SyncModule.kt (ext=.kt, size=1773)
2026-02-01 17:40:45,023 - Knowledge - INFO - Worker kw5 processing /app/data/T0015/313236/b3143s4/Android-OSS/build-logic/convention/src/main/kotlin/AndroidTestConventionPlugin.kt
2026-02-01 17:40:45,223 - Knowledge - INFO - Progress: 81.2% | Files: 409/484 | Rate: 2.04 files/sec | Queue: 27
2026-02-01 17:40:45,230 - Knowledge - INFO - [LLM_CALL] Completed: LazyScrollbarUtilities.kt:chunk1, Duration: 16582ms, PromptTokens: 2474, CompletionTokens: 281, Cost: $0.00036
2026-02-01 17:40:45,317 - Knowledge - INFO - Fast-tracked /app/data/T0015/313236/b3143s4/Android-OSS/build-logic/convention/src/main/kotlin/AndroidApplicationComposeConventionPlugin.kt (ext=.kt, size=1265)
2026-02-01 17:40:45,494 - Knowledge - INFO - Fast-tracked /app/data/T0015/313236/b3143s4/Android-OSS/build-logic/convention/src/main/kotlin/AndroidApplicationFlavorsConventionPlugin.kt (ext=.kt, size=1092)
2026-02-01 17:40:45,624 - Knowledge - INFO - process ingested knowledge for /app/data/T0015/313236/b3143s4/Android-OSS/core/designsystem/src/main/kotlin/com/google/samples/apps/nowinandroid/core/designsystem/theme/Theme.kt
2026-02-01 17:40:45,973 - Knowledge - INFO - process ingested knowledge for /app/data/T0015/313236/b3143s4/Android-OSS/core/designsystem/src/main/kotlin/com/google/samples/apps/nowinandroid/core/designsystem/theme/Type.kt
2026-02-01 17:40:46,075 - Knowledge - INFO - process ingested knowledge for /app/data/T0015/313236/b3143s4/Android-OSS/docs/ArchitectureLearningJourney.md
2026-02-01 17:40:46,272 - Knowledge - INFO - Fast-tracked /app/data/T0015/313236/b3143s4/Android-OSS/sync/work/README.md (ext=.md, size=2510)
2026-02-01 17:40:46,428 - Knowledge - INFO - Fast-tracked /app/data/T0015/313236/b3143s4/Android-OSS/ui-test-hilt-manifest/build.gradle.kts (ext=.kts, size=810)
2026-02-01 17:40:46,574 - Knowledge - INFO - Fast-tracked /app/data/T0015/313236/b3143s4/Android-OSS/build-logic/settings.gradle.kts (ext=.kts, size=1191)
2026-02-01 17:40:46,830 - Knowledge - INFO - Async storage completed for 5 embeddings
2026-02-01 17:40:46,920 - Knowledge - INFO - Fast-tracked /app/data/T0015/313236/b3143s4/Android-OSS/build-logic/convention/src/main/kotlin/AndroidTestConventionPlugin.kt (ext=.kt, size=1330)
2026-02-01 17:40:47,008 - Knowledge - INFO - [kw20] Queue=27, InProgress=0, PendingWorkers=20/20, Completed=409/484 (84.5%)
2026-02-01 17:40:47,085 - Knowledge - INFO - done ingest for /app/data/T0015/313236/b3143s4/Android-OSS/core/designsystem/src/main/kotlin/com/google/samples/apps/nowinandroid/core/designsystem/component/scrollbar/LazyScrollbarUtilities.kt
2026-02-01 17:40:47,086 - Knowledge - INFO - Processing batch of 4 files
2026-02-01 17:40:47,086 - Knowledge - INFO - Processing batch of 4 files
2026-02-01 17:40:47,086 - Knowledge - INFO - Processing batch of 4 files
2026-02-01 17:40:47,087 - Knowledge - INFO - Processing batch of 4 files
2026-02-01 17:40:47,087 - Knowledge - INFO - [LLM_CALL] Completed: LoadingWheel.kt:chunk1, Duration: 25877ms, PromptTokens: 3374, CompletionTokens: 753, Cost: $0.00064
2026-02-01 17:40:47,163 - Knowledge - INFO - Worker kw2 processing /app/data/T0015/313236/b3143s4/Android-OSS/build-logic/convention/src/main/kotlin/AndroidFeatureApiConventionPlugin.kt
2026-02-01 17:40:47,291 - Knowledge - INFO - Worker kw13 processing /app/data/T0015/313236/b3143s4/Android-OSS/build-logic/convention/src/main/kotlin/AndroidLibraryConventionPlugin.kt
2026-02-01 17:40:47,414 - Knowledge - INFO - process ingested knowledge for /app/data/T0015/313236/b3143s4/Android-OSS/core/designsystem/src/main/kotlin/com/google/samples/apps/nowinandroid/core/designsystem/theme/Color.kt
2026-02-01 17:40:47,757 - Knowledge - INFO - Async storage completed for 5 embeddings
2026-02-01 17:40:47,873 - Knowledge - INFO - Async storage completed for 5 embeddings
2026-02-01 17:40:47,981 - Knowledge - INFO - Async storage completed for 5 embeddings
2026-02-01 17:40:48,263 - Knowledge - INFO - Worker kw5 processing /app/data/T0015/313236/b3143s4/Android-OSS/build-logic/convention/src/main/kotlin/RootPlugin.kt
2026-02-01 17:40:48,357 - Knowledge - INFO - Batch sizing: calculated=4, max_allowed=10, queue=27, active_workers=20/20
2026-02-01 17:40:48,590 - Knowledge - INFO - process ingested knowledge for /app/data/T0015/313236/b3143s4/Android-OSS/spotless/copyright.kt
2026-02-01 17:40:48,727 - Knowledge - INFO - process ingested knowledge for /app/data/T0015/313236/b3143s4/Android-OSS/docs/ModularizationLearningJourney.md
2026-02-01 17:40:48,869 - Knowledge - INFO - process ingested knowledge for /app/data/T0015/313236/b3143s4/Android-OSS/sync/sync-test/src/main/AndroidManifest.xml
2026-02-01 17:40:48,959 - Knowledge - INFO - process ingested knowledge for /app/data/T0015/313236/b3143s4/Android-OSS/sync/work/src/main/res/values/strings.xml
2026-02-01 17:40:49,060 - Knowledge - INFO - done ingest for /app/data/T0015/313236/b3143s4/Android-OSS/core/designsystem/src/main/kotlin/com/google/samples/apps/nowinandroid/core/designsystem/component/LoadingWheel.kt
2026-02-01 17:40:49,066 - Knowledge - INFO - [LLM_CALL] Completed: TopAppBar.kt:chunk1, Duration: 19600ms, PromptTokens: 2144, CompletionTokens: 434, Cost: $0.00039
2026-02-01 17:40:49,194 - Knowledge - INFO - Fast-tracked /app/data/T0015/313236/b3143s4/Android-OSS/build-logic/convention/src/main/kotlin/AndroidFeatureApiConventionPlugin.kt (ext=.kt, size=1121)
2026-02-01 17:40:49,409 - Knowledge - INFO - Fast-tracked /app/data/T0015/313236/b3143s4/Android-OSS/build-logic/convention/src/main/kotlin/AndroidFeatureImplConventionPlugin.kt (small file (2158 bytes))
2026-02-01 17:40:49,984 - Knowledge - INFO - Fast-tracked /app/data/T0015/313236/b3143s4/Android-OSS/build-logic/convention/src/main/kotlin/RootPlugin.kt (ext=.kt, size=1042)
2026-02-01 17:40:50,372 - Knowledge - INFO - process ingested knowledge for /app/data/T0015/313236/b3143s4/Android-OSS/spotless/copyright.kts
2026-02-01 17:40:50,384 - Knowledge - INFO - process ingested knowledge for /app/data/T0015/313236/b3143s4/Android-OSS/kokoro/nightly.sh
2026-02-01 17:40:50,390 - Knowledge - INFO - process ingested knowledge for /app/data/T0015/313236/b3143s4/Android-OSS/sync/sync-test/build.gradle.kts
2026-02-01 17:40:50,761 - Knowledge - INFO - done ingest for /app/data/T0015/313236/b3143s4/Android-OSS/core/designsystem/src/main/kotlin/com/google/samples/apps/nowinandroid/core/designsystem/component/TopAppBar.kt
2026-02-01 17:40:50,779 - Knowledge - INFO - Processing batch of 4 files
2026-02-01 17:40:50,784 - Knowledge - INFO - Processing batch of 4 files
2026-02-01 17:40:50,784 - Knowledge - INFO - Processing batch of 4 files
2026-02-01 17:40:50,784 - Knowledge - INFO - Processing batch of 4 files
2026-02-01 17:40:50,786 - Knowledge - INFO - process ingested knowledge for /app/data/T0015/313236/b3143s4/Android-OSS/sync/work/src/main/kotlin/com/google/samples/apps/nowinandroid/sync/status/StubSyncSubscriber.kt
2026-02-01 17:40:50,787 - Knowledge - INFO - Async storing batch of 5 embeddings
2026-02-01 17:40:50,788 - Knowledge - INFO - [kw10] Queue=23, InProgress=0, PendingWorkers=20/20, Completed=425/484 (87.8%)
2026-02-01 17:40:50,790 - Knowledge - INFO - [WEBSOCKET] Sent: Type=progress_update, Size: 273, Duration: 0ms
2026-02-01 17:40:50,937 - Knowledge - INFO - Fast-tracked /app/data/T0015/313236/b3143s4/Android-OSS/build-logic/convention/src/main/kotlin/AndroidApplicationConventionPlugin.kt (small file (2026 bytes))
2026-02-01 17:40:51,058 - Knowledge - INFO - Fast-tracked /app/data/T0015/313236/b3143s4/Android-OSS/build-logic/convention/src/main/kotlin/AndroidLibraryConventionPlugin.kt (small file (2981 bytes))
2026-02-01 17:40:51,261 - Knowledge - INFO - Async storage completed for 5 embeddings
2026-02-01 17:40:51,274 - Knowledge - INFO - process ingested knowledge for /app/data/T0015/313236/b3143s4/Android-OSS/sync/sync-test/src/main/kotlin/com/google/samples/apps/nowinandroid/core/sync/test/NeverSyncingSyncManager.kt
2026-02-01 17:40:51,757 - Knowledge - INFO - process ingested knowledge for /app/data/T0015/313236/b3143s4/Android-OSS/kokoro/build.sh
2026-02-01 17:40:51,791 - Knowledge - INFO - process ingested knowledge for /app/data/T0015/313236/b3143s4/Android-OSS/sync/sync-test/README.md
2026-02-01 17:40:51,934 - Knowledge - INFO - process ingested knowledge for /app/data/T0015/313236/b3143s4/Android-OSS/sync/work/src/main/kotlin/com/google/samples/apps/nowinandroid/sync/initializers/SyncInitializer.kt
2026-02-01 17:40:52,032 - Knowledge - INFO - process ingested knowledge for /app/data/T0015/313236/b3143s4/Android-OSS/sync/work/src/prod/AndroidManifest.xml
2026-02-01 17:40:52,275 - Knowledge - INFO - process ingested knowledge for /app/data/T0015/313236/b3143s4/Android-OSS/CODE_OF_CONDUCT.md
2026-02-01 17:40:52,732 - Knowledge - INFO - process ingested knowledge for /app/data/T0015/313236/b3143s4/Android-OSS/ui-test-hilt-manifest/README.md
2026-02-01 17:40:52,859 - Knowledge - INFO - process ingested knowledge for /app/data/T0015/313236/b3143s4/Android-OSS/sync/work/src/main/kotlin/com/google/samples/apps/nowinandroid/sync/status/SyncSubscriber.kt
2026-02-01 17:40:53,105 - Knowledge - INFO - Worker kw20 processing /app/data/T0015/313236/b3143s4/Android-OSS/build-logic/convention/src/main/kotlin/AndroidApplicationFirebaseConventionPlugin.kt
2026-02-01 17:40:53,184 - Knowledge - INFO - Batch sizing: calculated=4, max_allowed=10, queue=23, active_workers=20/20
2026-02-01 17:40:53,309 - Knowledge - INFO - [LLM_CALL] Completed: Scrollbar.kt:chunk1, Duration: 24824ms, PromptTokens: 6606, CompletionTokens: 777, Cost: $0.00097
2026-02-01 17:40:53,462 - Knowledge - INFO - Async storage completed for 5 embeddings
2026-02-01 17:40:53,564 - Knowledge - INFO - Async storage completed for 5 embeddings
2026-02-01 17:40:53,808 - Knowledge - INFO - process ingested knowledge for /app/data/T0015/313236/b3143s4/Android-OSS/sync/sync-test/src/main/kotlin/com/google/samples/apps/nowinandroid/core/sync/test/TestSyncModule.kt
2026-02-01 17:40:53,984 - Knowledge - INFO - process ingested knowledge for /app/data/T0015/313236/b3143s4/Android-OSS/spotless/copyright.xml
2026-02-01 17:40:54,096 - Knowledge - INFO - process ingested knowledge for /app/data/T0015/313236/b3143s4/Android-OSS/sync/work/src/androidTest/kotlin/com/google/samples/apps/nowinandroid/sync/workers/SyncWorkerTest.kt
2026-02-01 17:40:54,278 - Knowledge - INFO - process ingested knowledge for /app/data/T0015/313236/b3143s4/Android-OSS/sync/work/src/prod/kotlin/com/google/samples/apps/nowinandroid/sync/services/SyncNotificationsService.kt
2026-02-01 17:40:54,412 - Knowledge - INFO - process ingested knowledge for /app/data/T0015/313236/b3143s4/Android-OSS/sync/work/src/demo/kotlin/com/google/samples/apps/nowinandroid/sync/di/SyncModule.kt
2026-02-01 17:40:54,557 - Knowledge - INFO - process ingested knowledge for /app/data/T0015/313236/b3143s4/Android-OSS/ui-test-hilt-manifest/src/main/kotlin/com/google/samples/apps/nowinandroid/uitesthiltmanifest/HiltComponentActivity.kt
2026-02-01 17:40:54,706 - Knowledge - INFO - process ingested knowledge for /app/data/T0015/313236/b3143s4/Android-OSS/build.gradle.kts
2026-02-01 17:40:54,823 - Knowledge - INFO - process ingested knowledge for /app/data/T0015/313236/b3143s4/Android-OSS/sync/work/src/main/kotlin/com/google/samples/apps/nowinandroid/sync/status/WorkManagerSyncManager.kt
2026-02-01 17:40:55,024 - Knowledge - INFO - Worker kw20 processing /app/data/T0015/313236/b3143s4/Android-OSS/build-logic/convention/src/main/kotlin/AndroidRoomConventionPlugin.kt
2026-02-01 17:40:55,278 - Knowledge - INFO - done ingest for /app/data/T0015/313236/b3143s4/Android-OSS/core/designsystem/src/main/kotlin/com/google/samples/apps/nowinandroid/core/designsystem/component/scrollbar/Scrollbar.kt
2026-02-01 17:40:55,294 - Knowledge - INFO - [kw12] Queue=19, InProgress=0, PendingWorkers=20/20, Completed=429/484 (88.6%)
2026-02-01 17:40:55,299 - Knowledge - INFO - [WEBSOCKET] Sent: Type=unknown, Size: ?, Duration: 4509ms
2026-02-01 17:40:56,409 - Knowledge - INFO - process ingested knowledge for /app/data/T0015/313236/b3143s4/Android-OSS/sync/work/src/prod/kotlin/com/google/samples/apps/nowinandroid/sync/status/FirebaseSyncSubscriber.kt
2026-02-01 17:40:56,577 - Knowledge - INFO - process ingested knowledge for /app/data/T0015/313236/b3143s4/Android-OSS/ui-test-hilt-manifest/src/main/AndroidManifest.xml
2026-02-01 17:40:56,578 - Knowledge - INFO - process ingested knowledge for /app/data/T0015/313236/b3143s4/Android-OSS/sync/work/build.gradle.kts
2026-02-01 17:40:56,580 - Knowledge - INFO - process ingested knowledge for /app/data/T0015/313236/b3143s4/Android-OSS/README.md
2026-02-01 17:40:56,690 - Knowledge - INFO - Fast-tracked /app/data/T0015/313236/b3143s4/Android-OSS/build-logic/convention/src/main/kotlin/AndroidRoomConventionPlugin.kt (ext=.kt, size=1923)
2026-02-01 17:40:56,869 - Knowledge - INFO - Batch sizing: calculated=4, max_allowed=10, queue=19, active_workers=20/20
2026-02-01 17:40:56,946 - Knowledge - INFO - Progress: 87.8% | Files: 437/484 | Rate: 2.06 files/sec | Queue: 19
2026-02-01 17:40:56,946 - Knowledge - INFO - Processing batch of 4 files
2026-02-01 17:40:56,948 - Knowledge - INFO - [LLM_CALL] Completed: SyncWorker.kt:chunk1, Duration: 18448ms, PromptTokens: 2510, CompletionTokens: 869, Cost: $0.00060
2026-02-01 17:40:57,302 - Knowledge - INFO - process ingested knowledge for /app/data/T0015/313236/b3143s4/Android-OSS/ui-test-hilt-manifest/build.gradle.kts
2026-02-01 17:40:57,380 - Knowledge - INFO - process ingested knowledge for /app/data/T0015/313236/b3143s4/Android-OSS/sync/work/README.md
2026-02-01 17:40:57,380 - Knowledge - INFO - process ingested knowledge for /app/data/T0015/313236/b3143s4/Android-OSS/sync/work/src/prod/kotlin/com/google/samples/apps/nowinandroid/sync/di/SyncModule.kt
2026-02-01 17:40:57,380 - Knowledge - INFO - process ingested knowledge for /app/data/T0015/313236/b3143s4/Android-OSS/build-logic/settings.gradle.kts
2026-02-01 17:40:57,414 - Knowledge - INFO - Worker kw20 processing /app/data/T0015/313236/b3143s4/Android-OSS/build-logic/convention/src/main/kotlin/AndroidApplicationJacocoConventionPlugin.kt
2026-02-01 17:40:57,583 - Knowledge - INFO - [kw14] Queue=15, InProgress=0, PendingWorkers=20/20, Completed=441/484 (91.1%)
2026-02-01 17:40:57,671 - Knowledge - INFO - process ingested knowledge for /app/data/T0015/313236/b3143s4/Android-OSS/build-logic/README.md
2026-02-01 17:40:57,752 - Knowledge - INFO - done ingest for /app/data/T0015/313236/b3143s4/Android-OSS/sync/work/src/main/kotlin/com/google/samples/apps/nowinandroid/sync/workers/SyncWorker.kt
2026-02-01 17:40:57,752 - Knowledge - INFO - Async storing batch of 4 embeddings
2026-02-01 17:40:57,752 - Knowledge - INFO - [LLM_CALL] Completed: AppScrollbars.kt:chunk1, Duration: 31834ms, PromptTokens: 4424, CompletionTokens: 898, Cost: $0.00080
2026-02-01 17:40:58,183 - Knowledge - INFO - Fast-tracked /app/data/T0015/313236/b3143s4/Android-OSS/build-logic/convention/src/main/kotlin/AndroidApplicationJacocoConventionPlugin.kt (ext=.kt, size=1409)
2026-02-01 17:40:58,283 - Knowledge - INFO - Batch sizing: calculated=4, max_allowed=10, queue=15, active_workers=20/20
2026-02-01 17:40:58,537 - Knowledge - INFO - process ingested knowledge for /app/data/T0015/313236/b3143s4/Android-OSS/build-logic/convention/src/main/kotlin/HiltConventionPlugin.kt
2026-02-01 17:40:58,562 - Knowledge - INFO - Worker kw10 processing /app/data/T0015/313236/b3143s4/Android-OSS/build-logic/convention/src/main/kotlin/AndroidLintConventionPlugin.kt
2026-02-01 17:40:58,648 - Knowledge - INFO - done ingest for /app/data/T0015/313236/b3143s4/Android-OSS/core/designsystem/src/main/kotlin/com/google/samples/apps/nowinandroid/core/designsystem/component/scrollbar/AppScrollbars.kt
2026-02-01 17:40:58,648 - Knowledge - INFO - Processing batch of 4 files
2026-02-01 17:40:58,649 - Knowledge - INFO - Processing batch of 4 files
2026-02-01 17:40:58,649 - Knowledge - INFO - [LLM_CALL] Completed: DynamicAsyncImage.kt:chunk1, Duration: 19527ms, PromptTokens: 2134, CompletionTokens: 325, Cost: $0.00034
2026-02-01 17:40:58,731 - Knowledge - INFO - Worker kw20 processing /app/data/T0015/313236/b3143s4/Android-OSS/build-logic/convention/src/main/kotlin/AndroidLibraryComposeConventionPlugin.kt
2026-02-01 17:40:58,891 - Knowledge - INFO - process ingested knowledge for /app/data/T0015/313236/b3143s4/Android-OSS/build-logic/convention/src/main/kotlin/AndroidTestConventionPlugin.kt
2026-02-01 17:40:58,962 - Knowledge - INFO - Fast-tracked /app/data/T0015/313236/b3143s4/Android-OSS/build-logic/convention/src/main/kotlin/AndroidLintConventionPlugin.kt (ext=.kt, size=1646)
2026-02-01 17:40:59,190 - Knowledge - INFO - process ingested knowledge for /app/data/T0015/313236/b3143s4/Android-OSS/build-logic/convention/src/main/kotlin/AndroidApplicationConventionPlugin.kt
2026-02-01 17:40:59,278 - Knowledge - INFO - process ingested knowledge for /app/data/T0015/313236/b3143s4/Android-OSS/build-logic/convention/src/main/kotlin/AndroidFeatureImplConventionPlugin.kt
2026-02-01 17:40:59,356 - Knowledge - INFO - done ingest for /app/data/T0015/313236/b3143s4/Android-OSS/core/designsystem/src/main/kotlin/com/google/samples/apps/nowinandroid/core/designsystem/component/DynamicAsyncImage.kt
2026-02-01 17:40:59,357 - Knowledge - INFO - [LLM_CALL] Completed: Chip.kt:chunk1, Duration: 27447ms, PromptTokens: 2742, CompletionTokens: 516, Cost: $0.00048
2026-02-01 17:40:59,437 - Knowledge - INFO - Fast-tracked /app/data/T0015/313236/b3143s4/Android-OSS/build-logic/convention/src/main/kotlin/AndroidLibraryComposeConventionPlugin.kt (ext=.kt, size=1249)
2026-02-01 17:40:59,533 - Knowledge - INFO - process ingested knowledge for /app/data/T0015/313236/b3143s4/Android-OSS/build-logic/convention/src/main/kotlin/RootPlugin.kt
2026-02-01 17:40:59,609 - Knowledge - INFO - Worker kw10 processing /app/data/T0015/313236/b3143s4/Android-OSS/build-logic/convention/src/main/kotlin/com/google/samples/apps/nowinandroid/AndroidCompose.kt
2026-02-01 17:40:59,725 - Knowledge - INFO - process ingested knowledge for /app/data/T0015/313236/b3143s4/Android-OSS/build-logic/convention/src/main/kotlin/AndroidLibraryJacocoConventionPlugin.kt
2026-02-01 17:40:59,799 - Knowledge - INFO - process ingested knowledge for /app/data/T0015/313236/b3143s4/Android-OSS/build-logic/convention/src/main/kotlin/JvmLibraryConventionPlugin.kt
2026-02-01 17:41:00,030 - Knowledge - INFO - done ingest for /app/data/T0015/313236/b3143s4/Android-OSS/core/designsystem/src/main/kotlin/com/google/samples/apps/nowinandroid/core/designsystem/component/Chip.kt
2026-02-01 17:41:00,043 - Knowledge - INFO - Processing batch of 4 files
2026-02-01 17:41:00,043 - Knowledge - INFO - [kw11] Queue=11, InProgress=0, PendingWorkers=20/20, Completed=445/484 (91.9%)
2026-02-01 17:41:00,059 - Knowledge - INFO - Processing batch of 4 files
2026-02-01 17:41:00,177 - Knowledge - INFO - Async storing batch of 4 embeddings
2026-02-01 17:41:00,180 - Knowledge - INFO - Fast-tracked /app/data/T0015/313236/b3143s4/Android-OSS/build-logic/convention/src/main/kotlin/AndroidApplicationFirebaseConventionPlugin.kt (small file (2808 bytes))
2026-02-01 17:41:00,256 - Knowledge - INFO - [LLM_CALL] Completed: IconButton.kt:chunk1, Duration: 29306ms, PromptTokens: 2510, CompletionTokens: 482, Cost: $0.00044
2026-02-01 17:41:00,595 - Knowledge - INFO - Worker kw10 processing /app/data/T0015/313236/b3143s4/Android-OSS/build-logic/convention/src/main/kotlin/com/google/samples/apps/nowinandroid/ProjectExtensions.kt
2026-02-01 17:41:00,849 - Knowledge - INFO - process ingested knowledge for /app/data/T0015/313236/b3143s4/Android-OSS/build-logic/convention/src/main/kotlin/AndroidApplicationComposeConventionPlugin.kt
2026-02-01 17:41:00,862 - Knowledge - INFO - process ingested knowledge for /app/data/T0015/313236/b3143s4/Android-OSS/build-logic/convention/src/main/kotlin/AndroidApplicationFlavorsConventionPlugin.kt
2026-02-01 17:41:01,100 - Knowledge - INFO - process ingested knowledge for /app/data/T0015/313236/b3143s4/Android-OSS/core/designsystem/src/main/kotlin/com/google/samples/apps/nowinandroid/core/designsystem/component/LoadingWheel.kt
2026-02-01 17:41:01,194 - Knowledge - INFO - Batch sizing: calculated=4, max_allowed=10, queue=11, active_workers=20/20
2026-02-01 17:41:01,302 - Knowledge - INFO - process ingested knowledge for /app/data/T0015/313236/b3143s4/Android-OSS/sync/work/src/main/kotlin/com/google/samples/apps/nowinandroid/sync/workers/SyncWorker.kt
2026-02-01 17:41:01,400 - Knowledge - INFO - Worker kw14 processing /app/data/T0015/313236/b3143s4/Android-OSS/build-logic/convention/src/main/kotlin/com/google/samples/apps/nowinandroid/AndroidInstrumentedTests.kt
2026-02-01 17:41:01,485 - Knowledge - INFO - Async storage completed for 5 embeddings
2026-02-01 17:41:01,572 - Knowledge - INFO - done ingest for /app/data/T0015/313236/b3143s4/Android-OSS/core/designsystem/src/main/kotlin/com/google/samples/apps/nowinandroid/core/designsystem/component/IconButton.kt
2026-02-01 17:41:01,573 - Knowledge - INFO - [kw1] Queue=11, InProgress=0, PendingWorkers=20/20, Completed=445/484 (91.9%)
2026-02-01 17:41:01,574 - Knowledge - INFO - [kw6] Queue=11, InProgress=0, PendingWorkers=20/20, Completed=445/484 (91.9%)
2026-02-01 17:41:01,574 - Knowledge - INFO - Async storing batch of 5 embeddings
2026-02-01 17:41:01,574 - Knowledge - INFO - [kw15] Queue=11, InProgress=0, PendingWorkers=20/20, Completed=445/484 (91.9%)
2026-02-01 17:41:01,574 - Knowledge - INFO - [kw4] Queue=11, InProgress=0, PendingWorkers=20/20, Completed=445/484 (91.9%)
2026-02-01 17:41:01,574 - Knowledge - INFO - [LLM_CALL] Completed: Tabs.kt:chunk1, Duration: 18311ms, PromptTokens: 2528, CompletionTokens: 511, Cost: $0.00046
2026-02-01 17:41:01,657 - Knowledge - INFO - Fast-tracked /app/data/T0015/313236/b3143s4/Android-OSS/build-logic/convention/src/main/kotlin/com/google/samples/apps/nowinandroid/ProjectExtensions.kt (ext=.kt, size=945)
2026-02-01 17:41:01,755 - Knowledge - INFO - process ingested knowledge for /app/data/T0015/313236/b3143s4/Android-OSS/build-logic/convention/src/main/kotlin/AndroidFeatureApiConventionPlugin.kt
2026-02-01 17:41:01,869 - Knowledge - INFO - process ingested knowledge for /app/data/T0015/313236/b3143s4/Android-OSS/build-logic/convention/src/main/kotlin/AndroidLibraryConventionPlugin.kt
2026-02-01 17:41:01,945 - Knowledge - INFO - process ingested knowledge for /app/data/T0015/313236/b3143s4/Android-OSS/core/designsystem/src/main/kotlin/com/google/samples/apps/nowinandroid/core/designsystem/component/scrollbar/ScrollbarExt.kt
2026-02-01 17:41:02,117 - Knowledge - INFO - process ingested knowledge for /app/data/T0015/313236/b3143s4/Android-OSS/sync/work/src/main/kotlin/com/google/samples/apps/nowinandroid/sync/workers/AnalyticsExtensions.kt
2026-02-01 17:41:02,198 - Knowledge - INFO - Fast-tracked /app/data/T0015/313236/b3143s4/Android-OSS/build-logic/convention/src/main/kotlin/com/google/samples/apps/nowinandroid/AndroidInstrumentedTests.kt (ext=.kt, size=1376)
2026-02-01 17:41:02,575 - Knowledge - INFO - Batch sizing: calculated=4, max_allowed=10, queue=11, active_workers=20/20
2026-02-01 17:41:02,657 - Knowledge - INFO - Batch sizing: calculated=4, max_allowed=10, queue=11, active_workers=20/20
2026-02-01 17:41:02,729 - Knowledge - INFO - Worker kw12 processing /app/data/T0015/313236/b3143s4/Android-OSS/build-logic/convention/src/main/kotlin/com/google/samples/apps/nowinandroid/GradleManagedDevices.kt
2026-02-01 17:41:02,808 - Knowledge - INFO - Batch sizing: calculated=4, max_allowed=10, queue=11, active_workers=20/20
2026-02-01 17:41:02,890 - Knowledge - INFO - Batch sizing: calculated=4, max_allowed=10, queue=11, active_workers=20/20
2026-02-01 17:41:03,002 - Knowledge - INFO - done ingest for /app/data/T0015/313236/b3143s4/Android-OSS/core/designsystem/src/main/kotlin/com/google/samples/apps/nowinandroid/core/designsystem/component/Tabs.kt
2026-02-01 17:41:03,004 - Knowledge - INFO - [LLM_CALL] Completed: Button.kt:chunk1, Duration: 26429ms, PromptTokens: 5148, CompletionTokens: 821, Cost: $0.00084
2026-02-01 17:41:03,088 - Knowledge - INFO - Worker kw10 processing /app/data/T0015/313236/b3143s4/Android-OSS/build-logic/convention/src/main/kotlin/com/google/samples/apps/nowinandroid/Jacoco.kt
2026-02-01 17:41:03,433 - Knowledge - INFO - process ingested knowledge for /app/data/T0015/313236/b3143s4/Android-OSS/core/designsystem/src/main/kotlin/com/google/samples/apps/nowinandroid/core/designsystem/component/scrollbar/ThumbExt.kt
2026-02-01 17:41:03,497 - Knowledge - INFO - process ingested knowledge for /app/data/T0015/313236/b3143s4/Android-OSS/sync/work/src/main/kotlin/com/google/samples/apps/nowinandroid/sync/workers/DelegatingWorker.kt
2026-02-01 17:41:03,544 - Knowledge - INFO - Worker kw14 processing /app/data/T0015/313236/b3143s4/Android-OSS/build-logic/convention/src/main/kotlin/com/google/samples/apps/nowinandroid/NiaBuildType.kt
2026-02-01 17:41:03,882 - Knowledge - INFO - Worker kw12 processing /app/data/T0015/313236/b3143s4/Android-OSS/build-logic/convention/src/main/kotlin/com/google/samples/apps/nowinandroid/Spotless.kt
2026-02-01 17:41:04,312 - Knowledge - INFO - done ingest for /app/data/T0015/313236/b3143s4/Android-OSS/core/designsystem/src/main/kotlin/com/google/samples/apps/nowinandroid/core/designsystem/component/Button.kt
2026-02-01 17:41:04,320 - Knowledge - INFO - Async storing batch of 4 embeddings
2026-02-01 17:41:04,342 - Knowledge - INFO - Processing batch of 4 files
2026-02-01 17:41:04,353 - Knowledge - INFO - [LLM_CALL] Completed: ViewToggle.kt:chunk1, Duration: 27777ms, PromptTokens: 2896, CompletionTokens: 584, Cost: $0.00052
2026-02-01 17:41:04,602 - Knowledge - INFO - Fast-tracked /app/data/T0015/313236/b3143s4/Android-OSS/build-logic/convention/src/main/kotlin/com/google/samples/apps/nowinandroid/AndroidCompose.kt (small file (2555 bytes))
2026-02-01 17:41:04,758 - Knowledge - INFO - process ingested knowledge for /app/data/T0015/313236/b3143s4/Android-OSS/sync/work/src/main/kotlin/com/google/samples/apps/nowinandroid/sync/initializers/SyncWorkHelpers.kt
2026-02-01 17:41:04,875 - Knowledge - INFO - Fast-tracked /app/data/T0015/313236/b3143s4/Android-OSS/build-logic/convention/src/main/kotlin/com/google/samples/apps/nowinandroid/NiaBuildType.kt (ext=.kt, size=867)
2026-02-01 17:41:04,888 - Knowledge - INFO - process ingested knowledge for /app/data/T0015/313236/b3143s4/Android-OSS/core/designsystem/src/main/kotlin/com/google/samples/apps/nowinandroid/core/designsystem/component/scrollbar/Scrollbar.kt
2026-02-01 17:41:04,936 - Knowledge - INFO - Worker kw12 processing /app/data/T0015/313236/b3143s4/Android-OSS/build-logic/convention/src/main/kotlin/com/google/samples/apps/nowinandroid/PrintTestApks.kt
2026-02-01 17:41:05,091 - Knowledge - INFO - Worker kw11 processing /app/data/T0015/313236/b3143s4/Android-OSS/build-logic/convention/src/main/kotlin/com/google/samples/apps/nowinandroid/NiaFlavor.kt
2026-02-01 17:41:05,202 - Knowledge - INFO - process ingested knowledge for /app/data/T0015/313236/b3143s4/Android-OSS/build-logic/convention/src/main/kotlin/AndroidApplicationFirebaseConventionPlugin.kt
2026-02-01 17:41:05,285 - Knowledge - INFO - done ingest for /app/data/T0015/313236/b3143s4/Android-OSS/core/designsystem/src/main/kotlin/com/google/samples/apps/nowinandroid/core/designsystem/component/ViewToggle.kt
2026-02-01 17:41:05,287 - Knowledge - INFO - Async storing batch of 4 embeddings
2026-02-01 17:41:05,287 - Knowledge - INFO - Async storing batch of 4 embeddings
2026-02-01 17:41:05,287 - Knowledge - INFO - [WEBSOCKET] Sent: Type=progress_update, Size: 273, Duration: 3714ms
2026-02-01 17:41:05,560 - Knowledge - INFO - Worker kw14 processing /app/data/T0015/313236/b3143s4/Android-OSS/build-logic/convention/src/main/kotlin/com/google/samples/apps/nowinandroid/Graph.kt
2026-02-01 17:41:05,755 - Knowledge - INFO - Worker kw12 processing /app/data/T0015/313236/b3143s4/Android-OSS/build-logic/convention/src/main/kotlin/com/google/samples/apps/nowinandroid/Badging.kt
2026-02-01 17:41:05,825 - Knowledge - INFO - Worker kw11 processing /app/data/T0015/313236/b3143s4/Android-OSS/build-logic/convention/build.gradle.kts
2026-02-01 17:41:05,969 - Knowledge - INFO - process ingested knowledge for /app/data/T0015/313236/b3143s4/Android-OSS/build-logic/convention/src/main/kotlin/AndroidRoomConventionPlugin.kt
2026-02-01 17:41:06,080 - Knowledge - INFO - Worker kw1 processing /app/data/T0015/313236/b3143s4/Android-OSS/lint/src/test/kotlin/com/google/samples/apps/nowinandroid/lint/designsystem/DesignSystemDetectorTest.kt
2026-02-01 17:41:06,175 - Knowledge - INFO - Worker kw6 processing /app/data/T0015/313236/b3143s4/Android-OSS/lint/build.gradle.kts
2026-02-01 17:41:06,292 - Knowledge - INFO - [LLM_CALL] Completed: Navigation.kt:chunk1, Duration: 29717ms, PromptTokens: 6108, CompletionTokens: 913, Cost: $0.00098
2026-02-01 17:41:06,383 - Knowledge - INFO - Worker kw14 processing /app/data/T0015/313236/b3143s4/Android-OSS/build-logic/convention/src/main/kotlin/com/google/samples/apps/nowinandroid/KotlinAndroid.kt
2026-02-01 17:41:06,466 - Knowledge - INFO - Fast-tracked /app/data/T0015/313236/b3143s4/Android-OSS/build-logic/convention/src/main/kotlin/com/google/samples/apps/nowinandroid/GradleManagedDevices.kt (small file (2351 bytes))
2026-02-01 17:41:06,572 - Knowledge - INFO - Worker kw11 processing /app/data/T0015/313236/b3143s4/Android-OSS/CONTRIBUTING.md
2026-02-01 17:41:06,656 - Knowledge - INFO - process ingested knowledge for /app/data/T0015/313236/b3143s4/Android-OSS/build-logic/convention/src/main/kotlin/AndroidApplicationJacocoConventionPlugin.kt
2026-02-01 17:41:06,789 - Knowledge - INFO - Fast-tracked /app/data/T0015/313236/b3143s4/Android-OSS/lint/src/test/kotlin/com/google/samples/apps/nowinandroid/lint/designsystem/DesignSystemDetectorTest.kt (ext=.kt, size=7033)
2026-02-01 17:41:06,864 - Knowledge - INFO - Fast-tracked /app/data/T0015/313236/b3143s4/Android-OSS/lint/build.gradle.kts (ext=.kts, size=1296)
2026-02-01 17:41:06,938 - Knowledge - INFO - done ingest for /app/data/T0015/313236/b3143s4/Android-OSS/core/designsystem/src/main/kotlin/com/google/samples/apps/nowinandroid/core/designsystem/component/Navigation.kt
2026-02-01 17:41:06,939 - Knowledge - INFO - Processing batch of 4 files
2026-02-01 17:41:06,941 - Knowledge - INFO - Processing batch of 4 files
2026-02-01 17:41:06,941 - Knowledge - INFO - [WEBSOCKET] Sent: Type=unknown, Size: ?, Duration: 6900ms
2026-02-01 17:41:07,161 - Knowledge - INFO - Fast-tracked /app/data/T0015/313236/b3143s4/Android-OSS/build-logic/convention/src/main/kotlin/com/google/samples/apps/nowinandroid/Spotless.kt (small file (2940 bytes))
2026-02-01 17:41:07,234 - Knowledge - INFO - Fast-tracked /app/data/T0015/313236/b3143s4/Android-OSS/CONTRIBUTING.md (ext=.md, size=1629)
2026-02-01 17:41:07,331 - Knowledge - INFO - process ingested knowledge for /app/data/T0015/313236/b3143s4/Android-OSS/build-logic/convention/src/main/kotlin/AndroidLibraryComposeConventionPlugin.kt
2026-02-01 17:41:07,454 - Knowledge - INFO - Worker kw1 processing /app/data/T0015/313236/b3143s4/Android-OSS/lint/src/main/kotlin/com/google/samples/apps/nowinandroid/lint/TestMethodNameDetector.kt
2026-02-01 17:41:07,570 - Knowledge - INFO - Worker kw6 processing /app/data/T0015/313236/b3143s4/Android-OSS/lint/README.md
2026-02-01 17:41:07,793 - Knowledge - INFO - Async storage completed for 4 embeddings
2026-02-01 17:41:07,884 - Knowledge - INFO - process ingested knowledge for /app/data/T0015/313236/b3143s4/Android-OSS/core/designsystem/src/main/kotlin/com/google/samples/apps/nowinandroid/core/designsystem/component/TopAppBar.kt
2026-02-01 17:41:08,125 - Knowledge - INFO - process ingested knowledge for /app/data/T0015/313236/b3143s4/Android-OSS/core/designsystem/src/main/kotlin/com/google/samples/apps/nowinandroid/core/designsystem/component/scrollbar/AppScrollbars.kt
2026-02-01 17:41:08,238 - Knowledge - INFO - Progress: 91.9% | Files: 457/484 | Rate: 2.06 files/sec | Queue: 0
2026-02-01 17:41:08,279 - Knowledge - INFO - [WEBSOCKET] Sent: Type=progress_update, Size: 274, Duration: 17ms
2026-02-01 17:41:08,434 - Knowledge - INFO - Worker kw11 processing /app/data/T0015/313236/b3143s4/Android-OSS/lint/src/test/kotlin/com/google/samples/apps/nowinandroid/lint/TestMethodNameDetectorTest.kt
2026-02-01 17:41:08,640 - Knowledge - INFO - Worker kw1 processing /app/data/T0015/313236/b3143s4/Android-OSS/lint/src/main/kotlin/com/google/samples/apps/nowinandroid/lint/NiaIssueRegistry.kt
2026-02-01 17:41:08,715 - Knowledge - INFO - Fast-tracked /app/data/T0015/313236/b3143s4/Android-OSS/lint/README.md (ext=.md, size=1401)
2026-02-01 17:41:08,940 - Knowledge - INFO - process ingested knowledge for /app/data/T0015/313236/b3143s4/Android-OSS/core/designsystem/src/main/kotlin/com/google/samples/apps/nowinandroid/core/designsystem/component/Chip.kt
2026-02-01 17:41:09,027 - Knowledge - INFO - process ingested knowledge for /app/data/T0015/313236/b3143s4/Android-OSS/core/designsystem/src/main/kotlin/com/google/samples/apps/nowinandroid/core/designsystem/component/scrollbar/LazyScrollbarUtilities.kt
2026-02-01 17:41:09,224 - Knowledge - INFO - [LLM_CALL] Completed: Background.kt:chunk1, Duration: 38292ms, PromptTokens: 3510, CompletionTokens: 991, Cost: $0.00075
2026-02-01 17:41:09,310 - Knowledge - INFO - Fast-tracked /app/data/T0015/313236/b3143s4/Android-OSS/lint/src/test/kotlin/com/google/samples/apps/nowinandroid/lint/TestMethodNameDetectorTest.kt (ext=.kt, size=4443)
2026-02-01 17:41:09,400 - Knowledge - INFO - Fast-tracked /app/data/T0015/313236/b3143s4/Android-OSS/lint/src/main/kotlin/com/google/samples/apps/nowinandroid/lint/NiaIssueRegistry.kt (ext=.kt, size=1407)
2026-02-01 17:41:09,507 - Knowledge - INFO - Worker kw6 processing /app/data/T0015/313236/b3143s4/Android-OSS/gradle/libs.versions.toml
2026-02-01 17:41:09,592 - Knowledge - INFO - process ingested knowledge for /app/data/T0015/313236/b3143s4/Android-OSS/core/designsystem/src/main/kotlin/com/google/samples/apps/nowinandroid/core/designsystem/component/Button.kt
2026-02-01 17:41:09,714 - Knowledge - INFO - process ingested knowledge for /app/data/T0015/313236/b3143s4/Android-OSS/core/designsystem/src/main/kotlin/com/google/samples/apps/nowinandroid/core/designsystem/component/IconButton.kt
2026-02-01 17:41:09,811 - Knowledge - INFO - done ingest for /app/data/T0015/313236/b3143s4/Android-OSS/core/designsystem/src/main/kotlin/com/google/samples/apps/nowinandroid/core/designsystem/component/Background.kt
2026-02-01 17:41:09,813 - Knowledge - INFO - [WEBSOCKET] Sent: Type=unknown, Size: ?, Duration: 1551ms
2026-02-01 17:41:09,928 - Knowledge - INFO - Fast-tracked /app/data/T0015/313236/b3143s4/Android-OSS/build-logic/convention/src/main/kotlin/com/google/samples/apps/nowinandroid/NiaFlavor.kt (small file (2338 bytes))
2026-02-01 17:41:10,012 - Knowledge - INFO - Worker kw1 processing /app/data/T0015/313236/b3143s4/Android-OSS/lint/src/main/kotlin/com/google/samples/apps/nowinandroid/lint/designsystem/DesignSystemDetector.kt
2026-02-01 17:41:10,116 - Knowledge - INFO - Fast-tracked /app/data/T0015/313236/b3143s4/Android-OSS/gradle/libs.versions.toml (ext=.toml, size=16522)
2026-02-01 17:41:10,197 - Knowledge - INFO - process ingested knowledge for /app/data/T0015/313236/b3143s4/Android-OSS/core/designsystem/src/main/kotlin/com/google/samples/apps/nowinandroid/core/designsystem/component/Tag.kt
2026-02-01 17:41:10,318 - Knowledge - INFO - process ingested knowledge for /app/data/T0015/313236/b3143s4/Android-OSS/core/designsystem/src/main/kotlin/com/google/samples/apps/nowinandroid/core/designsystem/component/ViewToggle.kt
2026-02-01 17:41:10,501 - Knowledge - INFO - Progress: 94.4% | Files: 461/484 | Rate: 2.02 files/sec | Queue: 0
2026-02-01 17:41:10,502 - Knowledge - INFO - Processing batch of 4 files
2026-02-01 17:41:10,782 - Knowledge - INFO - Async storage completed for 4 embeddings
2026-02-01 17:41:11,117 - Knowledge - INFO - process ingested knowledge for /app/data/T0015/313236/b3143s4/Android-OSS/core/designsystem/src/main/kotlin/com/google/samples/apps/nowinandroid/core/designsystem/component/Background.kt
2026-02-01 17:41:11,207 - Knowledge - INFO - Processing batch of 3 files
2026-02-01 17:41:11,304 - Knowledge - INFO - process ingested knowledge for /app/data/T0015/313236/b3143s4/Android-OSS/core/designsystem/src/main/kotlin/com/google/samples/apps/nowinandroid/core/designsystem/component/Navigation.kt
2026-02-01 17:41:11,381 - Knowledge - INFO - process ingested knowledge for /app/data/T0015/313236/b3143s4/Android-OSS/lint/build.gradle.kts
2026-02-01 17:41:11,559 - Knowledge - INFO - process ingested knowledge for /app/data/T0015/313236/b3143s4/Android-OSS/core/designsystem/src/main/kotlin/com/google/samples/apps/nowinandroid/core/designsystem/component/DynamicAsyncImage.kt
2026-02-01 17:41:11,586 - Knowledge - INFO - process ingested knowledge for /app/data/T0015/313236/b3143s4/Android-OSS/lint/README.md
2026-02-01 17:41:11,770 - Knowledge - INFO - process ingested knowledge for /app/data/T0015/313236/b3143s4/Android-OSS/core/designsystem/src/main/kotlin/com/google/samples/apps/nowinandroid/core/designsystem/component/Tabs.kt
2026-02-01 17:41:11,853 - Knowledge - INFO - process ingested knowledge for /app/data/T0015/313236/b3143s4/Android-OSS/gradle/libs.versions.toml
2026-02-01 17:41:12,114 - Knowledge - INFO - Async storage completed for 4 embeddings
2026-02-01 17:41:12,892 - Knowledge - INFO - Async storage completed for 5 embeddings
2026-02-01 17:41:13,370 - Knowledge - INFO - [LLM_CALL] Completed: Jacoco.kt:chunk1, Duration: 6430ms, PromptTokens: 2922, CompletionTokens: 575, Cost: $0.00052
2026-02-01 17:41:13,613 - Knowledge - INFO - done ingest for /app/data/T0015/313236/b3143s4/Android-OSS/build-logic/convention/src/main/kotlin/com/google/samples/apps/nowinandroid/Jacoco.kt
2026-02-01 17:41:13,963 - Knowledge - INFO - Async storage completed for 4 embeddings
2026-02-01 17:41:14,077 - Knowledge - INFO - Processing batch of 4 files
2026-02-01 17:41:14,296 - Knowledge - INFO - process ingested knowledge for /app/data/T0015/313236/b3143s4/Android-OSS/build-logic/convention/src/main/kotlin/AndroidLintConventionPlugin.kt
2026-02-01 17:41:14,835 - Knowledge - INFO - process ingested knowledge for /app/data/T0015/313236/b3143s4/Android-OSS/build-logic/convention/src/main/kotlin/com/google/samples/apps/nowinandroid/AndroidCompose.kt
2026-02-01 17:41:15,133 - Knowledge - INFO - Async storage completed for 4 embeddings
2026-02-01 17:41:15,278 - Knowledge - INFO - [LLM_CALL] Completed: KotlinAndroid.kt:chunk1, Duration: 5465ms, PromptTokens: 2514, CompletionTokens: 309, Cost: $0.00038
2026-02-01 17:41:15,307 - Knowledge - INFO - process ingested knowledge for /app/data/T0015/313236/b3143s4/Android-OSS/build-logic/convention/src/main/kotlin/com/google/samples/apps/nowinandroid/ProjectExtensions.kt
2026-02-01 17:41:15,492 - Knowledge - INFO - done ingest for /app/data/T0015/313236/b3143s4/Android-OSS/build-logic/convention/src/main/kotlin/com/google/samples/apps/nowinandroid/KotlinAndroid.kt
2026-02-01 17:41:15,820 - Knowledge - INFO - process ingested knowledge for /app/data/T0015/313236/b3143s4/Android-OSS/build-logic/convention/src/main/kotlin/com/google/samples/apps/nowinandroid/Jacoco.kt
2026-02-01 17:41:19,668 - Knowledge - INFO - [LLM_CALL] Completed: PrintTestApks.kt:chunk1, Duration: 10444ms, PromptTokens: 2436, CompletionTokens: 597, Cost: $0.00048
2026-02-01 17:41:19,970 - Knowledge - INFO - done ingest for /app/data/T0015/313236/b3143s4/Android-OSS/build-logic/convention/src/main/kotlin/com/google/samples/apps/nowinandroid/PrintTestApks.kt
2026-02-01 17:41:20,329 - Knowledge - INFO - [WEBSOCKET] Sent: Type=progress_update, Size: 272, Duration: 0ms
2026-02-01 17:41:20,609 - Knowledge - INFO - [LLM_CALL] Completed: build.gradle.kts:chunk1, Duration: 10014ms, PromptTokens: 2748, CompletionTokens: 630, Cost: $0.00053
2026-02-01 17:41:20,846 - Knowledge - INFO - done ingest for /app/data/T0015/313236/b3143s4/Android-OSS/build-logic/convention/build.gradle.kts
2026-02-01 17:41:20,857 - Knowledge - INFO - [WEBSOCKET] Sent: Type=unknown, Size: ?, Duration: 528ms
2026-02-01 17:41:21,247 - Knowledge - INFO - Progress: 96.7% | Files: 468/484 | Rate: 1.94 files/sec | Queue: 0
2026-02-01 17:41:21,254 - Knowledge - INFO - [LLM_CALL] Completed: Graph.kt:chunk1, Duration: 12982ms, PromptTokens: 6534, CompletionTokens: 975, Cost: $0.00104
2026-02-01 17:41:21,728 - Knowledge - INFO - done ingest for /app/data/T0015/313236/b3143s4/Android-OSS/build-logic/convention/src/main/kotlin/com/google/samples/apps/nowinandroid/Graph.kt
2026-02-01 17:41:21,736 - Knowledge - INFO - [LLM_CALL] Completed: Badging.kt:chunk1, Duration: 11234ms, PromptTokens: 3078, CompletionTokens: 716, Cost: $0.00059
2026-02-01 17:41:22,366 - Knowledge - INFO - done ingest for /app/data/T0015/313236/b3143s4/Android-OSS/build-logic/convention/src/main/kotlin/com/google/samples/apps/nowinandroid/Badging.kt
2026-02-01 17:41:22,379 - Knowledge - INFO - Processing batch of 4 files
2026-02-01 17:41:22,636 - Knowledge - INFO - Processing batch of 4 files
2026-02-01 17:41:22,781 - Knowledge - INFO - process ingested knowledge for /app/data/T0015/313236/b3143s4/Android-OSS/build-logic/convention/src/main/kotlin/com/google/samples/apps/nowinandroid/NiaFlavor.kt
2026-02-01 17:41:22,852 - Knowledge - INFO - [LLM_CALL] Completed: TestMethodNameDetector.kt:chunk1, Duration: 12180ms, PromptTokens: 2728, CompletionTokens: 713, Cost: $0.00056
2026-02-01 17:41:22,884 - Knowledge - INFO - process ingested knowledge for /app/data/T0015/313236/b3143s4/Android-OSS/build-logic/convention/src/main/kotlin/com/google/samples/apps/nowinandroid/AndroidInstrumentedTests.kt
2026-02-01 17:41:22,998 - Knowledge - INFO - process ingested knowledge for /app/data/T0015/313236/b3143s4/Android-OSS/build-logic/convention/build.gradle.kts
2026-02-01 17:41:23,091 - Knowledge - INFO - done ingest for /app/data/T0015/313236/b3143s4/Android-OSS/lint/src/main/kotlin/com/google/samples/apps/nowinandroid/lint/TestMethodNameDetector.kt
2026-02-01 17:41:23,092 - Knowledge - INFO - Processing batch of 4 files
2026-02-01 17:41:23,161 - Knowledge - INFO - process ingested knowledge for /app/data/T0015/313236/b3143s4/Android-OSS/build-logic/convention/src/main/kotlin/com/google/samples/apps/nowinandroid/NiaBuildType.kt
2026-02-01 17:41:23,290 - Knowledge - INFO - process ingested knowledge for /app/data/T0015/313236/b3143s4/Android-OSS/CONTRIBUTING.md
2026-02-01 17:41:23,569 - Knowledge - INFO - process ingested knowledge for /app/data/T0015/313236/b3143s4/Android-OSS/build-logic/convention/src/main/kotlin/com/google/samples/apps/nowinandroid/GradleManagedDevices.kt
2026-02-01 17:41:23,737 - Knowledge - INFO - [LLM_CALL] Completed: DesignSystemDetector.kt:chunk1, Duration: 9968ms, PromptTokens: 2816, CompletionTokens: 712, Cost: $0.00057
2026-02-01 17:41:23,744 - Knowledge - INFO - process ingested knowledge for /app/data/T0015/313236/b3143s4/Android-OSS/build-logic/convention/src/main/kotlin/com/google/samples/apps/nowinandroid/Graph.kt
2026-02-01 17:41:23,794 - Knowledge - INFO - process ingested knowledge for /app/data/T0015/313236/b3143s4/Android-OSS/lint/src/test/kotlin/com/google/samples/apps/nowinandroid/lint/TestMethodNameDetectorTest.kt
2026-02-01 17:41:23,885 - Knowledge - INFO - process ingested knowledge for /app/data/T0015/313236/b3143s4/Android-OSS/build-logic/convention/src/main/kotlin/com/google/samples/apps/nowinandroid/Spotless.kt
2026-02-01 17:41:23,963 - Knowledge - INFO - done ingest for /app/data/T0015/313236/b3143s4/Android-OSS/lint/src/main/kotlin/com/google/samples/apps/nowinandroid/lint/designsystem/DesignSystemDetector.kt
2026-02-01 17:41:24,051 - Knowledge - INFO - process ingested knowledge for /app/data/T0015/313236/b3143s4/Android-OSS/build-logic/convention/src/main/kotlin/com/google/samples/apps/nowinandroid/KotlinAndroid.kt
2026-02-01 17:41:24,240 - Knowledge - INFO - process ingested knowledge for /app/data/T0015/313236/b3143s4/Android-OSS/build-logic/convention/src/main/kotlin/com/google/samples/apps/nowinandroid/PrintTestApks.kt
2026-02-01 17:41:24,396 - Knowledge - INFO - Processing batch of 4 files
2026-02-01 17:41:24,548 - Knowledge - INFO - [WEBSOCKET] Sent: Type=progress_update, Size: 272, Duration: 0ms
2026-02-01 17:41:24,633 - Knowledge - INFO - process ingested knowledge for /app/data/T0015/313236/b3143s4/Android-OSS/build-logic/convention/src/main/kotlin/com/google/samples/apps/nowinandroid/Badging.kt
2026-02-01 17:41:24,689 - Knowledge - INFO - process ingested knowledge for /app/data/T0015/313236/b3143s4/Android-OSS/lint/src/test/kotlin/com/google/samples/apps/nowinandroid/lint/designsystem/DesignSystemDetectorTest.kt
2026-02-01 17:41:24,806 - Knowledge - INFO - [WEBSOCKET] Sent: Type=unknown, Size: ?, Duration: 258ms
2026-02-01 17:41:24,969 - Knowledge - INFO - process ingested knowledge for /app/data/T0015/313236/b3143s4/Android-OSS/lint/src/main/kotlin/com/google/samples/apps/nowinandroid/lint/TestMethodNameDetector.kt
2026-02-01 17:41:25,081 - Knowledge - INFO - Progress: 100.0% | Files: 484/484 | Rate: 1.97 files/sec | Queue: 0
2026-02-01 17:41:25,186 - Knowledge - INFO - process ingested knowledge for /app/data/T0015/313236/b3143s4/Android-OSS/lint/src/main/kotlin/com/google/samples/apps/nowinandroid/lint/NiaIssueRegistry.kt
2026-02-01 17:41:25,415 - Knowledge - INFO - process ingested knowledge for /app/data/T0015/313236/b3143s4/Android-OSS/lint/src/main/kotlin/com/google/samples/apps/nowinandroid/lint/designsystem/DesignSystemDetector.kt
2026-02-01 17:41:25,916 - Knowledge - INFO - Knowledge creation complete
2026-02-01 17:41:26,082 - Knowledge - INFO - ==================================================
2026-02-01 17:41:26,315 - Knowledge - INFO - KNOWLEDGE GRAPH GENERATION PERFORMANCE SUMMARY
2026-02-01 17:41:26,493 - Knowledge - INFO - ==================================================
2026-02-01 17:41:26,712 - Knowledge - INFO - Total processing time: 247.65 seconds (4.13 minutes)
2026-02-01 17:41:26,887 - Knowledge - INFO - Files processed: 0
2026-02-01 17:41:27,055 - Knowledge - INFO - Processing rate: 0.00 files/second
2026-02-01 17:41:27,228 - Knowledge - INFO - 
[TIME_BREAKDOWN]
2026-02-01 17:41:27,433 - Knowledge - INFO - File Reading: 0.00s (0.0%)
2026-02-01 17:41:27,603 - Knowledge - INFO - LLM Processing: 1493.28s (603.0%)
2026-02-01 17:41:27,784 - Knowledge - INFO - MongoDB Operations: 0.00s (0.0%)
2026-02-01 17:41:27,974 - Knowledge - INFO - Redis Operations: 0.00s (0.0%)
2026-02-01 17:41:28,186 - Knowledge - INFO - WebSocket Communication: 72.77s (29.4%)
2026-02-01 17:41:28,389 - Knowledge - INFO - 
[LLM_STATS]
2026-02-01 17:41:28,555 - Knowledge - INFO - Total LLM calls: 87
2026-02-01 17:41:28,715 - Knowledge - INFO - Average LLM response time: 17164ms
2026-02-01 17:41:28,958 - Knowledge - INFO - Average prompt tokens: 3504.2
2026-02-01 17:41:29,126 - Knowledge - INFO - Average completion tokens: 695.7
2026-02-01 17:41:29,307 - Knowledge - INFO - Total prompt tokens: 304866
2026-02-01 17:41:29,514 - Knowledge - INFO - Total completion tokens: 60523
2026-02-01 17:41:29,677 - Knowledge - INFO - Total LLM cost: $0.0547
2026-02-01 17:41:29,875 - Knowledge - INFO - 
[DATABASE_STATS]
2026-02-01 17:41:30,071 - Knowledge - INFO - MongoDB operations: 0
2026-02-01 17:41:30,233 - Knowledge - INFO - Redis operations: 0
2026-02-01 17:41:30,397 - Knowledge - INFO - 
[COMMUNICATION_STATS]
2026-02-01 17:41:30,553 - Knowledge - INFO - WebSocket messages sent: 48
2026-02-01 17:41:30,696 - Knowledge - INFO - Average message size: 147.2 bytes
2026-02-01 17:41:30,897 - Knowledge - INFO - 
[WORKER_STATS]
2026-02-01 17:41:31,094 - Knowledge - INFO - 
[FILE_TYPE_STATS]
2026-02-01 17:41:31,252 - Knowledge - INFO - 
[SLOWEST_FILES]
2026-02-01 17:41:31,416 - Knowledge - INFO - ==================================================
2026-02-01 17:41:31,620 - Knowledge - INFO - ==================================================
2026-02-01 17:41:31,850 - Knowledge - INFO - KNOWLEDGE GRAPH GENERATION PERFORMANCE SUMMARY
2026-02-01 17:41:32,026 - Knowledge - INFO - ==================================================
2026-02-01 17:41:32,226 - Knowledge - INFO - Total processing time: 253.24 seconds (4.22 minutes)
2026-02-01 17:41:32,446 - Knowledge - INFO - Files processed: 484 of 484
2026-02-01 17:41:32,620 - Knowledge - INFO - Processing rate: 1.91 files/second
2026-02-01 17:41:32,796 - Knowledge - INFO - WebSocket messages sent: 24
2026-02-01 17:41:32,973 - Knowledge - INFO - MongoDB operations: 484
2026-02-01 17:41:33,146 - Knowledge - INFO - Average MongoDB ops per file: 1.00
2026-02-01 17:41:33,321 - Knowledge - INFO - LLM costs: $0.0547
2026-02-01 17:41:33,499 - Knowledge - INFO - Prompt tokens: 304866
2026-02-01 17:41:33,653 - Knowledge - INFO - Completion tokens: 60523
2026-02-01 17:41:33,829 - Knowledge - INFO - Updating org costs, total cost: 0.05469580000000001
2026-02-01 17:41:34,967 - Knowledge - INFO - [WEBSOCKET] Sent: Type=progress_update, Size: 268, Duration: 0ms
2026-02-01 17:41:35,130 - Knowledge - INFO - Saving knowledge to Redis...
2026-02-01 17:41:35,700 - Knowledge - INFO - Knowledge saved to Redis successfully
